{"type":"FeatureCollection","features":[{"type":"Feature","properties":{"codeDepartement":"59","nomDepartement":"Nord","codeCirconscription":"5907","nomCirconscription":"7ème circonscription","codeCommune":"59646","nomCommune":"Wasquehal","numeroBureauVote":"0001","codeBureauVote":"59646_0001","id_bv":"59646_1"},"geometry":{"type":"MultiPolygon","coordinates":[[[[3.129681689783817,50.66838742577004],[3.129649786239803,50.6684777631736],[3.129557983902819,50.66860271635449],[3.129545277231831,50.66869661370242],[3.129658468058997,50.668716695945946],[3.12969152041273,50.66872539015205],[3.129714590687582,50.66872712181916],[3.129781713569166,50.668738546990504],[3.129863272870673,50.668762124605685],[3.130090164532053,50.66887712448885],[3.130093438366106,50.66888082334698],[3.130429065488029,50.668712403960896],[3.130503860734263,50.668595890250614],[3.130628528109408,50.668600470681326],[3.130858950943904,50.668558778666046],[3.130901755512056,50.668527615804656],[3.131041624153729,50.66837373334916],[3.131082319803107,50.668305876153994],[3.131084929688585,50.668112142347056],[3.131076074000705,50.66810162087865],[3.131037641042566,50.668060514839965],[3.131005475362426,50.66802964153091],[3.131017136811071,50.66789503509509],[3.130973546824292,50.66752043364626],[3.131086822125813,50.667403112798276],[3.131134331530141,50.66730175940237],[3.131182384745092,50.66727197202936],[3.131180501540831,50.667259260400606],[3.131182010408134,50.66702463153582],[3.131304016935444,50.66684963227442],[3.131240258667262,50.666697393144254],[3.131323547952972,50.66649147189517],[3.131264553921687,50.66625167601262],[3.131727759833797,50.66621801745152],[3.131811976253836,50.66619282885459],[3.131928009193762,50.66613640624371],[3.131986801593324,50.66609780070814],[3.131855798495491,50.665878361345385],[3.131869287101788,50.66573732258482],[3.131739450000015,50.665629125],[3.13155029151133,50.665426455190705],[3.131648844719408,50.6650411121471],[3.131701907977042,50.664933463325276],[3.131669974574136,50.6647732999366],[3.131671649876882,50.66465676168889],[3.131657370172849,50.664647629484925],[3.131602279368416,50.66460726884211],[3.131460965761162,50.664558721279],[3.131425320611904,50.66454391737711],[3.131251910315707,50.664403425645595],[3.131103611068701,50.66435839236641],[3.130910662527335,50.664240189656375],[3.130829655771434,50.664114510057146],[3.130636795993487,50.66373541229623],[3.130467610665089,50.66361982124636],[3.130108215650585,50.66395792508701],[3.130283087113635,50.66446708898548],[3.130332913424239,50.66448490942753],[3.130565955855526,50.66460507953302],[3.130652820525137,50.6647008533995],[3.130664593726681,50.66472657413261],[3.130696875399586,50.664903949776225],[3.130703440787671,50.66498624615246],[3.130169417051123,50.665218230657366],[3.130226107240048,50.66561007324322],[3.130188714362331,50.665737314731714],[3.130434024974769,50.66594013404164],[3.130613882986668,50.66648182405397],[3.130551579264506,50.666677093036846],[3.130504074892217,50.66672432864325],[3.130408007951353,50.666958859414684],[3.130351749196896,50.667034184585916],[3.130292070919106,50.66708888374638],[3.130255293697322,50.66710912380099],[3.13020069194921,50.667135004099755],[3.130152218747854,50.66715365103774],[3.130000308102891,50.66726057458868],[3.129909048164375,50.66731574455151],[3.129863147546136,50.66736629053352],[3.12980658827958,50.66741077143516],[3.129562723488422,50.667564204001565],[3.12955734216805,50.66756836590944],[3.1298033771754,50.667965337286546],[3.129758478697155,50.66825998354992],[3.129726715272853,50.66832971704464],[3.129681689783817,50.66838742577004]]],[[[3.129334293594104,50.66938714329742],[3.129289551464944,50.66939871697121],[3.129115921248987,50.66927747518248],[3.128980244897946,50.66926375510204],[3.128872761194076,50.669291440298494],[3.128846129995265,50.66930130370545],[3.128867141709603,50.66943218390198],[3.128723899051832,50.669585993641064],[3.12849076743381,50.669571308184814],[3.128338878560021,50.66965840530124],[3.128294235170821,50.66969503957741],[3.128200262578674,50.66971167341218],[3.128117301799525,50.6697469209971],[3.128127289801961,50.66992876139452],[3.127697518185735,50.67011719971856],[3.12758499921689,50.670191061863754],[3.127412815951028,50.67033161963182],[3.127215687116522,50.670515153374296],[3.127194501832792,50.670536654856285],[3.127198353993927,50.67055439159821],[3.127519962909316,50.67070064831821],[3.127899642200116,50.67075723513559],[3.128268322022421,50.67041205473538],[3.128729593516307,50.67035956522056],[3.128905470453289,50.67051695509315],[3.129188723878663,50.67057874401486],[3.129338983075388,50.67078550563679],[3.129693708765448,50.67089684289717],[3.129986701825139,50.67112352452604],[3.12998816043218,50.67112337827358],[3.130481081792362,50.67131535817175],[3.130606619326083,50.67142505954871],[3.130641809726944,50.671441334341424],[3.132060269713057,50.67240381328233],[3.132117188291684,50.67240564439137],[3.132273152593673,50.67240788286434],[3.1326310282337,50.67248541022997],[3.132895458871523,50.673264689921915],[3.133490932757928,50.67365691045342],[3.134402004224663,50.6745968631482],[3.135099068313993,50.67490397331134],[3.136672609231748,50.674701681549635],[3.136997722135772,50.6746397324143],[3.13727089996032,50.67456969080039],[3.137329,50.674535],[3.137549890132286,50.674317869699756],[3.137564,50.674304],[3.138114,50.673486],[3.137969,50.673383],[3.137646,50.673211],[3.137541,50.672998],[3.137272,50.672945],[3.136931,50.67275],[3.136636,50.672653],[3.136419,50.672497],[3.136341,50.672351],[3.136213,50.671982],[3.136048,50.671426],[3.1358,50.671258],[3.135722480936471,50.67076739277243],[3.135682762149922,50.67051601817031],[3.135651,50.670315],[3.136157,50.669981],[3.136196212327716,50.669980833611056],[3.136864,50.669978],[3.136058,50.669279],[3.136268,50.669137],[3.137351,50.668844],[3.137382654517586,50.668831876993266],[3.137291388770046,50.66875320742741],[3.137255573767055,50.66872432533709],[3.137065110052982,50.668579460973746],[3.137026989688116,50.66855258813702],[3.136836806153413,50.66842919319391],[3.136702991955528,50.668350844732316],[3.136610628636582,50.66830708424723],[3.136404368318417,50.66822437282316],[3.136382005988028,50.668217087254064],[3.136247167080224,50.66818241439207],[3.136172866909557,50.66816887596616],[3.135955903612689,50.668149639040855],[3.13574767653783,50.66820346823424],[3.13572065755646,50.668188860799084],[3.135534714899715,50.66813214469914],[3.135525681628253,50.66813216412554],[3.135388065063702,50.66809473865755],[3.135352023972612,50.66809297517909],[3.135214998411671,50.66802509095624],[3.135155199801196,50.66791990947174],[3.135147891286973,50.66791799533707],[3.134799248754898,50.66796893853811],[3.134737302383396,50.66820113751771],[3.134737095858127,50.66824987748189],[3.134662817785519,50.668269478639935],[3.134300396782439,50.668198251390784],[3.133978781925346,50.668411861258534],[3.134013505518892,50.66852069640249],[3.133915454786812,50.66895038931662],[3.13365295089868,50.668979406455925],[3.133547335676512,50.669038012853],[3.133384981681805,50.669199183940655],[3.133204565918035,50.66942479331522],[3.133182000867282,50.66955821071913],[3.133127385912806,50.66968162488005],[3.132908866894204,50.66964910111912],[3.132752836309525,50.66964950429895],[3.132449469866661,50.66955451076633],[3.132192606901811,50.66919911348381],[3.131768958096579,50.6693804699929],[3.131604665803541,50.669471926036024],[3.131525249660172,50.669445557092615],[3.131487117038553,50.66934144071959],[3.131465593276692,50.66925409955963],[3.131453139774439,50.66918035913684],[3.131451717748076,50.66916672984518],[3.131296477528094,50.66900286516854],[3.131168578740155,50.66894690944882],[3.130880382668532,50.66899678953813],[3.130872123092574,50.66901767446593],[3.130844652816621,50.66906683180184],[3.130784200495055,50.66914353217821],[3.130661888791306,50.66924385526107],[3.130550962000037,50.66937957371341],[3.13049350130012,50.66933693567812],[3.130187954086129,50.66922831922663],[3.130090394868095,50.669275887603824],[3.129932743998902,50.66931658352587],[3.129900546079952,50.669329525062295],[3.129878858604098,50.66934198977136],[3.129766222893866,50.669316524306446],[3.129712961515051,50.669329932765436],[3.129616251442512,50.6693288253982],[3.129418329727418,50.66922762560722],[3.129334293594104,50.66938714329742]]]]}},{"type":"Feature","properties":{"codeDepartement":"59","nomDepartement":"Nord","codeCirconscription":"5907","nomCirconscription":"7ème circonscription","codeCommune":"59646","nomCommune":"Wasquehal","numeroBureauVote":"0010","codeBureauVote":"59646_0010","id_bv":"59646_10"},"geometry":{"type":"MultiPolygon","coordinates":[[[[3.137762441279126,50.67955943182755],[3.137691052810931,50.679734121829185],[3.137672193046177,50.67976924597822],[3.137652910520801,50.679855660258625],[3.13756078155574,50.68041757661803],[3.137611775551706,50.680491989052356],[3.137629702545685,50.68060535835231],[3.137545487367258,50.68094342214001],[3.137544244493392,50.68098048237885],[3.137544251418256,50.68098054383702],[3.137597999636716,50.681020404093],[3.137663691930452,50.681049755968914],[3.137687682426074,50.68105277153401],[3.137823607606761,50.681120287002045],[3.137833118853919,50.68113576052354],[3.137963980155292,50.681199422778256],[3.138015077021173,50.68120994720734],[3.138039928164199,50.68123324515393],[3.138134429451279,50.68128660302351],[3.138263485713206,50.68140771736164],[3.138359785545152,50.68133844445798],[3.138435321740087,50.68126552115029],[3.138556072802756,50.68124314921944],[3.138699537776188,50.68139190322416],[3.138745889109084,50.681384704721694],[3.138841163498593,50.68139783141536],[3.139113090771154,50.68156245765605],[3.13914179594431,50.6815469546713],[3.139276193370772,50.68163274809697],[3.139387420062922,50.68177804422635],[3.139382112441271,50.68198386199962],[3.139475776811216,50.68214467388593],[3.13952860194579,50.68229555765354],[3.139556284474847,50.68249650024681],[3.139565238183847,50.68262371752883],[3.13956717720598,50.682694685738895],[3.139570155543295,50.6827322222441],[3.13957468394926,50.682841421519356],[3.139575453248804,50.682939672061195],[3.139575531674195,50.68293969457014],[3.139644188999957,50.682961656999986],[3.139712168551544,50.68298569660722],[3.139724674013024,50.68299084768425],[3.140046341457877,50.683150770454205],[3.140261591239994,50.68333439362359],[3.140356911190154,50.683427088081615],[3.14046040932063,50.68353906696584],[3.140593188732309,50.68354459648751],[3.140639578173055,50.68355169744101],[3.141203135366467,50.6839326385404],[3.141207762484575,50.683984270407144],[3.141190855959378,50.68443060267237],[3.141171130557348,50.684582291013996],[3.141209715303478,50.68465921076681],[3.141214403432486,50.68466605973157],[3.141258119368099,50.68494489651004],[3.141429282719195,50.68506384053368],[3.141438556148328,50.68507735324471],[3.141551149772871,50.685173802930436],[3.141731043301492,50.685199565460465],[3.141768527079473,50.68519716777743],[3.141802768112587,50.685202601822844],[3.141833029103444,50.68523250511877],[3.14196850852779,50.6853233822635],[3.142026531078934,50.68537853628403],[3.142054439147277,50.6853823283727],[3.142150462962958,50.68557368518516],[3.142226026912188,50.68566668696884],[3.142300445205471,50.68571235273972],[3.142325136834824,50.68574115964064],[3.142345464041361,50.6857467852513],[3.142427483644755,50.68579563248177],[3.142487492381921,50.68586609217877],[3.142505317336732,50.68590110548286],[3.142809314974549,50.685893079142595],[3.142969875959579,50.68584121835932],[3.143085057251958,50.68579432311885],[3.143157561179699,50.68575958497324],[3.143187362957869,50.685768274670075],[3.143232719953099,50.685778373348484],[3.143279491990621,50.685794776811875],[3.14335504580972,50.68581627530769],[3.143400723948232,50.685826488061785],[3.1434314071316,50.68583675096663],[3.14351560512556,50.6858598914749],[3.143570139299322,50.68587185072353],[3.143591795401819,50.68587855461106],[3.143648874623792,50.685893202496175],[3.143668472603402,50.68592111971329],[3.14370641508398,50.68597001289853],[3.143769112240332,50.68599306332366],[3.143899193638872,50.686049931010025],[3.143971077391623,50.68607289931925],[3.144116607257221,50.686131935019446],[3.14413264667276,50.68612657656],[3.144360147949947,50.6860738920537],[3.144515600070628,50.686066894209034],[3.144694017062354,50.68602953613857],[3.144721263821734,50.686041696604995],[3.144790332903244,50.68611298350104],[3.144998908317646,50.68611440722401],[3.145051560674279,50.68609757071462],[3.144979387656959,50.68574485419449],[3.144988283810629,50.685549633044175],[3.144984960437329,50.68554692130147],[3.144919309145123,50.68547164115307],[3.144910189773365,50.68545708806789],[3.14486000804215,50.68531524597892],[3.144855991683352,50.68529768255044],[3.144842770638343,50.68519768337364],[3.145153985333733,50.68493964711165],[3.145380944781727,50.684868910858285],[3.145453494947068,50.684858437737304],[3.14550133897025,50.68485691516129],[3.145547415977804,50.68487592854717],[3.145651915522027,50.684955053528434],[3.1457937345294,50.68491422385593],[3.146086743717891,50.68490551153264],[3.146382662374658,50.68508621595831],[3.146526212253851,50.68504946373019],[3.146752583358931,50.68478367742093],[3.146544,50.684433],[3.146966,50.684219],[3.146616392335092,50.68379360019721],[3.146388562344086,50.68351637849136],[3.146260521468081,50.683360579380334],[3.146168,50.683248],[3.14614936964802,50.683221630272676],[3.145978332705981,50.682979541581695],[3.145962156294215,50.68295664520444],[3.145778403528642,50.68269655831356],[3.145701,50.682587],[3.145323438661238,50.68237392840356],[3.144779441416896,50.68206693097184],[3.144714,50.68203],[3.14443304478581,50.68172913457378],[3.144343685678858,50.68163344293169],[3.144253841356159,50.68153723168849],[3.144206,50.681486],[3.144321508437636,50.681438408540714],[3.144439,50.68139],[3.14438384053302,50.68134737677551],[3.144197,50.681203],[3.144091791004106,50.68112747152359],[3.143845601017703,50.680950734216836],[3.143624018624319,50.680791662452776],[3.14355666601231,50.68074331069232],[3.143459161295342,50.68067331304],[3.143325,50.680577],[3.143273533735095,50.68055473700975],[3.143237435181774,50.680539121698594],[3.143192755537842,50.68051979442705],[3.142754,50.68033],[3.141918685508454,50.68067821707109],[3.141903881916703,50.68068438823586],[3.141560837005435,50.68082739317048],[3.141521,50.680844],[3.141439868030031,50.68077734262668],[3.141291029643086,50.680655058206305],[3.141133518650074,50.680525648442604],[3.140977794601999,50.680397706818475],[3.14089203813746,50.68032724999766],[3.140857166726974,50.68029859992756],[3.140754329137219,50.680214109391784],[3.140744167608271,50.68020576076142],[3.140673322739416,50.68014755518755],[3.140493507796453,50.67999982067815],[3.140428,50.679946],[3.14060571263352,50.679852964347276],[3.140917,50.67969],[3.1407724980939,50.67963467161237],[3.140691905446535,50.67960381346416],[3.140505749806212,50.67953253626301],[3.140368900350601,50.67948013792494],[3.14021473939806,50.67942111118148],[3.139713,50.679229],[3.139383622667773,50.67909502707717],[3.13883065191441,50.67910487642901],[3.138434506480103,50.6791947344342],[3.1383739723585,50.679201760386],[3.138293558378624,50.67920758678814],[3.138231540287788,50.679220387033624],[3.138149764806444,50.67923323547851],[3.138094282968612,50.67923974279802],[3.138049919475699,50.67924703108614],[3.138032105678077,50.67924931662998],[3.137921802420979,50.6792585765127],[3.137834223484453,50.6792623370154],[3.137780624114836,50.67950040613979],[3.137762441279126,50.67955943182755]]],[[[3.13761247995174,50.68369498524225],[3.137551770718242,50.68365029650093],[3.137535095307916,50.68363479692082],[3.137463915094349,50.683588084905665],[3.137440318295724,50.6835749619883],[3.137224491053095,50.68347669917864],[3.137121022876754,50.68346439349748],[3.136992508640437,50.68354313632435],[3.136897558417695,50.68361684462685],[3.13719129784649,50.684291137161786],[3.137214937199094,50.68436183114991],[3.137243780304128,50.68447127470957],[3.137272723223533,50.68462983157239],[3.137275804006094,50.684662872965376],[3.137385048523718,50.68466453799613],[3.13789601621088,50.685324013533254],[3.13789531235863,50.685415690288636],[3.137995652626577,50.6855376829302],[3.138174525436724,50.68554090586372],[3.138422143270252,50.68538938733225],[3.138496777219538,50.68525457319146],[3.138553531972609,50.68525919157101],[3.138707777930831,50.68523594005713],[3.138730076020614,50.685226934016],[3.13886700527242,50.68513496660808],[3.138953724956369,50.685099736736476],[3.139120471477732,50.68509718820886],[3.139149540052514,50.68507136419024],[3.13925562091813,50.68500943137719],[3.139465188370685,50.68494914970725],[3.139731061465709,50.684963618991326],[3.139742608150484,50.68496092476488],[3.139849346831676,50.68494879785228],[3.139850978226792,50.68494880558402],[3.139896744854446,50.68477061774943],[3.140237643424506,50.683896984151666],[3.139680991649228,50.684084084226456],[3.139197388871703,50.68399551743872],[3.139168959294357,50.68398514819674],[3.139070220149251,50.6840907761194],[3.139048024647494,50.68410088780194],[3.138740608775916,50.683960463268015],[3.138726385809846,50.68394694067527],[3.138575179016002,50.68388309780676],[3.138442610169486,50.683903],[3.1383807107438,50.683903],[3.138331043466139,50.683915442527116],[3.13823441106702,50.68366998212646],[3.138078185956252,50.68364561100917],[3.138006760770354,50.68359185415875],[3.137970897153902,50.68357939943001],[3.137871868300857,50.683585728341676],[3.137657872916077,50.68372205132754],[3.13761247995174,50.68369498524225]]],[[[3.133771186692509,50.68767362661498],[3.133861115682496,50.68768765453543],[3.134063512753164,50.68778920815335],[3.134252899540824,50.68749673741797],[3.134292503990923,50.68750611075265],[3.134319832781181,50.687520948353416],[3.134393683337048,50.68752742292271],[3.134551688334304,50.68749725368375],[3.134653082582578,50.68741136186186],[3.134737958515283,50.68727741703056],[3.134740839351259,50.68726682222056],[3.134838314910977,50.68722236683977],[3.134944397694353,50.6871491133704],[3.134953847500965,50.68713567557202],[3.135030730618049,50.68698340511835],[3.135065744945889,50.68685372242262],[3.134966411124922,50.68671165195774],[3.134747261167957,50.68661984589468],[3.134686013039908,50.68654404637553],[3.134319451585977,50.686411676961605],[3.134229776369885,50.686427928402324],[3.134187660837771,50.68645178989361],[3.134154385068963,50.68649212415883],[3.134118945712776,50.6865072425025],[3.133638874424861,50.68651717501189],[3.13358938961804,50.68649668830187],[3.133434114476585,50.68646227448506],[3.133411741496602,50.68652263492062],[3.133067918813977,50.68692376138369],[3.133048135852868,50.6869303090186],[3.133104124233129,50.687348575153365],[3.133463141339341,50.68727677173212],[3.133477923606726,50.68728646368706],[3.133530330427895,50.68739331537243],[3.1335655,50.68761072727271],[3.1335655,50.6877104082353],[3.133771186692509,50.68767362661498]]],[[[3.138230374922874,50.68617638740427],[3.138187452566622,50.68626411722026],[3.138200228090015,50.686406951760496],[3.137450391610118,50.68673045980701],[3.137046534097015,50.68710625985077],[3.137122755931359,50.68719314453975],[3.137179213965414,50.68725181089544],[3.137251905382119,50.68732073083137],[3.137540979589829,50.68746016662569],[3.137684037709176,50.68758185963714],[3.13773643017406,50.68762945883753],[3.137997106711445,50.68789721657118],[3.138090103120754,50.68794741078697],[3.138164743783181,50.68801855266834],[3.138360722521053,50.68815897184866],[3.138525297258238,50.68826375184033],[3.139045758038974,50.6874689687708],[3.139292623489405,50.6874171108206],[3.139399907775434,50.68743584953467],[3.139475519616658,50.68734264248513],[3.13963890544803,50.68724298568221],[3.139736941213541,50.68715915396229],[3.13979797074576,50.68714681465796],[3.139934649313132,50.68652105736154],[3.13976650646103,50.686412144185084],[3.139682948205632,50.68636731292951],[3.139670093373494,50.68636224890471],[3.139626481781383,50.686327518218626],[3.139548781536808,50.68627069537621],[3.139343990084499,50.68632802754547],[3.138965259036631,50.686184394303694],[3.138954884546302,50.686175336842204],[3.138895592559871,50.686105925690086],[3.138849491433013,50.6860319813084],[3.138827669510183,50.68598436984039],[3.138594483774159,50.6859694220368],[3.138314795741434,50.68615209650836],[3.138230374922874,50.68617638740427]]],[[[3.141578985438593,50.68962981370142],[3.142224470128861,50.6899638346769],[3.142842896102389,50.689688638940844],[3.143113618437523,50.689393253744065],[3.143190980275339,50.68907368428318],[3.14320042699685,50.68894108030347],[3.143193798361079,50.68870884947785],[3.143129265564528,50.688419333488945],[3.143069782250532,50.68829679033259],[3.143018599311703,50.68820501917405],[3.142961796735897,50.68813685608307],[3.142925687432383,50.68809890935926],[3.142838078652567,50.6880198256574],[3.142828056564484,50.68800761865911],[3.142775543068135,50.687976204335406],[3.142688678523407,50.687908186141605],[3.142620074103516,50.68781758641152],[3.142581937922699,50.68780151564636],[3.1425543247828,50.68778499889787],[3.142512375195572,50.68775244880319],[3.142400055126174,50.68763630274605],[3.142320894267873,50.687529731618255],[3.142315443403293,50.687519661676866],[3.142194165275928,50.68720473781528],[3.14214381279356,50.687208150704556],[3.142094593977167,50.687213920846375],[3.142051749241077,50.68722110544423],[3.141987273895976,50.68723532101144],[3.141938900428908,50.68724857472256],[3.141896845800116,50.68726244039452],[3.141869160002103,50.6872549194494],[3.141816144996337,50.68724601059167],[3.141751902111313,50.68722983090212],[3.141697764725239,50.68722272537019],[3.1416718840342,50.68720237779242],[3.141581428765052,50.687141850103],[3.14151633938393,50.68710722255225],[3.141448330472101,50.68708179313304],[3.14139801652893,50.68707268870524],[3.141191861146909,50.687117620006454],[3.141191453494295,50.68717448754583],[3.141065940340415,50.68733093704047],[3.140955465707621,50.68758970645063],[3.140886608345125,50.687602126346235],[3.140858912229746,50.6875858054211],[3.140296307405806,50.68782870123071],[3.14027337399771,50.68796781377214],[3.140195829040249,50.68806623621814],[3.139888548798042,50.68808888333817],[3.139107973735463,50.68899830930822],[3.13919933224659,50.689172461470065],[3.139584968735421,50.68956300011766],[3.140028355079796,50.689801807488315],[3.140219336144889,50.68980321373037],[3.140396338445166,50.689796534398305],[3.140464907482435,50.68979183265784],[3.140792012216774,50.689760279876374],[3.140947196021945,50.68970327249228],[3.141383837109939,50.689616700726994],[3.141548765900992,50.689615266133444],[3.141578985438593,50.68962981370142]]]]}},{"type":"Feature","properties":{"codeDepartement":"59","nomDepartement":"Nord","codeCirconscription":"5907","nomCirconscription":"7ème circonscription","codeCommune":"59646","nomCommune":"Wasquehal","numeroBureauVote":"0011","codeBureauVote":"59646_0011","id_bv":"59646_11"},"geometry":{"type":"MultiPolygon","coordinates":[[[[3.143684356827375,50.686145649061515],[3.143678714523017,50.686256614380596],[3.143679812736683,50.68638927859128],[3.143692124627896,50.6865076455454],[3.14371953633473,50.68661913517656],[3.143785858156732,50.68679909377894],[3.143617425080739,50.68699013042791],[3.143642115048741,50.68708413078798],[3.143492805647846,50.68726633887043],[3.143485254980074,50.68728121812749],[3.143447304369865,50.68733927689685],[3.143431964439528,50.687373179431965],[3.143414965587045,50.687402981217645],[3.143407529401784,50.68741214309992],[3.143371972102242,50.68746788156946],[3.143358949615644,50.68748473977029],[3.143352941361878,50.68748211193035],[3.143252434834988,50.68745416938301],[3.143118280666121,50.687441088591015],[3.14298646824135,50.68748955929748],[3.142878287798066,50.68748127881911],[3.142553962394209,50.686998033967356],[3.142508123897743,50.687014016159715],[3.142437166749229,50.6870429418607],[3.142346693153697,50.68709122891112],[3.142262448149254,50.68714782944703],[3.142203299093654,50.68719648791542],[3.142194165275928,50.68720473781528],[3.142315443403293,50.687519661676866],[3.142320894267873,50.687529731618255],[3.142400055126174,50.68763630274605],[3.142512375195572,50.68775244880319],[3.1425543247828,50.68778499889787],[3.142581937922699,50.68780151564636],[3.142620074103516,50.68781758641152],[3.142688678523407,50.687908186141605],[3.142775543068135,50.687976204335406],[3.142828056564484,50.68800761865911],[3.142838078652567,50.6880198256574],[3.142925687432383,50.68809890935926],[3.142961796735897,50.68813685608307],[3.143018599311703,50.68820501917405],[3.143069782250532,50.68829679033259],[3.143129265564528,50.688419333488945],[3.143193798361079,50.68870884947785],[3.14320042699685,50.68894108030347],[3.143190980275339,50.68907368428318],[3.143113618437523,50.689393253744065],[3.143852272609333,50.68923897787273],[3.14388328576516,50.689241337930675],[3.143989558986672,50.68925444337279],[3.144119057573798,50.68928329128327],[3.144128100985702,50.68928615899678],[3.144188930061369,50.689293707770965],[3.14427681818184,50.68931455303031],[3.144298111111108,50.68931810185185],[3.144326813477534,50.689325663227955],[3.144371827066912,50.689334847986075],[3.144391539513668,50.68934066413374],[3.144441453635402,50.68934854531084],[3.144501816463079,50.68936507156066],[3.144549315366264,50.689383853014725],[3.144555627311305,50.689383796150345],[3.144610275841541,50.689388681946106],[3.144656632508836,50.68939802120141],[3.144971612765962,50.6895073531915],[3.144980374149661,50.68951444574021],[3.14502953464567,50.689616810236224],[3.145022157239715,50.68973326785878],[3.14543658211474,50.68974026827897],[3.145631235010029,50.68965730147114],[3.145671521274579,50.689782350036296],[3.145701698950083,50.68983512062394],[3.145777673114518,50.6899171345755],[3.145914265675359,50.690001329334315],[3.145971692797772,50.69001294831024],[3.146050570766702,50.690040068151255],[3.146058375000029,50.690041],[3.146152885285586,50.690060896902224],[3.146194641659908,50.690073649721604],[3.146194670195607,50.690073639140955],[3.146480354435811,50.689816685953375],[3.146499176039339,50.68978893135921],[3.146408,50.689695],[3.146596494914661,50.689645423613705],[3.146601511988305,50.68963802536824],[3.146884348788639,50.689499258563075],[3.146907386093307,50.68951088289112],[3.146907711710245,50.68951106403829],[3.146949401005183,50.689552605148535],[3.147734386644558,50.68934614466461],[3.147849,50.689316],[3.147867501494614,50.68931093431426],[3.148020625385879,50.689269009187186],[3.148091352515618,50.689249644188834],[3.148167347156143,50.689228836952715],[3.148451637726206,50.68915099855547],[3.148762287050269,50.68906594316484],[3.148952,50.689014],[3.149328919949963,50.68889095296193],[3.149420311375206,50.6888611178625],[3.149485,50.68884],[3.149339507845939,50.6885846847361],[3.14933,50.688568],[3.149334189043525,50.688566488833104],[3.149456855861404,50.68852223767334],[3.14955313413195,50.688487505989535],[3.149707,50.688432],[3.14951982527798,50.68823768958476],[3.14950330836009,50.688220542989654],[3.149366,50.688078],[3.149175538520242,50.687783054591065],[3.148872,50.687313],[3.148777232788007,50.68717399311796],[3.148641594988451,50.686975036250836],[3.148498920639784,50.686765758000064],[3.14845,50.686694],[3.148433,50.686635],[3.14826069838477,50.68647481171045],[3.148164271110216,50.6863851635655],[3.147972779423798,50.68620713432491],[3.147774143239106,50.686022462865935],[3.147608,50.685868],[3.147281946203257,50.6854907436811],[3.147160605890142,50.68535034844474],[3.146933,50.685087],[3.146752583358931,50.68478367742093],[3.146526212253851,50.68504946373019],[3.146382662374658,50.68508621595831],[3.146086743717891,50.68490551153264],[3.1457937345294,50.68491422385593],[3.145651915522027,50.684955053528434],[3.145547415977804,50.68487592854717],[3.14550133897025,50.68485691516129],[3.145453494947068,50.684858437737304],[3.145380944781727,50.684868910858285],[3.145153985333733,50.68493964711165],[3.144842770638343,50.68519768337364],[3.144855991683352,50.68529768255044],[3.14486000804215,50.68531524597892],[3.144910189773365,50.68545708806789],[3.144919309145123,50.68547164115307],[3.144984960437329,50.68554692130147],[3.144988283810629,50.685549633044175],[3.144979387656959,50.68574485419449],[3.145051560674279,50.68609757071462],[3.144998908317646,50.68611440722401],[3.144790332903244,50.68611298350104],[3.144721263821734,50.686041696604995],[3.144694017062354,50.68602953613857],[3.144515600070628,50.686066894209034],[3.144360147949947,50.6860738920537],[3.14413264667276,50.68612657656],[3.144116607257221,50.686131935019446],[3.143971077391623,50.68607289931925],[3.143899193638872,50.686049931010025],[3.143769112240332,50.68599306332366],[3.14370641508398,50.68597001289853],[3.143701305699566,50.685999516712265],[3.143684356827375,50.686145649061515]]],[[[3.144150025013056,50.69094506074603],[3.14415036818994,50.69094517484577],[3.144205952757582,50.690948604531854],[3.144284212153749,50.69096138157614],[3.144284711597713,50.690957665713036],[3.144289185554671,50.69088565631056],[3.144287606971796,50.690816875199594],[3.144279854378095,50.69076030221854],[3.144130716756043,50.69020569668656],[3.143905388457562,50.690182165566775],[3.143864144596729,50.690175774472635],[3.142842896102389,50.689688638940844],[3.142224470128861,50.6899638346769],[3.142325040512436,50.6904437880557],[3.14235929681084,50.69049548885435],[3.142387920040369,50.69053631174161],[3.142497753458529,50.69067828924034],[3.142957879339829,50.69117912742833],[3.143156282424624,50.69143639322929],[3.144004647025987,50.69091402058123],[3.144150025013056,50.69094506074603]]]]}},{"type":"Feature","properties":{"codeDepartement":"59","nomDepartement":"Nord","codeCirconscription":"5907","nomCirconscription":"7ème circonscription","codeCommune":"59646","nomCommune":"Wasquehal","numeroBureauVote":"0012","codeBureauVote":"59646_0012","id_bv":"59646_12"},"geometry":{"type":"Polygon","coordinates":[[[3.144188930061369,50.689293707770965],[3.144128100985702,50.68928615899678],[3.144119057573798,50.68928329128327],[3.143989558986672,50.68925444337279],[3.14388328576516,50.689241337930675],[3.143852272609333,50.68923897787273],[3.143113618437523,50.689393253744065],[3.142842896102389,50.689688638940844],[3.143864144596729,50.690175774472635],[3.143905388457562,50.690182165566775],[3.144130716756043,50.69020569668656],[3.144279854378095,50.69076030221854],[3.144287606971796,50.690816875199594],[3.144289185554671,50.69088565631056],[3.144284711597713,50.690957665713036],[3.144284212153749,50.69096138157614],[3.144205952757582,50.690948604531854],[3.14415036818994,50.69094517484577],[3.144150025013056,50.69094506074603],[3.144004647025987,50.69091402058123],[3.143156282424624,50.69143639322929],[3.143177418353598,50.69147420613677],[3.143352057819733,50.69166127545816],[3.143514233153237,50.69175846141168],[3.143619353110579,50.69183362915635],[3.143855084694759,50.69197688950989],[3.14397034079648,50.69201879402906],[3.144307969122588,50.69211047487643],[3.144316622400035,50.692121522542685],[3.14431837935916,50.69219572822804],[3.144330973159944,50.6923214782687],[3.144591633143394,50.693191953892445],[3.14479,50.693182],[3.145782775956282,50.693182],[3.145897130434783,50.693182],[3.146042110909077,50.693182],[3.146223,50.693182],[3.146602,50.693172],[3.146649233698272,50.69324210250241],[3.146816531100483,50.69349039909936],[3.146823,50.6935],[3.146878657689794,50.69354724897407],[3.146962938296912,50.69361879653982],[3.147028159787406,50.69367416442384],[3.147073381486438,50.69371255406762],[3.147150266076656,50.69377782300033],[3.147225244682881,50.693841473903454],[3.14724,50.693854],[3.147347234397443,50.69390280327067],[3.147458934826923,50.69395363906984],[3.147545737768775,50.693993143814275],[3.147661860369288,50.69404599218045],[3.147777905375318,50.69409880523273],[3.147867546289409,50.69413960156205],[3.147886,50.694148],[3.14791272686169,50.69416391695266],[3.147959272427068,50.69419163676389],[3.14797161528773,50.694198987448424],[3.148108549363588,50.694280537359845],[3.1482,50.694335],[3.148416208812269,50.69420295818965],[3.14848,50.694164],[3.148524051719981,50.694128789646356],[3.14871876234485,50.693973158266616],[3.148764,50.693937],[3.148944265687495,50.69382602719238],[3.14905104693451,50.69376029191604],[3.14911,50.693724],[3.149165,50.693764],[3.149411474520588,50.69366213873508],[3.149546740419501,50.69360623699104],[3.149828,50.69349],[3.14957607722405,50.69321337891268],[3.149573,50.69321],[3.14950211823396,50.69310434103789],[3.149306,50.692812],[3.149066358981252,50.69251055283243],[3.148924340489039,50.69233190615314],[3.148878463309383,50.6922741967262],[3.148816914339263,50.692196773575496],[3.148784118500079,50.69215551931576],[3.148750633878177,50.6921133986284],[3.148713455456707,50.692066631468485],[3.148693472432409,50.69204149459456],[3.148674,50.692017],[3.148666398078613,50.6920088856684],[3.148617187993301,50.69195635855979],[3.148577677112412,50.691914184433934],[3.148563133824897,50.69189866085095],[3.147797826145891,50.69108176733578],[3.147591,50.690861],[3.147475617006328,50.69074956172406],[3.147354262886603,50.69063235646313],[3.14712927154629,50.69041505713445],[3.146947933562725,50.69023991874007],[3.146772,50.69007],[3.146499176039339,50.68978893135921],[3.146480354435811,50.689816685953375],[3.146194670195607,50.690073639140955],[3.146194641659908,50.690073649721604],[3.146152885285586,50.690060896902224],[3.146058375000029,50.690041],[3.146050570766702,50.690040068151255],[3.145971692797772,50.69001294831024],[3.145914265675359,50.690001329334315],[3.145777673114518,50.6899171345755],[3.145701698950083,50.68983512062394],[3.145671521274579,50.689782350036296],[3.145631235010029,50.68965730147114],[3.14543658211474,50.68974026827897],[3.145022157239715,50.68973326785878],[3.14502953464567,50.689616810236224],[3.144980374149661,50.68951444574021],[3.144971612765962,50.6895073531915],[3.144656632508836,50.68939802120141],[3.144610275841541,50.689388681946106],[3.144555627311305,50.689383796150345],[3.144549315366264,50.689383853014725],[3.144501816463079,50.68936507156066],[3.144441453635402,50.68934854531084],[3.144391539513668,50.68934066413374],[3.144371827066912,50.689334847986075],[3.144326813477534,50.689325663227955],[3.144298111111108,50.68931810185185],[3.14427681818184,50.68931455303031],[3.144188930061369,50.689293707770965]],[[3.146094614415321,50.69050634173389],[3.146113439760575,50.690343188741736],[3.146283001803001,50.69054207354336],[3.146190251289174,50.69063083478778],[3.146145035267292,50.69062585034442],[3.146107203904835,50.690563749806046],[3.146094614415321,50.69050634173389]]]}},{"type":"Feature","properties":{"codeDepartement":"59","nomDepartement":"Nord","codeCirconscription":"5907","nomCirconscription":"7ème circonscription","codeCommune":"59646","nomCommune":"Wasquehal","numeroBureauVote":"0013","codeBureauVote":"59646_0013","id_bv":"59646_13"},"geometry":{"type":"Polygon","coordinates":[[[3.128988960986292,50.66076943212324],[3.128893931525869,50.66076075723473],[3.128611907060417,50.66110229144976],[3.1284872906621,50.661054124726334],[3.128189845265275,50.66114238896932],[3.127963290296332,50.66144490648665],[3.12764669087228,50.66100761446448],[3.126841731399112,50.66117851881122],[3.126890888186052,50.661291015615745],[3.127535864391732,50.66214547870227],[3.127537315154196,50.66240139320034],[3.127666843552007,50.6626348471458],[3.127580029452369,50.66279982056521],[3.127313722509574,50.66313405926548],[3.126795839899692,50.663334773028296],[3.126321739410758,50.663358565096885],[3.126193549319543,50.663241476918884],[3.125738323245328,50.66361444679652],[3.125711487191655,50.66368228237666],[3.125725147759678,50.66404770257137],[3.125758864847897,50.66405977772236],[3.125924799720109,50.66407926473581],[3.126014419473603,50.66406967973543],[3.126358597918695,50.663984407517454],[3.126434709400088,50.66407157149119],[3.126656383127446,50.66418938012165],[3.126694567231722,50.664195765423365],[3.126972444671803,50.66406435339825],[3.127145319884437,50.66404785589813],[3.127339513815194,50.66399195953698],[3.127386104692283,50.66401767966543],[3.127571836731908,50.66401899318763],[3.127625976907492,50.66401451424713],[3.127890995773436,50.66394856673952],[3.128015602813616,50.66397461165367],[3.128089143296506,50.66393961282531],[3.128406700588794,50.66397095071599],[3.128471735798276,50.66394759068292],[3.128676830636235,50.6639332739978],[3.128870415765746,50.66383487890714],[3.128937908828375,50.66383854067625],[3.12907078106851,50.66380031486848],[3.129203351680299,50.66388830421259],[3.129858377813917,50.66400317819871],[3.129926861570516,50.66396937378924],[3.130108215650585,50.66395792508701],[3.130467610665089,50.66361982124636],[3.130636795993487,50.66373541229623],[3.131217790597688,50.66379328480563],[3.131495736178223,50.66365122373113],[3.131549490464691,50.66367466487593],[3.131911993404903,50.66364069681126],[3.132009987837725,50.66374041717343],[3.132431947045173,50.66372283553979],[3.132634412015587,50.663841321200096],[3.132849007465476,50.663645886058234],[3.133128500380535,50.66352919056277],[3.133537521067776,50.66348860887579],[3.133789379564841,50.66304821630377],[3.133837539975666,50.66305177012543],[3.134254868263197,50.66324995342179],[3.134510747201827,50.66329984625105],[3.134709225763835,50.663386052038064],[3.134742798334835,50.663380336793104],[3.135008742861323,50.6634004939577],[3.135081916821496,50.66342957591623],[3.13524763554553,50.66345918560179],[3.13542405219266,50.66344577380991],[3.135860278003276,50.663297560589385],[3.135973,50.663053],[3.135412011240786,50.66264610397197],[3.135206447724422,50.662497004766436],[3.135007042924989,50.66235237259774],[3.134821881905839,50.66221807171916],[3.134332504382608,50.66186311670957],[3.134251,50.661804],[3.134089064006325,50.661797129988145],[3.134086,50.661797],[3.133867713916477,50.66163837877931],[3.133786,50.661579],[3.133520116810993,50.66114483631162],[3.133391,50.660934],[3.133388320694181,50.66092745631079],[3.133131,50.660299],[3.132846,50.660532],[3.132621403219029,50.66063831294328],[3.132359337680453,50.66076236173247],[3.132058,50.660905],[3.131898534703878,50.66079215227862],[3.13188462699534,50.66078231030512],[3.131620774165966,50.66059559136816],[3.131470743929688,50.660489420491395],[3.131341816620505,50.660398183379506],[3.131185472567178,50.66028754444678],[3.131029453459922,50.660177135466434],[3.131001,50.660157],[3.130877690491383,50.660067751509494],[3.130766512088731,50.65998728322506],[3.130586005981316,50.65985663719627],[3.130468429620571,50.65977153822188],[3.130143,50.659536],[3.129980307431465,50.659603249046306],[3.129497702105351,50.65980273417468],[3.129608204836891,50.66005060845262],[3.129832315902961,50.66029083207899],[3.129742549168678,50.66042416638138],[3.129576286270621,50.66058615394776],[3.129356884550652,50.66062144900706],[3.129323139767062,50.66061674043261],[3.129187230742526,50.66073729250521],[3.128988960986292,50.66076943212324]]]}},{"type":"Feature","properties":{"codeDepartement":"59","nomDepartement":"Nord","codeCirconscription":"5907","nomCirconscription":"7ème circonscription","codeCommune":"59646","nomCommune":"Wasquehal","numeroBureauVote":"0014","codeBureauVote":"59646_0014","id_bv":"59646_14"},"geometry":{"type":"Polygon","coordinates":[[[3.121977,50.652076],[3.120573,50.651797],[3.120383,50.652346],[3.119533,50.652244],[3.11893,50.653496],[3.118402,50.654093],[3.115882,50.653866],[3.115804606010179,50.65488589537433],[3.118603377734518,50.65696523361467],[3.118640825065508,50.65697116751799],[3.118858923511965,50.657118998331164],[3.119621482204634,50.65758728101828],[3.120430239416049,50.65801883130896],[3.121197843014179,50.65834580091854],[3.121455658008888,50.65842436756479],[3.122379339696039,50.6586377896689],[3.122291888302826,50.65899680065156],[3.122262345149069,50.659056967806166],[3.122238196583143,50.659091499088824],[3.122142571637295,50.65913672243868],[3.122020803112592,50.659270295055066],[3.122018550009061,50.65929110944011],[3.122081918676776,50.659334152308745],[3.123133646947457,50.66042739616906],[3.123193339465668,50.66041734088079],[3.12344964653544,50.66038532806641],[3.123508355786447,50.660379406648595],[3.123697824008425,50.66039788976022],[3.123970186561373,50.66036638513655],[3.124762332667654,50.659780862506494],[3.125224251153424,50.66023499735712],[3.125614468686714,50.66179748665012],[3.125588244962846,50.66184612541415],[3.125557873758854,50.661895310638336],[3.12552047623576,50.66194816168335],[3.125481495722427,50.66199603910302],[3.125444266574782,50.66203570506759],[3.125396263186912,50.66207999685331],[3.125315853557812,50.66214380156713],[3.125211617990379,50.66219891462577],[3.125144033262573,50.662225549893826],[3.125081433649298,50.662245343601896],[3.125025437537171,50.66225885990482],[3.124956608647201,50.662270752233745],[3.124885217347031,50.6622786394275],[3.124744264640894,50.662285424896936],[3.124712729490412,50.66258467334631],[3.124748118257257,50.66265852282157],[3.124831927624309,50.662763284530385],[3.124938544815008,50.663113872589896],[3.125161014184398,50.66300577127661],[3.125235465116282,50.66299815697675],[3.125270323438153,50.66300631190525],[3.125329012961124,50.66300061814557],[3.125404302752296,50.66300466055046],[3.125470266055032,50.66301785321102],[3.125483104391301,50.66302194608661],[3.125546249416763,50.663021430617015],[3.12557898537772,50.66301798142571],[3.125605520619734,50.6630176016727],[3.125610593953465,50.66301792954121],[3.125658597902881,50.6630158557706],[3.12568308607903,50.66301689940672],[3.125777612981973,50.663003737432895],[3.125856299624223,50.66299825257311],[3.126019869914856,50.663006733995594],[3.126053952682952,50.66301038715448],[3.126101455089814,50.66301781950386],[3.126105037433478,50.663009426584416],[3.126165749696261,50.66289712791047],[3.126221888476937,50.66280693595469],[3.126261526717845,50.662750679866875],[3.126325068196917,50.6626795960659],[3.126426852201951,50.66259149351501],[3.126449771850702,50.66257390777605],[3.126498548503313,50.6625415431869],[3.1265703372563,50.66250056069002],[3.126653319367702,50.662465960024704],[3.127537315154196,50.66240139320034],[3.127535864391732,50.66214547870227],[3.126890888186052,50.661291015615745],[3.126841731399112,50.66117851881122],[3.12764669087228,50.66100761446448],[3.127963290296332,50.66144490648665],[3.128189845265275,50.66114238896932],[3.1284872906621,50.661054124726334],[3.128611907060417,50.66110229144976],[3.128893931525869,50.66076075723473],[3.128988960986292,50.66076943212324],[3.129187230742526,50.66073729250521],[3.129323139767062,50.66061674043261],[3.129356884550652,50.66062144900706],[3.129576286270621,50.66058615394776],[3.129742549168678,50.66042416638138],[3.129832315902961,50.66029083207899],[3.129608204836891,50.66005060845262],[3.129497702105351,50.65980273417468],[3.129364,50.659858],[3.129152,50.659877],[3.128991709152939,50.659837867962224],[3.128726,50.659773],[3.128699377521623,50.659752389049],[3.12854,50.659629],[3.12836953625962,50.659432245832],[3.128339,50.659397],[3.127955,50.658743],[3.127994,50.658491],[3.128131,50.658056],[3.128252661804772,50.65732060859591],[3.128333,50.656835],[3.128256,50.656618],[3.12802,50.65634],[3.127961,50.655993],[3.128453,50.6553],[3.128456465998945,50.65529171626252],[3.128473741646288,50.65525042746537],[3.128504184287749,50.65517766955228],[3.128539767450542,50.65509262579321],[3.128553,50.655061],[3.128548795129637,50.65504862914951],[3.128536159433065,50.65501145456395],[3.128496756614917,50.65489553033084],[3.128484,50.654858],[3.128441490483689,50.65480979088373],[3.128399911071996,50.65476263657885],[3.128360013761474,50.654717389908264],[3.128126,50.654452],[3.128144,50.654312],[3.128127889733838,50.65426146463877],[3.127954,50.653716],[3.127798,50.653413],[3.127772515866591,50.653375388934144],[3.127654244766938,50.65320083710431],[3.127653,50.653199],[3.127564597341669,50.65307881860828],[3.127411557376615,50.652870764276706],[3.127229177645561,50.652622823204425],[3.127041,50.652367],[3.126690569632551,50.65192188813575],[3.12636462330237,50.65150787556108],[3.126075,50.65114],[3.125491,50.651038],[3.12453,50.650898],[3.12337,50.652696],[3.123313206378509,50.6526707221498],[3.121977,50.652076]]]}},{"type":"Feature","properties":{"codeDepartement":"59","nomDepartement":"Nord","codeCirconscription":"5907","nomCirconscription":"7ème circonscription","codeCommune":"59646","nomCommune":"Wasquehal","numeroBureauVote":"0015","codeBureauVote":"59646_0015","id_bv":"59646_15"},"geometry":{"type":"Polygon","coordinates":[[[3.118058,50.658391],[3.118197,50.658265],[3.118942804359632,50.658581812761035],[3.119407,50.658779],[3.119055737480505,50.65903087189447],[3.118838,50.659187],[3.118815849756861,50.65920839769702],[3.118431882731946,50.65957931958764],[3.117229812234323,50.66074055019525],[3.117201927100308,50.660767487942394],[3.117144883672649,50.6608225933412],[3.11695200934839,50.66100891483332],[3.116671594233363,50.661279802950986],[3.116590974179137,50.6613576839694],[3.116465379687994,50.661479011435254],[3.116395,50.661547],[3.116283848048519,50.661673638290786],[3.11595,50.662054],[3.115884965361824,50.66215553668169],[3.115352468719505,50.662986908141406],[3.115289,50.663086],[3.114180930933497,50.66437583813662],[3.115540422973442,50.66435683208014],[3.115619612495196,50.66437799828178],[3.115779204168812,50.66442731416375],[3.115872162162835,50.664459919849975],[3.115889426033499,50.66446727461121],[3.116244172323143,50.66436876607314],[3.116968739379592,50.66433543598854],[3.117260782130133,50.6642759019187],[3.117502534209334,50.66437374309038],[3.117640564797823,50.66432416054035],[3.118087315864505,50.66457388708942],[3.118123648801121,50.66459020239773],[3.118190539176346,50.66461242584477],[3.118242454822538,50.66462458847259],[3.11833272352224,50.66463853908981],[3.118438174207693,50.66463721359236],[3.118453029252027,50.66463597400589],[3.118891663029147,50.664414342427214],[3.119000609913365,50.664350491278626],[3.119058031158627,50.66440408793363],[3.119110955805696,50.66444617870262],[3.119211184084367,50.664515932166836],[3.119237282125842,50.664531980962444],[3.119348314371277,50.66459060598803],[3.119411108301441,50.66461950100746],[3.119510093742521,50.66465688380701],[3.119539750328927,50.664666123989726],[3.119621513131708,50.66468597048401],[3.119685234693873,50.66472152040815],[3.119727941574945,50.66474208298052],[3.119787447826526,50.66476672049564],[3.119882553838464,50.66479952309748],[3.120011953061898,50.66483552568586],[3.120322871567942,50.66459630217716],[3.12052129766432,50.6643178877063],[3.12099675580308,50.66438142819488],[3.121174163265307,50.66431133061226],[3.121486371651633,50.66435712117558],[3.121605282468117,50.66431035162565],[3.121657184389448,50.66431754074313],[3.121880742118396,50.66422227466546],[3.122291,50.66438151434035],[3.122726745725864,50.66466062489132],[3.122869037844698,50.66480451579802],[3.122879495424315,50.664784633014115],[3.123226301059901,50.664378796632036],[3.1233655,50.66428669333334],[3.123619339980781,50.66417838827486],[3.123703932578232,50.66418276375404],[3.123860263174599,50.66415840054422],[3.123981685141928,50.66411059820824],[3.124042609990742,50.664147836386874],[3.1243291231229,50.66422637023217],[3.124442248567328,50.66416924525626],[3.124711872737735,50.66411758369076],[3.12472346417784,50.66410839047964],[3.124924376385183,50.66415871035607],[3.12504940712132,50.66415987019593],[3.12508442023265,50.664151000207724],[3.125162306621144,50.664145311875984],[3.125267246481696,50.664156450743874],[3.125408100349321,50.664095695594],[3.125437292463702,50.66409954455428],[3.12555478693345,50.664094185157424],[3.125665178553224,50.66407128476822],[3.125725147759678,50.66404770257137],[3.125711487191655,50.66368228237666],[3.125738323245328,50.66361444679652],[3.126193549319543,50.663241476918884],[3.126321739410758,50.663358565096885],[3.126795839899692,50.663334773028296],[3.127313722509574,50.66313405926548],[3.127580029452369,50.66279982056521],[3.127666843552007,50.6626348471458],[3.127537315154196,50.66240139320034],[3.126653319367702,50.662465960024704],[3.1265703372563,50.66250056069002],[3.126498548503313,50.6625415431869],[3.126449771850702,50.66257390777605],[3.126426852201951,50.66259149351501],[3.126325068196917,50.6626795960659],[3.126261526717845,50.662750679866875],[3.126221888476937,50.66280693595469],[3.126165749696261,50.66289712791047],[3.126105037433478,50.663009426584416],[3.126101455089814,50.66301781950386],[3.126053952682952,50.66301038715448],[3.126019869914856,50.663006733995594],[3.125856299624223,50.66299825257311],[3.125777612981973,50.663003737432895],[3.12568308607903,50.66301689940672],[3.125658597902881,50.6630158557706],[3.125610593953465,50.66301792954121],[3.125605520619734,50.6630176016727],[3.12557898537772,50.66301798142571],[3.125546249416763,50.663021430617015],[3.125483104391301,50.66302194608661],[3.125470266055032,50.66301785321102],[3.125404302752296,50.66300466055046],[3.125329012961124,50.66300061814557],[3.125270323438153,50.66300631190525],[3.125235465116282,50.66299815697675],[3.125161014184398,50.66300577127661],[3.124938544815008,50.663113872589896],[3.124831927624309,50.662763284530385],[3.124748118257257,50.66265852282157],[3.124712729490412,50.66258467334631],[3.124744264640894,50.662285424896936],[3.124885217347031,50.6622786394275],[3.124956608647201,50.662270752233745],[3.125025437537171,50.66225885990482],[3.125081433649298,50.662245343601896],[3.125144033262573,50.662225549893826],[3.125211617990379,50.66219891462577],[3.125315853557812,50.66214380156713],[3.125396263186912,50.66207999685331],[3.125444266574782,50.66203570506759],[3.125481495722427,50.66199603910302],[3.12552047623576,50.66194816168335],[3.125557873758854,50.661895310638336],[3.125588244962846,50.66184612541415],[3.125614468686714,50.66179748665012],[3.125224251153424,50.66023499735712],[3.124762332667654,50.659780862506494],[3.123970186561373,50.66036638513655],[3.123697824008425,50.66039788976022],[3.123508355786447,50.660379406648595],[3.12344964653544,50.66038532806641],[3.123193339465668,50.66041734088079],[3.123133646947457,50.66042739616906],[3.122081918676776,50.659334152308745],[3.122018550009061,50.65929110944011],[3.122020803112592,50.659270295055066],[3.122142571637295,50.65913672243868],[3.122238196583143,50.659091499088824],[3.122262345149069,50.659056967806166],[3.122291888302826,50.65899680065156],[3.122379339696039,50.6586377896689],[3.121455658008888,50.65842436756479],[3.121197843014179,50.65834580091854],[3.120430239416049,50.65801883130896],[3.119621482204634,50.65758728101828],[3.118858923511965,50.657118998331164],[3.118640825065508,50.65697116751799],[3.118603377734518,50.65696523361467],[3.115804606010179,50.65488589537433],[3.115764,50.655421],[3.115134,50.655812],[3.117414,50.656958],[3.116506,50.657682],[3.118058,50.658391]]]}},{"type":"Feature","properties":{"codeDepartement":"59","nomDepartement":"Nord","codeCirconscription":"5907","nomCirconscription":"7ème circonscription","codeCommune":"59646","nomCommune":"Wasquehal","numeroBureauVote":"0016","codeBureauVote":"59646_0016","id_bv":"59646_16"},"geometry":{"type":"MultiPolygon","coordinates":[[[[3.136479299138152,50.68034268434283],[3.136408819683509,50.68032444126857],[3.136397993078754,50.680333677088306],[3.136230880269832,50.6808210311796],[3.136230788443009,50.680898900328735],[3.136179535624812,50.68097100842037],[3.136085143802287,50.68103727477252],[3.135900241929689,50.681223469665206],[3.135762386442277,50.681298414910344],[3.135735077615296,50.68138216197975],[3.135688142884748,50.68158344907161],[3.135685552678212,50.681614711425475],[3.135684929708978,50.681656785809075],[3.135687835028249,50.681693],[3.135691906896974,50.68172009476557],[3.135762748893019,50.68177240322737],[3.135868075098393,50.68183127787552],[3.136126004372642,50.68192701772476],[3.136188536671325,50.68186503718165],[3.13626389631274,50.68174730944691],[3.13632740984801,50.681606527852836],[3.13634839197489,50.68159526764984],[3.136684527756022,50.68170843899324],[3.136709723448245,50.6816865768849],[3.136714978648958,50.681672706014986],[3.13675444726079,50.681610437574],[3.136810004728261,50.681552265637464],[3.136875943531904,50.68150569499727],[3.136881234976904,50.681503389227935],[3.136923708958137,50.68145628773126],[3.136994030718423,50.68140156715619],[3.136994410700225,50.6814009527931],[3.137040617929053,50.681350638255026],[3.137097126685733,50.68130925645784],[3.137153483599405,50.68122790442763],[3.136993354221407,50.680872880740885],[3.137020643897336,50.68084443254099],[3.137061437526919,50.68080841167601],[3.137081700625708,50.68079331945098],[3.137114563420884,50.680753004164],[3.137123327326299,50.68073976092915],[3.136855820668689,50.680408778115506],[3.136819491362783,50.68039875623801],[3.136766351810646,50.68039122152539],[3.136757381601349,50.68038883551013],[3.136699729255376,50.68037965961121],[3.136695703397757,50.680378603101616],[3.136641547619041,50.680369214285705],[3.136629701646056,50.68036806790123],[3.136573448235001,50.68035786209879],[3.136508309115208,50.68035043623914],[3.136489619565199,50.680345948067625],[3.136479299138152,50.68034268434283]]],[[[3.134740839351259,50.68726682222056],[3.134737958515283,50.68727741703056],[3.134653082582578,50.68741136186186],[3.134551688334304,50.68749725368375],[3.134393683337048,50.68752742292271],[3.134319832781181,50.687520948353416],[3.134292503990923,50.68750611075265],[3.134252899540824,50.68749673741797],[3.134063512753164,50.68778920815335],[3.133861115682496,50.68768765453543],[3.133771186692509,50.68767362661498],[3.1335655,50.6877104082353],[3.133514680974391,50.6877758153106],[3.133112392833968,50.68788870813634],[3.133404416580319,50.68839718808064],[3.133433266403182,50.688415959362764],[3.13346741497824,50.68873254511077],[3.133493199744706,50.688766898107076],[3.133787466702077,50.68873213580168],[3.133883164159141,50.68885132263457],[3.133932244138862,50.688885579801614],[3.134044390332638,50.68892223700624],[3.134210995518995,50.68893481098256],[3.134454948186524,50.68889826554405],[3.134536710872836,50.68887373673814],[3.134492969966574,50.68858487633768],[3.134494540646861,50.68857971153844],[3.134504727248189,50.68855271090841],[3.134472150955827,50.688265953808504],[3.13471739481273,50.68802438860946],[3.134864827121492,50.687964049517845],[3.134950520668068,50.6879668901879],[3.1349735,50.68796247323601],[3.135063926708903,50.688017477316855],[3.135165937728786,50.688053519754284],[3.135204528558353,50.688059644111554],[3.135378361283138,50.68783811720957],[3.135407853499212,50.6877716474434],[3.1355001643994,50.68774307964903],[3.135630673855324,50.68766894778624],[3.135708799507028,50.687597678907146],[3.135940742904948,50.687905808092715],[3.136061587729572,50.68787965806508],[3.136271573417379,50.68724004648728],[3.136754627198901,50.68691210171817],[3.136817108570163,50.68696267089688],[3.136974688634701,50.68706414773014],[3.137046534097015,50.68710625985077],[3.137450391610118,50.68673045980701],[3.138200228090015,50.686406951760496],[3.138187452566622,50.68626411722026],[3.138230374922874,50.68617638740427],[3.138314795741434,50.68615209650836],[3.138594483774159,50.6859694220368],[3.138827669510183,50.68598436984039],[3.138849491433013,50.6860319813084],[3.138895592559871,50.686105925690086],[3.138954884546302,50.686175336842204],[3.138965259036631,50.686184394303694],[3.139343990084499,50.68632802754547],[3.139548781536808,50.68627069537621],[3.139626481781383,50.686327518218626],[3.139670093373494,50.68636224890471],[3.139682948205632,50.68636731292951],[3.13976650646103,50.686412144185084],[3.139934649313132,50.68652105736154],[3.13979797074576,50.68714681465796],[3.139736941213541,50.68715915396229],[3.13963890544803,50.68724298568221],[3.139475519616658,50.68734264248513],[3.139399907775434,50.68743584953467],[3.139292623489405,50.6874171108206],[3.139045758038974,50.6874689687708],[3.138525297258238,50.68826375184033],[3.138798485978139,50.68857401779699],[3.138920395460566,50.68880411361793],[3.139107973735463,50.68899830930822],[3.139888548798042,50.68808888333817],[3.140195829040249,50.68806623621814],[3.14027337399771,50.68796781377214],[3.140296307405806,50.68782870123071],[3.140858912229746,50.6875858054211],[3.140886608345125,50.687602126346235],[3.140955465707621,50.68758970645063],[3.141065940340415,50.68733093704047],[3.141191453494295,50.68717448754583],[3.141191861146909,50.687117620006454],[3.14139801652893,50.68707268870524],[3.141448330472101,50.68708179313304],[3.14151633938393,50.68710722255225],[3.141581428765052,50.687141850103],[3.1416718840342,50.68720237779242],[3.141697764725239,50.68722272537019],[3.141751902111313,50.68722983090212],[3.141816144996337,50.68724601059167],[3.141869160002103,50.6872549194494],[3.141896845800116,50.68726244039452],[3.141938900428908,50.68724857472256],[3.141987273895976,50.68723532101144],[3.142051749241077,50.68722110544423],[3.142094593977167,50.687213920846375],[3.14214381279356,50.687208150704556],[3.142194165275928,50.68720473781528],[3.142203299093654,50.68719648791542],[3.142262448149254,50.68714782944703],[3.142346693153697,50.68709122891112],[3.142437166749229,50.6870429418607],[3.142508123897743,50.687014016159715],[3.142553962394209,50.686998033967356],[3.142560585937476,50.6869924107143],[3.142594175196866,50.68696681889763],[3.142744384691252,50.68686409498534],[3.142911699621698,50.6868442989071],[3.142916728786418,50.686842536234174],[3.142990195285146,50.68685006054129],[3.143074689339758,50.6868672962917],[3.143097404666601,50.686874491362055],[3.143149055666353,50.68688384197407],[3.143192415014976,50.686895841793806],[3.143207635339709,50.686897777326436],[3.143274426609631,50.68691522600937],[3.143294448818902,50.6869181496063],[3.143342537735856,50.68693417924529],[3.143353578085633,50.68693629899245],[3.14340501990137,50.68695360214865],[3.143617425080739,50.68699013042791],[3.143785858156732,50.68679909377894],[3.14371953633473,50.68661913517656],[3.143692124627896,50.6865076455454],[3.143679812736683,50.68638927859128],[3.143678714523017,50.686256614380596],[3.143684356827375,50.686145649061515],[3.143701305699566,50.685999516712265],[3.14370641508398,50.68597001289853],[3.143668472603402,50.68592111971329],[3.143648874623792,50.685893202496175],[3.143591795401819,50.68587855461106],[3.143570139299322,50.68587185072353],[3.14351560512556,50.6858598914749],[3.1434314071316,50.68583675096663],[3.143400723948232,50.685826488061785],[3.14335504580972,50.68581627530769],[3.143279491990621,50.685794776811875],[3.143232719953099,50.685778373348484],[3.143187362957869,50.685768274670075],[3.143157561179699,50.68575958497324],[3.143085057251958,50.68579432311885],[3.142969875959579,50.68584121835932],[3.142809314974549,50.685893079142595],[3.142505317336732,50.68590110548286],[3.142487492381921,50.68586609217877],[3.142427483644755,50.68579563248177],[3.142345464041361,50.6857467852513],[3.142325136834824,50.68574115964064],[3.142300445205471,50.68571235273972],[3.142226026912188,50.68566668696884],[3.142150462962958,50.68557368518516],[3.142054439147277,50.6853823283727],[3.142026531078934,50.68537853628403],[3.14196850852779,50.6853233822635],[3.141833029103444,50.68523250511877],[3.141802768112587,50.685202601822844],[3.141768527079473,50.68519716777743],[3.141731043301492,50.685199565460465],[3.141551149772871,50.685173802930436],[3.141438556148328,50.68507735324471],[3.141429282719195,50.68506384053368],[3.141258119368099,50.68494489651004],[3.141214403432486,50.68466605973157],[3.141209715303478,50.68465921076681],[3.141171130557348,50.684582291013996],[3.141190855959378,50.68443060267237],[3.141207762484575,50.683984270407144],[3.141203135366467,50.6839326385404],[3.140639578173055,50.68355169744101],[3.140593188732309,50.68354459648751],[3.14046040932063,50.68353906696584],[3.140356911190154,50.683427088081615],[3.140261591239994,50.68333439362359],[3.140046341457877,50.683150770454205],[3.139724674013024,50.68299084768425],[3.139712168551544,50.68298569660722],[3.139644188999957,50.682961656999986],[3.139575531674195,50.68293969457014],[3.139575453248804,50.682939672061195],[3.139568698153703,50.68294116464485],[3.139452556573591,50.68297691653592],[3.139426432218324,50.68298747183098],[3.139250787453751,50.68307394309969],[3.139179632084701,50.683077857636015],[3.139096663431383,50.683090219903846],[3.138961221506515,50.68309888067409],[3.138942970205605,50.683101114935084],[3.13888900446602,50.683110604391345],[3.138829890966643,50.68311174617975],[3.138710067173847,50.68312158572478],[3.138629922337667,50.68311920822246],[3.138577586741304,50.68312454314563],[3.138541940551972,50.683130934351404],[3.138423968297583,50.68316065860364],[3.138420203099833,50.68316193134654],[3.138393335724528,50.68316116786226],[3.13828721276596,50.68310810638299],[3.138204221365059,50.68307762931486],[3.137960091743631,50.68302189554276],[3.137841259263895,50.6829577432258],[3.137756665038822,50.68297582089583],[3.137667083903688,50.68306408948684],[3.137341550639554,50.68287028363657],[3.137331211491433,50.68288222127139],[3.13712544671741,50.68339663320647],[3.137121022876754,50.68346439349748],[3.137224491053095,50.68347669917864],[3.137440318295724,50.6835749619883],[3.137463915094349,50.683588084905665],[3.137535095307916,50.68363479692082],[3.137551770718242,50.68365029650093],[3.13761247995174,50.68369498524225],[3.137657872916077,50.68372205132754],[3.137871868300857,50.683585728341676],[3.137970897153902,50.68357939943001],[3.138006760770354,50.68359185415875],[3.138078185956252,50.68364561100917],[3.13823441106702,50.68366998212646],[3.138331043466139,50.683915442527116],[3.1383807107438,50.683903],[3.138442610169486,50.683903],[3.138575179016002,50.68388309780676],[3.138726385809846,50.68394694067527],[3.138740608775916,50.683960463268015],[3.139048024647494,50.68410088780194],[3.139070220149251,50.6840907761194],[3.139168959294357,50.68398514819674],[3.139197388871703,50.68399551743872],[3.139680991649228,50.684084084226456],[3.140237643424506,50.683896984151666],[3.139896744854446,50.68477061774943],[3.139850978226792,50.68494880558402],[3.139849346831676,50.68494879785228],[3.139742608150484,50.68496092476488],[3.139731061465709,50.684963618991326],[3.139465188370685,50.68494914970725],[3.13925562091813,50.68500943137719],[3.139149540052514,50.68507136419024],[3.139120471477732,50.68509718820886],[3.138953724956369,50.685099736736476],[3.13886700527242,50.68513496660808],[3.138730076020614,50.685226934016],[3.138707777930831,50.68523594005713],[3.138553531972609,50.68525919157101],[3.138496777219538,50.68525457319146],[3.138422143270252,50.68538938733225],[3.138174525436724,50.68554090586372],[3.137995652626577,50.6855376829302],[3.13789531235863,50.685415690288636],[3.13789601621088,50.685324013533254],[3.137385048523718,50.68466453799613],[3.137275804006094,50.684662872965376],[3.137272723223533,50.68462983157239],[3.137243780304128,50.68447127470957],[3.137214937199094,50.68436183114991],[3.13719129784649,50.684291137161786],[3.136897558417695,50.68361684462685],[3.136869720942191,50.68361862204312],[3.136825693678908,50.68366303132171],[3.136755668177255,50.68375100702237],[3.136475444853943,50.68422957771857],[3.136355107924802,50.68417360076502],[3.136003270692891,50.68413963627976],[3.13581590432593,50.68440026770046],[3.135902513382226,50.68508832853656],[3.136646913555878,50.68475756550374],[3.137073183896834,50.68481746051467],[3.137154876654144,50.68552945514948],[3.137092502054732,50.685778488065054],[3.136564741801973,50.68636233877946],[3.135950889060006,50.685945250491386],[3.135698859282731,50.685668844411],[3.135590252842821,50.6854819456057],[3.135179481516563,50.6853782684978],[3.134835205624475,50.68521379661412],[3.134319451585977,50.686411676961605],[3.134686013039908,50.68654404637553],[3.134747261167957,50.68661984589468],[3.134966411124922,50.68671165195774],[3.135065744945889,50.68685372242262],[3.135030730618049,50.68698340511835],[3.134953847500965,50.68713567557202],[3.134944397694353,50.6871491133704],[3.134838314910977,50.68722236683977],[3.134740839351259,50.68726682222056]]]]}},{"type":"Feature","properties":{"codeDepartement":"59","nomDepartement":"Nord","codeCirconscription":"5907","nomCirconscription":"7ème circonscription","codeCommune":"59646","nomCommune":"Wasquehal","numeroBureauVote":"0002","codeBureauVote":"59646_0002","id_bv":"59646_2"},"geometry":{"type":"Polygon","coordinates":[[[3.13306392989399,50.665057969830094],[3.133003376205171,50.66515959471654],[3.132955160542808,50.66522000075392],[3.132905765747064,50.66526627760574],[3.132838245198809,50.665310896447565],[3.132593100727655,50.66535767522346],[3.132574499813654,50.665355573425266],[3.132461987931034,50.66529269913792],[3.132384859571661,50.6653226934999],[3.132001210546406,50.66525742239921],[3.131701907977042,50.664933463325276],[3.131648844719408,50.6650411121471],[3.13155029151133,50.665426455190705],[3.131739450000015,50.665629125],[3.131869287101788,50.66573732258482],[3.131855798495491,50.665878361345385],[3.131986801593324,50.66609780070814],[3.132095988527717,50.66614632823454],[3.132117475506799,50.66616123693962],[3.132224610887431,50.66620856306807],[3.132249871778661,50.66621709632035],[3.132317581814194,50.66625470319798],[3.13235929951035,50.66629497782918],[3.132387740302335,50.66631856695665],[3.132395270936366,50.666326330623335],[3.132433992156483,50.66635328147256],[3.132484483352503,50.666403341856316],[3.1325695067675,50.66645812898088],[3.132570431766482,50.66645880978014],[3.132613709536991,50.66649889045408],[3.132636133338127,50.66651656928706],[3.132646311636542,50.666522653430185],[3.132815325778964,50.66666223252532],[3.132836387652992,50.66668398073334],[3.13291022675514,50.66681821424561],[3.132925965731362,50.66685967011505],[3.132959582805613,50.666890183173734],[3.13296727293777,50.666894362848616],[3.133032951743981,50.66694150237046],[3.133098233856516,50.66699570338641],[3.133156846246035,50.66706320424818],[3.133183563616754,50.6671002934729],[3.133275239867612,50.667327200975016],[3.133307514672173,50.66746905550524],[3.133309852209392,50.66749057147281],[3.133313483689166,50.66761462282191],[3.132774472375697,50.66726725997544],[3.132721709455025,50.66730027537026],[3.132645143801764,50.667319771254185],[3.132607456461772,50.667320202788616],[3.132525088923638,50.66733903768642],[3.13248524230489,50.667358353577804],[3.132402285294964,50.66735817819301],[3.132360755991373,50.6673629763994],[3.132344453151298,50.66739949181045],[3.132276253336889,50.66750277282435],[3.1322164945987,50.667563925352354],[3.132127841555976,50.66761792504744],[3.132069494954127,50.66764293073395],[3.132073791228776,50.66766456285366],[3.132090295206287,50.66800814565815],[3.131917707250626,50.66812619838618],[3.131938203240725,50.66816660809392],[3.131993022924019,50.66824576236834],[3.132047581283243,50.668291404575484],[3.132091808478926,50.668318034330625],[3.132138525487253,50.66833711169416],[3.132164571051715,50.66834360376362],[3.132209603583141,50.66836925520559],[3.132238651366724,50.66837639939019],[3.132279807424097,50.6684097768113],[3.132330974945808,50.66842226045364],[3.132333896555349,50.66842207256878],[3.13243995634732,50.66843948537046],[3.132479373949578,50.66843093697479],[3.132556642857141,50.668469571428574],[3.132603950773246,50.668459202570254],[3.132720119218234,50.66850076742672],[3.13277669718749,50.66847414250002],[3.132842403156478,50.6684038329281],[3.133165861630844,50.668341852861154],[3.133357340086342,50.66806768047683],[3.133402807582571,50.667944864429344],[3.133455226777992,50.66795250047323],[3.133525692627071,50.66797519523973],[3.133978781925346,50.668411861258534],[3.134300396782439,50.668198251390784],[3.134662817785519,50.668269478639935],[3.134737095858127,50.66824987748189],[3.134737302383396,50.66820113751771],[3.134799248754898,50.66796893853811],[3.135147891286973,50.66791799533707],[3.135155199801196,50.66791990947174],[3.135214998411671,50.66802509095624],[3.135352023972612,50.66809297517909],[3.135388065063702,50.66809473865755],[3.135525681628253,50.66813216412554],[3.135534714899715,50.66813214469914],[3.13572065755646,50.668188860799084],[3.13574767653783,50.66820346823424],[3.135955903612689,50.668149639040855],[3.136172866909557,50.66816887596616],[3.136247167080224,50.66818241439207],[3.136382005988028,50.668217087254064],[3.136404368318417,50.66822437282316],[3.136610628636582,50.66830708424723],[3.136702991955528,50.668350844732316],[3.136836806153413,50.66842919319391],[3.137026989688116,50.66855258813702],[3.137065110052982,50.668579460973746],[3.137255573767055,50.66872432533709],[3.137291388770046,50.66875320742741],[3.137382654517586,50.668831876993266],[3.137485731527736,50.6687924006915],[3.137539,50.668772],[3.137606039966528,50.66875150434758],[3.137650908786938,50.668737786922065],[3.137804835500809,50.66869072800201],[3.13781239302377,50.66868841749424],[3.138105335044,50.66859885841275],[3.138203,50.668569],[3.138515,50.668487],[3.138715,50.668315],[3.13854,50.668131],[3.138297,50.667826],[3.137703,50.667007],[3.137680492794964,50.66698043106425],[3.137589930684719,50.66687352579173],[3.137471397873961,50.66673360212605],[3.1374446673545,50.66670204772145],[3.137439548056099,50.66669600457615],[3.137389962343939,50.666637470449054],[3.13735944030472,50.66660144029348],[3.137328203724329,50.66656456664809],[3.137280666147204,50.666508450269795],[3.137254889901504,50.66647802235062],[3.137213248115741,50.66642886573928],[3.137162607733052,50.66636908661203],[3.137034245461782,50.66621755962624],[3.136948924616819,50.66611684147648],[3.136712655219892,50.66583793405925],[3.136596216784943,50.66570048272792],[3.136521578292224,50.66561237470589],[3.136495,50.665581],[3.136383537811899,50.665394635221496],[3.13637,50.665372],[3.136941,50.665056],[3.136913727407004,50.665033941285074],[3.136711548488307,50.664870414218484],[3.136566174392933,50.66475283222958],[3.136243643820272,50.664491961913455],[3.136193,50.664451],[3.136187222113163,50.664396870323316],[3.136174,50.664273],[3.136247857374405,50.664215224473246],[3.136368653356159,50.66412073084236],[3.136422,50.664079],[3.136324720071609,50.66397622846275],[3.136222859625806,50.66386861783049],[3.135849700521062,50.66347439329241],[3.135670792530471,50.66408883958796],[3.135632768360704,50.66409856947755],[3.13555217603049,50.66410811000263],[3.13546102838685,50.66410025244715],[3.135314146511839,50.664128786824136],[3.135285281799301,50.664121759667616],[3.135117885808898,50.66412647504763],[3.13502782144948,50.664151167811795],[3.134749548615445,50.66409353479825],[3.13472056434392,50.66411454131426],[3.134476204036369,50.66418277921606],[3.13430949124989,50.664190682637035],[3.134276062708102,50.66420808379579],[3.134200276842057,50.66423420940773],[3.134057927468052,50.66426523924401],[3.134006683637249,50.66427239732482],[3.133860480674389,50.664279689243166],[3.133734145138226,50.66427566676738],[3.133722082018991,50.66427456765302],[3.133581467168277,50.66425300468455],[3.133551231592716,50.664288373276435],[3.133528333336916,50.66431053604222],[3.13343296807119,50.664393035345206],[3.133401563409528,50.66441755465943],[3.133393605042767,50.664437702423385],[3.133309848802468,50.66459834074171],[3.133299308979862,50.664615914111266],[3.133261066909593,50.66467160368099],[3.133248974998154,50.6646968637473],[3.13321575018208,50.66475512527313],[3.133184272727292,50.66480227272724],[3.133121879413592,50.66488159054305],[3.13311261350249,50.66489165915077],[3.13310566581641,50.664924255378004],[3.13306392989399,50.665057969830094]]]}},{"type":"Feature","properties":{"codeDepartement":"59","nomDepartement":"Nord","codeCirconscription":"5907","nomCirconscription":"7ème circonscription","codeCommune":"59646","nomCommune":"Wasquehal","numeroBureauVote":"0003","codeBureauVote":"59646_0003","id_bv":"59646_3"},"geometry":{"type":"MultiPolygon","coordinates":[[[[3.126010526782966,50.66498189235505],[3.126151299230223,50.66503288645585],[3.126194902468912,50.665040487786726],[3.126301883614947,50.66506918444608],[3.12645336327272,50.66517139390375],[3.126587101063092,50.665310578029455],[3.126579636940174,50.665464836569754],[3.126586758628415,50.665488211788436],[3.126488921894861,50.66572413454467],[3.126413615120276,50.66573907636503],[3.126300874387087,50.66579269084703],[3.12629077824972,50.66580102780893],[3.126182386733216,50.66583520742322],[3.126097396943855,50.66588902736318],[3.126068647320317,50.665893535959945],[3.125954791828145,50.66594355942563],[3.125853171971862,50.66602496171888],[3.12583690058515,50.66604574742323],[3.125731347349855,50.66606049538026],[3.125615031850819,50.66610811447719],[3.125543081927782,50.66616198561245],[3.125509385505074,50.666170799566075],[3.125398679494575,50.666231275535694],[3.125314115168958,50.66630803392357],[3.125296613085621,50.6663076276252],[3.125170484995815,50.66633280339016],[3.124964512156124,50.66650704204235],[3.124833864549493,50.66648804808775],[3.124702261051364,50.66655118219833],[3.124677489955815,50.6665700701587],[3.124606262109803,50.66658682077503],[3.124511903855814,50.66663157480672],[3.124467461577752,50.666666153916026],[3.124417722788108,50.66668066544449],[3.124408227706575,50.66668589107483],[3.124268075376885,50.66681215075376],[3.124223240902835,50.666867792234584],[3.124118989612179,50.66703696191137],[3.124115045764152,50.667045372286076],[3.124064451852361,50.66718656459805],[3.124036487003327,50.6672914714074],[3.124018281700183,50.667381292273916],[3.124015714967994,50.667399149709844],[3.124063825176718,50.66754397759915],[3.124091987317306,50.66756391360771],[3.124132583697599,50.66759076675161],[3.124225924472769,50.667648366055275],[3.124239398581033,50.66766187664579],[3.124330434882366,50.6677333360483],[3.124376782284431,50.66776753161354],[3.124378951983831,50.66776894757533],[3.124460507540878,50.66783597860593],[3.124491798632108,50.66786767345317],[3.124574195137999,50.66793429632066],[3.124606303879265,50.667958594827546],[3.124654474146542,50.66799263360954],[3.124684891249438,50.668012697974845],[3.124730831127671,50.66804096327396],[3.12473706679457,50.66806078206025],[3.124749104977129,50.668095193363875],[3.124767391139318,50.66814232011744],[3.124849480128598,50.66831694281829],[3.124887661260041,50.66838185735893],[3.124955647556393,50.66848460937499],[3.125022621160382,50.66855883845275],[3.125065628394473,50.66860230443068],[3.125120267732784,50.66865206525665],[3.12518203673679,50.66869820947714],[3.125249734243743,50.668743830031985],[3.125314925707388,50.66877913051602],[3.125350615636258,50.66879633225312],[3.125373067093506,50.668839268266446],[3.125418286864664,50.668908804329625],[3.125443673960626,50.66894376805253],[3.125482660804011,50.668992106469844],[3.125516435340088,50.6690296156902],[3.125558214448981,50.669071267229285],[3.125616960691896,50.66912151294135],[3.125672375027367,50.66916059851931],[3.125682547921568,50.669169372276194],[3.12574406648807,50.66921418822113],[3.1257498784631,50.669219506646314],[3.125824961580445,50.66927559038214],[3.125920295945849,50.66936848762844],[3.125922541615672,50.66937182680539],[3.125933755441742,50.66949838284251],[3.126017812499995,50.66965225],[3.126282225259187,50.66994070028276],[3.12645650321922,50.669984648637886],[3.126716472841627,50.669977723808884],[3.126759446213318,50.66998607023067],[3.12679955742452,50.669998685538566],[3.126998280273872,50.670211937072075],[3.127070763778201,50.6703155140628],[3.127099267301831,50.67035975086374],[3.127128988575784,50.67040967897943],[3.127163512434548,50.67047320287956],[3.127194501832792,50.670536654856285],[3.127215687116522,50.670515153374296],[3.127412815951028,50.67033161963182],[3.12758499921689,50.670191061863754],[3.127697518185735,50.67011719971856],[3.128127289801961,50.66992876139452],[3.128117301799525,50.6697469209971],[3.128200262578674,50.66971167341218],[3.128294235170821,50.66969503957741],[3.128338878560021,50.66965840530124],[3.12849076743381,50.669571308184814],[3.128723899051832,50.669585993641064],[3.128867141709603,50.66943218390198],[3.128846129995265,50.66930130370545],[3.128872761194076,50.669291440298494],[3.128980244897946,50.66926375510204],[3.129115921248987,50.66927747518248],[3.129289551464944,50.66939871697121],[3.129334293594104,50.66938714329742],[3.129418329727418,50.66922762560722],[3.129616251442512,50.6693288253982],[3.129712961515051,50.669329932765436],[3.129766222893866,50.669316524306446],[3.129878858604098,50.66934198977136],[3.129900546079952,50.669329525062295],[3.129932743998902,50.66931658352587],[3.130090394868095,50.669275887603824],[3.130187954086129,50.66922831922663],[3.13049350130012,50.66933693567812],[3.130550962000037,50.66937957371341],[3.130661888791306,50.66924385526107],[3.130784200495055,50.66914353217821],[3.130844652816621,50.66906683180184],[3.130872123092574,50.66901767446593],[3.130880382668532,50.66899678953813],[3.131168578740155,50.66894690944882],[3.131296477528094,50.66900286516854],[3.131451717748076,50.66916672984518],[3.131453139774439,50.66918035913684],[3.131465593276692,50.66925409955963],[3.131487117038553,50.66934144071959],[3.131525249660172,50.669445557092615],[3.131604665803541,50.669471926036024],[3.131768958096579,50.6693804699929],[3.132192606901811,50.66919911348381],[3.132449469866661,50.66955451076633],[3.132752836309525,50.66964950429895],[3.132908866894204,50.66964910111912],[3.133127385912806,50.66968162488005],[3.133182000867282,50.66955821071913],[3.133204565918035,50.66942479331522],[3.133384981681805,50.669199183940655],[3.133547335676512,50.669038012853],[3.13365295089868,50.668979406455925],[3.133915454786812,50.66895038931662],[3.134013505518892,50.66852069640249],[3.133978781925346,50.668411861258534],[3.133525692627071,50.66797519523973],[3.133455226777992,50.66795250047323],[3.133402807582571,50.667944864429344],[3.133357340086342,50.66806768047683],[3.133165861630844,50.668341852861154],[3.132842403156478,50.6684038329281],[3.13277669718749,50.66847414250002],[3.132720119218234,50.66850076742672],[3.132603950773246,50.668459202570254],[3.132556642857141,50.668469571428574],[3.132479373949578,50.66843093697479],[3.13243995634732,50.66843948537046],[3.132333896555349,50.66842207256878],[3.132330974945808,50.66842226045364],[3.132279807424097,50.6684097768113],[3.132238651366724,50.66837639939019],[3.132209603583141,50.66836925520559],[3.132164571051715,50.66834360376362],[3.132138525487253,50.66833711169416],[3.132091808478926,50.668318034330625],[3.132047581283243,50.668291404575484],[3.131993022924019,50.66824576236834],[3.131938203240725,50.66816660809392],[3.131917707250626,50.66812619838618],[3.132090295206287,50.66800814565815],[3.132073791228776,50.66766456285366],[3.132069494954127,50.66764293073395],[3.132127841555976,50.66761792504744],[3.1322164945987,50.667563925352354],[3.132276253336889,50.66750277282435],[3.132344453151298,50.66739949181045],[3.132360755991373,50.6673629763994],[3.132402285294964,50.66735817819301],[3.13248524230489,50.667358353577804],[3.132525088923638,50.66733903768642],[3.132607456461772,50.667320202788616],[3.132645143801764,50.667319771254185],[3.132721709455025,50.66730027537026],[3.132774472375697,50.66726725997544],[3.133313483689166,50.66761462282191],[3.133309852209392,50.66749057147281],[3.133307514672173,50.66746905550524],[3.133275239867612,50.667327200975016],[3.133183563616754,50.6671002934729],[3.133156846246035,50.66706320424818],[3.133098233856516,50.66699570338641],[3.133032951743981,50.66694150237046],[3.13296727293777,50.666894362848616],[3.132959582805613,50.666890183173734],[3.132925965731362,50.66685967011505],[3.13291022675514,50.66681821424561],[3.132836387652992,50.66668398073334],[3.132815325778964,50.66666223252532],[3.132646311636542,50.666522653430185],[3.132636133338127,50.66651656928706],[3.132613709536991,50.66649889045408],[3.132570431766482,50.66645880978014],[3.1325695067675,50.66645812898088],[3.132484483352503,50.666403341856316],[3.132433992156483,50.66635328147256],[3.132395270936366,50.666326330623335],[3.132387740302335,50.66631856695665],[3.13235929951035,50.66629497782918],[3.132317581814194,50.66625470319798],[3.132249871778661,50.66621709632035],[3.132224610887431,50.66620856306807],[3.132117475506799,50.66616123693962],[3.132095988527717,50.66614632823454],[3.131986801593324,50.66609780070814],[3.131928009193762,50.66613640624371],[3.131811976253836,50.66619282885459],[3.131727759833797,50.66621801745152],[3.131264553921687,50.66625167601262],[3.131323547952972,50.66649147189517],[3.131240258667262,50.666697393144254],[3.131304016935444,50.66684963227442],[3.131182010408134,50.66702463153582],[3.131180501540831,50.667259260400606],[3.131182384745092,50.66727197202936],[3.131134331530141,50.66730175940237],[3.131086822125813,50.667403112798276],[3.130973546824292,50.66752043364626],[3.131017136811071,50.66789503509509],[3.131005475362426,50.66802964153091],[3.131037641042566,50.668060514839965],[3.131076074000705,50.66810162087865],[3.131084929688585,50.668112142347056],[3.131082319803107,50.668305876153994],[3.131041624153729,50.66837373334916],[3.130901755512056,50.668527615804656],[3.130858950943904,50.668558778666046],[3.130628528109408,50.668600470681326],[3.130503860734263,50.668595890250614],[3.130429065488029,50.668712403960896],[3.130093438366106,50.66888082334698],[3.130090164532053,50.66887712448885],[3.129863272870673,50.668762124605685],[3.129781713569166,50.668738546990504],[3.129714590687582,50.66872712181916],[3.12969152041273,50.66872539015205],[3.129658468058997,50.668716695945946],[3.129545277231831,50.66869661370242],[3.129557983902819,50.66860271635449],[3.129649786239803,50.6684777631736],[3.129681689783817,50.66838742577004],[3.129726715272853,50.66832971704464],[3.129758478697155,50.66825998354992],[3.1298033771754,50.667965337286546],[3.12955734216805,50.66756836590944],[3.129531949343866,50.667574826689695],[3.129373381331207,50.66763527029549],[3.129296283819742,50.66767401473018],[3.129255141053796,50.667690987376496],[3.129090951465619,50.66769847939948],[3.128865014471069,50.667789692479424],[3.128731435737584,50.66776377614214],[3.12871101421638,50.66776241063123],[3.128536996188894,50.667775897496654],[3.128483239099971,50.66775323755783],[3.128394410979248,50.66761609940656],[3.128125145974508,50.667343120401746],[3.127985585803017,50.66736792029285],[3.12796920037983,50.6673538418426],[3.127794343617172,50.66709016894654],[3.127904111548065,50.6669915133247],[3.128035159493019,50.66688995876875],[3.128120080885731,50.666777576382195],[3.127958027427558,50.66665831232028],[3.127858635737461,50.666545720171335],[3.127844323003117,50.6664139588229],[3.127749377145192,50.66635799073822],[3.127660728085535,50.66636346905089],[3.127542936014488,50.66644226239571],[3.12721057722392,50.66654052499467],[3.127584675608726,50.6661403817856],[3.12763878209854,50.66603174609902],[3.127717232782361,50.66602851101929],[3.127748699170136,50.66601899792531],[3.127825195466514,50.66598135414965],[3.12790321756961,50.665924593544254],[3.128031312396995,50.665794808811505],[3.128071540162637,50.66572394318098],[3.127966545472504,50.66533638213588],[3.127698291883468,50.66535552069604],[3.127695341958121,50.66535601947569],[3.127614067372799,50.66537778208673],[3.127537313413452,50.665406718739845],[3.127440948728812,50.66545422245762],[3.127255840022003,50.66530952096115],[3.127078833583399,50.66498695001712],[3.127052142488501,50.664988852527024],[3.126957728992648,50.66493052883163],[3.12682050540188,50.66480615170468],[3.126845436931023,50.66455610313296],[3.126850135589816,50.664539615112076],[3.126694567231722,50.664195765423365],[3.126656383127446,50.66418938012165],[3.126434709400088,50.66407157149119],[3.126046719583949,50.664699531887265],[3.126034482216511,50.66472545483128],[3.125931342438243,50.664903647216065],[3.125917343479665,50.664935851098356],[3.125925304851783,50.664937821200596],[3.126010526782966,50.66498189235505]]],[[[3.122388506165201,50.66762137554846],[3.1223290095771,50.66758421824532],[3.122255862036306,50.66754822297042],[3.122207316503278,50.66753224792281],[3.122138979235874,50.66753107475083],[3.122073842390192,50.667495137180794],[3.121820721593659,50.667630243458035],[3.121582456744342,50.66756629358507],[3.121526308606197,50.667594556070696],[3.121379127698607,50.667797276943425],[3.121327074034727,50.66793915491754],[3.121518246037729,50.66798905405052],[3.121705135369869,50.66795966419587],[3.121751569198284,50.66797640716285],[3.121920664662808,50.66808710629577],[3.121981412023778,50.668223348931946],[3.122099778481015,50.66831127830019],[3.122156398507089,50.66842636716951],[3.122238378862375,50.66847360492069],[3.122349475086063,50.668656628827684],[3.122371827862135,50.66867136417727],[3.122389531001139,50.6686854349989],[3.122443898174296,50.66874090173287],[3.122484874809783,50.66879504184712],[3.122546944124716,50.66889288598333],[3.122630673499537,50.66894293269434],[3.122741373664371,50.669137209906694],[3.12276123350178,50.66919006762782],[3.122849501064961,50.66925777369543],[3.122857178795476,50.669264753450435],[3.122890491551402,50.669299661644864],[3.122927946512995,50.6693448712569],[3.122960789487999,50.66939073306882],[3.122982089041517,50.66942479152359],[3.123028834161655,50.669509602298604],[3.12305951707353,50.66959474737906],[3.12306859554399,50.669602521471575],[3.123098766420425,50.66963127737499],[3.123137311131978,50.669672100288345],[3.123157696753978,50.66969621751572],[3.123185056399084,50.66970353006755],[3.123206304637586,50.669711159168614],[3.123270048901953,50.669728876055835],[3.123274653846141,50.66973061538462],[3.123333716129027,50.66974749032257],[3.123346107506311,50.66975195455615],[3.123394143261004,50.6697645036893],[3.123420358832435,50.669773435329645],[3.123443737810927,50.6697788031786],[3.123498803054099,50.66979618630018],[3.123537271574156,50.669812285460544],[3.12355599275855,50.66981464789572],[3.123620449137628,50.66982987381204],[3.12365174189228,50.66984133569311],[3.123673193475295,50.66984520616221],[3.12376664285715,50.669875071428564],[3.123867157792104,50.66985987731051],[3.12392234675333,50.66983583232739],[3.123928057948069,50.66983591450284],[3.124057966902533,50.66980983429608],[3.124158967162103,50.66969098282786],[3.124201111329205,50.66962682305106],[3.124239515809216,50.66955187237233],[3.12424766556141,50.669549194412674],[3.124275263888875,50.66953638734569],[3.124326925857742,50.669517549726365],[3.124332065053199,50.66951613548159],[3.124382024765864,50.6694959505203],[3.124409635838161,50.6694872398844],[3.124446908034364,50.66947199216776],[3.124467525944503,50.669466210893965],[3.124521695029499,50.66944610446503],[3.12459454825304,50.66941119562875],[3.124591385476137,50.66935155469285],[3.124569700481072,50.669244093495095],[3.124551917743836,50.66918644300824],[3.124500801737483,50.6690662872011],[3.124435751693588,50.66900854898384],[3.124418725801574,50.66898305666465],[3.124373461538462,50.668937384615376],[3.12430699233391,50.66889508603067],[3.124295618903354,50.668889898824155],[3.124226763260257,50.66887049986588],[3.124173625717909,50.66886249904277],[3.124136695876306,50.66886124226805],[3.124108324324309,50.66885718918919],[3.124080432640398,50.66885590975415],[3.124060090755931,50.66885294691445],[3.124012325472326,50.66885021188799],[3.123996567276626,50.668847912540365],[3.123983567310939,50.668847052248516],[3.123973039151719,50.66880294779774],[3.123952838648691,50.66874205975669],[3.123901179470799,50.66862544898086],[3.123889282646013,50.66861471177438],[3.123823466166659,50.66851920633965],[3.123769391629773,50.6684747146321],[3.123754876122021,50.66846606010294],[3.123616858019466,50.668412680279296],[3.123552454198469,50.668411493893124],[3.123525019440099,50.66840783592534],[3.123490509702677,50.66840664319248],[3.123467576267733,50.66840363881238],[3.12342871280855,50.66840196297532],[3.123426854166666,50.66840211166667],[3.123373595302304,50.66840172432947],[3.123300685216926,50.66839537327674],[3.123248476753473,50.66838693290848],[3.123242955250761,50.66837557860173],[3.123152107264856,50.66825318617627],[3.123048265296448,50.66817117570031],[3.122987386181189,50.66813298509174],[3.122915467501099,50.66809781482812],[3.122906073748969,50.668094302501444],[3.122865722948082,50.66804872884114],[3.122806257665684,50.6679938115727],[3.122773198502317,50.66796953736184],[3.122750401834633,50.667944310345796],[3.122696364112156,50.66789645135515],[3.122688759758811,50.66788565238946],[3.122630677106052,50.66782216976216],[3.122571001344085,50.66777148790323],[3.122559538281502,50.66775940521563],[3.122482137017728,50.66770226131386],[3.122466352419865,50.667683396794466],[3.122388506165201,50.66762137554846]]]]}},{"type":"Feature","properties":{"codeDepartement":"59","nomDepartement":"Nord","codeCirconscription":"5907","nomCirconscription":"7ème circonscription","codeCommune":"59646","nomCommune":"Wasquehal","numeroBureauVote":"0004","codeBureauVote":"59646_0004","id_bv":"59646_4"},"geometry":{"type":"MultiPolygon","coordinates":[[[[3.127386104692283,50.66401767966543],[3.127339513815194,50.66399195953698],[3.127145319884437,50.66404785589813],[3.126972444671803,50.66406435339825],[3.126694567231722,50.664195765423365],[3.126850135589816,50.664539615112076],[3.126845436931023,50.66455610313296],[3.12682050540188,50.66480615170468],[3.126957728992648,50.66493052883163],[3.127052142488501,50.664988852527024],[3.127078833583399,50.66498695001712],[3.127255840022003,50.66530952096115],[3.127440948728812,50.66545422245762],[3.127537313413452,50.665406718739845],[3.127614067372799,50.66537778208673],[3.127695341958121,50.66535601947569],[3.127698291883468,50.66535552069604],[3.127966545472504,50.66533638213588],[3.128071540162637,50.66572394318098],[3.128031312396995,50.665794808811505],[3.12790321756961,50.665924593544254],[3.127825195466514,50.66598135414965],[3.127748699170136,50.66601899792531],[3.127717232782361,50.66602851101929],[3.12763878209854,50.66603174609902],[3.127584675608726,50.6661403817856],[3.12721057722392,50.66654052499467],[3.127542936014488,50.66644226239571],[3.127660728085535,50.66636346905089],[3.127749377145192,50.66635799073822],[3.127844323003117,50.6664139588229],[3.127858635737461,50.666545720171335],[3.127958027427558,50.66665831232028],[3.128120080885731,50.666777576382195],[3.128035159493019,50.66688995876875],[3.127904111548065,50.6669915133247],[3.127794343617172,50.66709016894654],[3.12796920037983,50.6673538418426],[3.127985585803017,50.66736792029285],[3.128125145974508,50.667343120401746],[3.128394410979248,50.66761609940656],[3.128483239099971,50.66775323755783],[3.128536996188894,50.667775897496654],[3.12871101421638,50.66776241063123],[3.128731435737584,50.66776377614214],[3.128865014471069,50.667789692479424],[3.129090951465619,50.66769847939948],[3.129255141053796,50.667690987376496],[3.129296283819742,50.66767401473018],[3.129373381331207,50.66763527029549],[3.129531949343866,50.667574826689695],[3.12955734216805,50.66756836590944],[3.129562723488422,50.667564204001565],[3.12980658827958,50.66741077143516],[3.129863147546136,50.66736629053352],[3.129909048164375,50.66731574455151],[3.130000308102891,50.66726057458868],[3.130152218747854,50.66715365103774],[3.13020069194921,50.667135004099755],[3.130255293697322,50.66710912380099],[3.130292070919106,50.66708888374638],[3.130351749196896,50.667034184585916],[3.130408007951353,50.666958859414684],[3.130504074892217,50.66672432864325],[3.130551579264506,50.666677093036846],[3.130613882986668,50.66648182405397],[3.130434024974769,50.66594013404164],[3.130188714362331,50.665737314731714],[3.130226107240048,50.66561007324322],[3.130169417051123,50.665218230657366],[3.130703440787671,50.66498624615246],[3.130696875399586,50.664903949776225],[3.130664593726681,50.66472657413261],[3.130652820525137,50.6647008533995],[3.130565955855526,50.66460507953302],[3.130332913424239,50.66448490942753],[3.130283087113635,50.66446708898548],[3.130108215650585,50.66395792508701],[3.129926861570516,50.66396937378924],[3.129858377813917,50.66400317819871],[3.129498704737022,50.66457754843533],[3.12928098261906,50.664640521239875],[3.129259448409078,50.664655148250425],[3.128974062615808,50.66449653960763],[3.128702041869477,50.66448792112853],[3.128442285154977,50.66461858982063],[3.128208035836098,50.664873911776965],[3.128092110248055,50.66475433635781],[3.128015602813616,50.66397461165367],[3.127890995773436,50.66394856673952],[3.127625976907492,50.66401451424713],[3.127571836731908,50.66401899318763],[3.127386104692283,50.66401767966543]]],[[[3.121043282702444,50.664807924772404],[3.120944820305879,50.66488388147834],[3.120906832135165,50.66488202839683],[3.120847772120399,50.66486704035684],[3.120322871567942,50.66459630217716],[3.120011953061898,50.66483552568586],[3.120183182582175,50.66519782229278],[3.120217154488453,50.6652322024062],[3.120386407153398,50.66533454607429],[3.120481878970533,50.6653681548882],[3.120596984455632,50.66542018489281],[3.120613456690984,50.6654294477944],[3.120660228562524,50.66546142178568],[3.120702279098876,50.665484073007924],[3.120737784810115,50.66549689451476],[3.120793772067145,50.665522962655594],[3.120848859567188,50.66555507782299],[3.120886398627614,50.665581994719666],[3.120895318946577,50.66558961856257],[3.120960314915263,50.66563201131557],[3.120987826808972,50.66565373345592],[3.121043821759547,50.66568723605277],[3.121061125783846,50.665699930820594],[3.121079685652357,50.66571615592858],[3.121157201634171,50.66576995179296],[3.121165925755526,50.66577508718295],[3.121194264039806,50.66579545921456],[3.121200064463912,50.66580132834081],[3.121261884841077,50.66585612592313],[3.121319846320349,50.66589298051947],[3.121327759775474,50.66589908621103],[3.121342909487757,50.66593124948032],[3.12137646424012,50.66598901225736],[3.121422540220602,50.66605374900994],[3.121474283394438,50.66611273389208],[3.121540308219181,50.66617075570776],[3.121830544841961,50.66636584149634],[3.121849635068702,50.66636542239146],[3.122077137547201,50.66654594066246],[3.122078842239135,50.666549679654416],[3.12211481087731,50.66660055800913],[3.122160461459949,50.66668490938421],[3.12229637224167,50.66684341891418],[3.12231527596475,50.666859494521205],[3.12243888,50.666916859999986],[3.122707263238683,50.66695040790484],[3.122710975666277,50.666957373696405],[3.122757079746838,50.667024434177215],[3.122799577638109,50.667076466851796],[3.122870478280742,50.66714806123848],[3.122969020722333,50.66721744316164],[3.122977930555552,50.667221843750006],[3.123019873239429,50.66731621478871],[3.12306693919442,50.66739330557708],[3.123120256939629,50.667456416377526],[3.12318192497465,50.66751081074686],[3.123243768413265,50.66755039618253],[3.123313267078184,50.66758248355783],[3.123383637759016,50.667604649654635],[3.123470290743943,50.667620707725284],[3.123628007194614,50.667632447137464],[3.123913655225737,50.66759191863099],[3.123917989884941,50.66759079308543],[3.124063825176718,50.66754397759915],[3.124015714967994,50.667399149709844],[3.124018281700183,50.667381292273916],[3.124036487003327,50.6672914714074],[3.124064451852361,50.66718656459805],[3.124115045764152,50.667045372286076],[3.124118989612179,50.66703696191137],[3.124223240902835,50.666867792234584],[3.124268075376885,50.66681215075376],[3.124408227706575,50.66668589107483],[3.124417722788108,50.66668066544449],[3.124467461577752,50.666666153916026],[3.124511903855814,50.66663157480672],[3.124606262109803,50.66658682077503],[3.124677489955815,50.6665700701587],[3.124702261051364,50.66655118219833],[3.124833864549493,50.66648804808775],[3.124964512156124,50.66650704204235],[3.125170484995815,50.66633280339016],[3.125296613085621,50.6663076276252],[3.125314115168958,50.66630803392357],[3.125398679494575,50.666231275535694],[3.125509385505074,50.666170799566075],[3.125543081927782,50.66616198561245],[3.125615031850819,50.66610811447719],[3.125731347349855,50.66606049538026],[3.12583690058515,50.66604574742323],[3.125853171971862,50.66602496171888],[3.125954791828145,50.66594355942563],[3.126068647320317,50.665893535959945],[3.126097396943855,50.66588902736318],[3.126182386733216,50.66583520742322],[3.12629077824972,50.66580102780893],[3.126300874387087,50.66579269084703],[3.126413615120276,50.66573907636503],[3.126488921894861,50.66572413454467],[3.126586758628415,50.665488211788436],[3.126579636940174,50.665464836569754],[3.126587101063092,50.665310578029455],[3.12645336327272,50.66517139390375],[3.126301883614947,50.66506918444608],[3.126194902468912,50.665040487786726],[3.126151299230223,50.66503288645585],[3.126010526782966,50.66498189235505],[3.125925304851783,50.664937821200596],[3.125917343479665,50.664935851098356],[3.125860003914676,50.66495106574827],[3.125845005592827,50.66495704035451],[3.125844358985025,50.66495722574555],[3.125770133746082,50.66507449283902],[3.125669525956669,50.66519787636687],[3.125544528184623,50.665314796738464],[3.125367076158936,50.665400463233624],[3.125233718467776,50.66543912504191],[3.125111478499296,50.66545727804322],[3.124916155224849,50.66545968944167],[3.124689631719006,50.665410840340606],[3.124431125707716,50.66533092054323],[3.12440956331679,50.665319680963584],[3.124400398470684,50.66532017268479],[3.124159090831151,50.66538909775216],[3.12408407730845,50.66540567835646],[3.124038075263527,50.665420605656585],[3.123983759528804,50.66540218525437],[3.123908606389251,50.66538289655511],[3.12339342357982,50.66528965794848],[3.123354660490709,50.66528013425848],[3.122918485863475,50.6650246734135],[3.122916389049556,50.66502328622319],[3.12287736514713,50.664987497311934],[3.122728304257836,50.66503966272212],[3.121942121168203,50.664972585620376],[3.121813706408219,50.665046953058855],[3.121804399671831,50.665047800526565],[3.121671532144516,50.6650444847594],[3.121567973029044,50.66501150414939],[3.121468248515304,50.664961288259484],[3.121417878136757,50.66492360962986],[3.12135820319156,50.66486108453803],[3.121346198924744,50.664862564516135],[3.121248804123705,50.66485886597939],[3.121043282702444,50.664807924772404]]],[[[3.112807,50.666523],[3.112592,50.666617],[3.112081,50.666786],[3.111329,50.667136],[3.112001,50.667848],[3.111835,50.667929],[3.111672053402845,50.6680328544495],[3.110732,50.668632],[3.111312,50.668955],[3.11138722839479,50.669015659515516],[3.111471802298168,50.66908385467],[3.111596,50.669184],[3.111760128067367,50.66937457845839],[3.111838,50.669465],[3.1121300217353,50.66988251215669],[3.112208,50.669994],[3.112365,50.670187],[3.112583275550378,50.670421883472684],[3.113009,50.67088],[3.113328,50.671172],[3.113417,50.671287],[3.113655,50.671456],[3.11388,50.671798],[3.113936311333868,50.672077786884564],[3.11423,50.673537],[3.114819,50.673617],[3.115021755805491,50.67364973058003],[3.115118043255358,50.673665274125504],[3.115187027908881,50.67367641021958],[3.115255463786001,50.67368745772546],[3.115354729233653,50.67370348200486],[3.115449234943127,50.673718737926535],[3.115510665757254,50.6737286546151],[3.1155750848722,50.6737390537008],[3.115670998987019,50.67375453697933],[3.11576480428401,50.673769679834415],[3.115824948163341,50.67377938877494],[3.115880900578751,50.67378842109343],[3.116062227688047,50.67381769246964],[3.116219,50.673843],[3.116238502586028,50.67384773975892],[3.11643741164847,50.673896081091826],[3.116781157351428,50.67397962241094],[3.11693817371868,50.67401778246452],[3.117116,50.674061],[3.117142237295827,50.674063555580766],[3.11727,50.674076],[3.118191,50.674294],[3.118196167667421,50.67429621259324],[3.118082835823078,50.67382474160272],[3.118046242984725,50.67374869941913],[3.117995531975176,50.673616936022896],[3.117945459977696,50.67351559480718],[3.117566904050452,50.67294174147578],[3.117544646169133,50.67287993575963],[3.117546606846262,50.67275263698174],[3.118350616927064,50.672304229073816],[3.118625530826969,50.672260004918705],[3.118655911618939,50.67207584737837],[3.118898865430818,50.67176866439782],[3.118975451703415,50.67169910961923],[3.119077656200942,50.67167020329669],[3.119282140125335,50.6717391858254],[3.119427060955786,50.67175301774849],[3.119454697988017,50.67175092077523],[3.119507037431129,50.671656983192634],[3.119523071233365,50.67161625085665],[3.11957045163199,50.67156404730367],[3.119605520073203,50.67153274654621],[3.119647560605185,50.67150274831496],[3.119713089873967,50.67146990694842],[3.119868247126439,50.67142864172169],[3.120294370684559,50.671512506464516],[3.12038991204236,50.671486362778175],[3.12053002553711,50.671429604183274],[3.120726927294393,50.671300188915374],[3.120733097293944,50.671295226089654],[3.121148993825345,50.67144606657984],[3.121288578254421,50.671464886004074],[3.121566653071405,50.67147841842841],[3.121674699694729,50.67150328531524],[3.121965770975928,50.67079244951575],[3.122258877648593,50.67064701490719],[3.122328782077659,50.67062277282077],[3.122388956829636,50.67061099257831],[3.122504931425823,50.67062622566889],[3.122812277343923,50.67078699122605],[3.123145012452916,50.6708174347734],[3.123174919494614,50.67081486587587],[3.123336772469639,50.670878667987175],[3.123492652057916,50.670982183879566],[3.123508328161,50.67099122778519],[3.123794376871971,50.67092174825331],[3.124013399768313,50.670892370497064],[3.124257378452413,50.67080631539571],[3.124300583008708,50.6708001041171],[3.124387886568511,50.67079770216628],[3.124431614633615,50.670723148256236],[3.12447254530974,50.670658272176766],[3.124530650182133,50.670573329230685],[3.12457537657906,50.67051499332451],[3.124613218877411,50.67047122457425],[3.124661561494842,50.670420219016044],[3.124725995901623,50.67035864836066],[3.124770188814061,50.67032130985913],[3.124831093212757,50.67027636436705],[3.12488326247167,50.670242797567575],[3.124978429574591,50.67019009153261],[3.125094958634758,50.67014880862437],[3.125133861389519,50.67014139174],[3.125359817205648,50.670416172179706],[3.125611224126865,50.67046211456126],[3.125722757016718,50.670337340323755],[3.125757790679045,50.670247420590435],[3.125655035671104,50.67013595243853],[3.12541562737197,50.67001518425208],[3.125489771146458,50.66985260857991],[3.125409357512205,50.66966340002872],[3.12534691357852,50.669607156201934],[3.125267378024701,50.66957865950618],[3.125186155082917,50.669578999351124],[3.125174891826715,50.66957047808613],[3.125118023809517,50.66954369508449],[3.125065013670651,50.66952721685951],[3.125012898636627,50.66951813515116],[3.12501051800767,50.66951798746945],[3.12495773582685,50.66949888534687],[3.124877192858136,50.6694791059895],[3.124855621551057,50.66947780499627],[3.124800314371254,50.66945974550898],[3.124741878378376,50.66944590540541],[3.124716853887387,50.669437420337026],[3.124669690140855,50.66942899823943],[3.124636332757453,50.6694199469982],[3.124598962781096,50.66941249476128],[3.12459454825304,50.66941119562875],[3.124521695029499,50.66944610446503],[3.124467525944503,50.669466210893965],[3.124446908034364,50.66947199216776],[3.124409635838161,50.6694872398844],[3.124382024765864,50.6694959505203],[3.124332065053199,50.66951613548159],[3.124326925857742,50.669517549726365],[3.124275263888875,50.66953638734569],[3.12424766556141,50.669549194412674],[3.124239515809216,50.66955187237233],[3.124201111329205,50.66962682305106],[3.124158967162103,50.66969098282786],[3.124057966902533,50.66980983429608],[3.123928057948069,50.66983591450284],[3.12392234675333,50.66983583232739],[3.123867157792104,50.66985987731051],[3.12376664285715,50.669875071428564],[3.123673193475295,50.66984520616221],[3.12365174189228,50.66984133569311],[3.123620449137628,50.66982987381204],[3.12355599275855,50.66981464789572],[3.123537271574156,50.669812285460544],[3.123498803054099,50.66979618630018],[3.123443737810927,50.6697788031786],[3.123420358832435,50.669773435329645],[3.123394143261004,50.6697645036893],[3.123346107506311,50.66975195455615],[3.123333716129027,50.66974749032257],[3.123274653846141,50.66973061538462],[3.123270048901953,50.669728876055835],[3.123206304637586,50.669711159168614],[3.123185056399084,50.66970353006755],[3.123157696753978,50.66969621751572],[3.12314468601584,50.66973245646435],[3.123055596713962,50.66993290739357],[3.122843846553711,50.67007965517906],[3.122674636863027,50.670106264767504],[3.122623564083464,50.67009070721311],[3.122575559179175,50.67009466761772],[3.122460653685915,50.67006862595219],[3.122456915485346,50.67006714747286],[3.12235372104128,50.66999875115527],[3.122242952796848,50.66997980870305],[3.122237278785857,50.66997817731284],[3.122172902963054,50.67007011050539],[3.122108619800745,50.670139000278674],[3.121930370788158,50.67027920834347],[3.121848902296679,50.670440593545635],[3.121556261135876,50.670332235231676],[3.121372898675981,50.67031589205591],[3.121211550204518,50.67020297957782],[3.121169069144856,50.67018204200324],[3.121102154376936,50.67016847594955],[3.120418497605585,50.67046796779205],[3.120080426790011,50.67022818748637],[3.119903825852184,50.67007468457855],[3.119591291239479,50.669859185291905],[3.119450875245044,50.669826615208684],[3.119191337178633,50.67001295023072],[3.119150567209382,50.67038697038348],[3.119060350302303,50.67070894591758],[3.118959743470764,50.67091557687158],[3.118822299882996,50.67107253228393],[3.118771030806682,50.67119694524246],[3.118601290954255,50.67136829146573],[3.118396271827618,50.671503868630126],[3.118297615797016,50.6714696655812],[3.118153541938762,50.67134908874703],[3.1180319606565,50.67107564385569],[3.117977112527889,50.67101230108385],[3.11756373064378,50.67091964652361],[3.116484588199018,50.67146312768237],[3.116420008262021,50.671446751583815],[3.115834208336691,50.671368346240094],[3.115351463110884,50.67135264165709],[3.114979088283488,50.67136274291663],[3.114639602659523,50.66967356141115],[3.114848232593022,50.66905061738213],[3.114571759076407,50.667813684466005],[3.114292262603036,50.66738764744248],[3.113480503580503,50.666399870156795],[3.113366576418049,50.66621885925834],[3.11294,50.666421],[3.112807,50.666523]]]]}},{"type":"Feature","properties":{"codeDepartement":"59","nomDepartement":"Nord","codeCirconscription":"5907","nomCirconscription":"7ème circonscription","codeCommune":"59646","nomCommune":"Wasquehal","numeroBureauVote":"0005","codeBureauVote":"59646_0005","id_bv":"59646_5"},"geometry":{"type":"MultiPolygon","coordinates":[[[[3.13430949124989,50.664190682637035],[3.134476204036369,50.66418277921606],[3.13472056434392,50.66411454131426],[3.134749548615445,50.66409353479825],[3.13502782144948,50.664151167811795],[3.135117885808898,50.66412647504763],[3.135285281799301,50.664121759667616],[3.135314146511839,50.664128786824136],[3.13546102838685,50.66410025244715],[3.13555217603049,50.66410811000263],[3.135632768360704,50.66409856947755],[3.135670792530471,50.66408883958796],[3.135849700521062,50.66347439329241],[3.135802,50.663424],[3.135860278003276,50.663297560589385],[3.13542405219266,50.66344577380991],[3.13524763554553,50.66345918560179],[3.135081916821496,50.66342957591623],[3.135008742861323,50.6634004939577],[3.134742798334835,50.663380336793104],[3.134709225763835,50.663386052038064],[3.134510747201827,50.66329984625105],[3.134254868263197,50.66324995342179],[3.133837539975666,50.66305177012543],[3.133789379564841,50.66304821630377],[3.133537521067776,50.66348860887579],[3.133128500380535,50.66352919056277],[3.132849007465476,50.663645886058234],[3.132634412015587,50.663841321200096],[3.132431947045173,50.66372283553979],[3.132009987837725,50.66374041717343],[3.131911993404903,50.66364069681126],[3.131549490464691,50.66367466487593],[3.131495736178223,50.66365122373113],[3.131217790597688,50.66379328480563],[3.130636795993487,50.66373541229623],[3.130829655771434,50.664114510057146],[3.130910662527335,50.664240189656375],[3.131103611068701,50.66435839236641],[3.131251910315707,50.664403425645595],[3.131425320611904,50.66454391737711],[3.131460965761162,50.664558721279],[3.131602279368416,50.66460726884211],[3.131657370172849,50.664647629484925],[3.131671649876882,50.66465676168889],[3.131669974574136,50.6647732999366],[3.131701907977042,50.664933463325276],[3.132001210546406,50.66525742239921],[3.132384859571661,50.6653226934999],[3.132461987931034,50.66529269913792],[3.132574499813654,50.665355573425266],[3.132593100727655,50.66535767522346],[3.132838245198809,50.665310896447565],[3.132905765747064,50.66526627760574],[3.132955160542808,50.66522000075392],[3.133003376205171,50.66515959471654],[3.13306392989399,50.665057969830094],[3.13310566581641,50.664924255378004],[3.13311261350249,50.66489165915077],[3.133121879413592,50.66488159054305],[3.133184272727292,50.66480227272724],[3.13321575018208,50.66475512527313],[3.133248974998154,50.6646968637473],[3.133261066909593,50.66467160368099],[3.133299308979862,50.664615914111266],[3.133309848802468,50.66459834074171],[3.133393605042767,50.664437702423385],[3.133401563409528,50.66441755465943],[3.13343296807119,50.664393035345206],[3.133528333336916,50.66431053604222],[3.133551231592716,50.664288373276435],[3.133581467168277,50.66425300468455],[3.133722082018991,50.66427456765302],[3.133734145138226,50.66427566676738],[3.133860480674389,50.664279689243166],[3.134006683637249,50.66427239732482],[3.134057927468052,50.66426523924401],[3.134200276842057,50.66423420940773],[3.134276062708102,50.66420808379579],[3.13430949124989,50.664190682637035]]],[[[3.128471735798276,50.66394759068292],[3.128406700588794,50.66397095071599],[3.128089143296506,50.66393961282531],[3.128015602813616,50.66397461165367],[3.128092110248055,50.66475433635781],[3.128208035836098,50.664873911776965],[3.128442285154977,50.66461858982063],[3.128702041869477,50.66448792112853],[3.128974062615808,50.66449653960763],[3.129259448409078,50.664655148250425],[3.12928098261906,50.664640521239875],[3.129498704737022,50.66457754843533],[3.129858377813917,50.66400317819871],[3.129203351680299,50.66388830421259],[3.12907078106851,50.66380031486848],[3.128937908828375,50.66383854067625],[3.128870415765746,50.66383487890714],[3.128676830636235,50.6639332739978],[3.128471735798276,50.66394759068292]]],[[[3.120906832135165,50.66488202839683],[3.120944820305879,50.66488388147834],[3.121043282702444,50.664807924772404],[3.121248804123705,50.66485886597939],[3.121346198924744,50.664862564516135],[3.12135820319156,50.66486108453803],[3.121417878136757,50.66492360962986],[3.121468248515304,50.664961288259484],[3.121567973029044,50.66501150414939],[3.121671532144516,50.6650444847594],[3.121804399671831,50.665047800526565],[3.121813706408219,50.665046953058855],[3.121942121168203,50.664972585620376],[3.122728304257836,50.66503966272212],[3.12287736514713,50.664987497311934],[3.122916389049556,50.66502328622319],[3.122918485863475,50.6650246734135],[3.123354660490709,50.66528013425848],[3.12339342357982,50.66528965794848],[3.123908606389251,50.66538289655511],[3.123983759528804,50.66540218525437],[3.124038075263527,50.665420605656585],[3.12408407730845,50.66540567835646],[3.124159090831151,50.66538909775216],[3.124400398470684,50.66532017268479],[3.12440956331679,50.665319680963584],[3.124431125707716,50.66533092054323],[3.124689631719006,50.665410840340606],[3.124916155224849,50.66545968944167],[3.125111478499296,50.66545727804322],[3.125233718467776,50.66543912504191],[3.125367076158936,50.665400463233624],[3.125544528184623,50.665314796738464],[3.125669525956669,50.66519787636687],[3.125770133746082,50.66507449283902],[3.125844358985025,50.66495722574555],[3.125845005592827,50.66495704035451],[3.125860003914676,50.66495106574827],[3.125917343479665,50.664935851098356],[3.125931342438243,50.664903647216065],[3.126034482216511,50.66472545483128],[3.126046719583949,50.664699531887265],[3.126434709400088,50.66407157149119],[3.126358597918695,50.663984407517454],[3.126014419473603,50.66406967973543],[3.125924799720109,50.66407926473581],[3.125758864847897,50.66405977772236],[3.125725147759678,50.66404770257137],[3.125665178553224,50.66407128476822],[3.12555478693345,50.664094185157424],[3.125437292463702,50.66409954455428],[3.125408100349321,50.664095695594],[3.125267246481696,50.664156450743874],[3.125162306621144,50.664145311875984],[3.12508442023265,50.664151000207724],[3.12504940712132,50.66415987019593],[3.124924376385183,50.66415871035607],[3.12472346417784,50.66410839047964],[3.124711872737735,50.66411758369076],[3.124442248567328,50.66416924525626],[3.1243291231229,50.66422637023217],[3.124042609990742,50.664147836386874],[3.123981685141928,50.66411059820824],[3.123860263174599,50.66415840054422],[3.123703932578232,50.66418276375404],[3.123619339980781,50.66417838827486],[3.1233655,50.66428669333334],[3.123226301059901,50.664378796632036],[3.122879495424315,50.664784633014115],[3.122869037844698,50.66480451579802],[3.122726745725864,50.66466062489132],[3.122291,50.66438151434035],[3.121880742118396,50.66422227466546],[3.121657184389448,50.66431754074313],[3.121605282468117,50.66431035162565],[3.121486371651633,50.66435712117558],[3.121174163265307,50.66431133061226],[3.12099675580308,50.66438142819488],[3.12052129766432,50.6643178877063],[3.120322871567942,50.66459630217716],[3.120847772120399,50.66486704035684],[3.120906832135165,50.66488202839683]]],[[[3.113448,50.665229],[3.113046,50.665066],[3.112744,50.665296],[3.113729593856375,50.66594544445415],[3.113779,50.665978],[3.113514,50.666149],[3.113366576418049,50.66621885925834],[3.113480503580503,50.666399870156795],[3.114292262603036,50.66738764744248],[3.114571759076407,50.667813684466005],[3.114848232593022,50.66905061738213],[3.114639602659523,50.66967356141115],[3.114979088283488,50.67136274291663],[3.115351463110884,50.67135264165709],[3.115834208336691,50.671368346240094],[3.116420008262021,50.671446751583815],[3.116484588199018,50.67146312768237],[3.11756373064378,50.67091964652361],[3.117977112527889,50.67101230108385],[3.1180319606565,50.67107564385569],[3.118153541938762,50.67134908874703],[3.118297615797016,50.6714696655812],[3.118396271827618,50.671503868630126],[3.118601290954255,50.67136829146573],[3.118771030806682,50.67119694524246],[3.118822299882996,50.67107253228393],[3.118959743470764,50.67091557687158],[3.119060350302303,50.67070894591758],[3.119150567209382,50.67038697038348],[3.119191337178633,50.67001295023072],[3.119450875245044,50.669826615208684],[3.119591291239479,50.669859185291905],[3.119903825852184,50.67007468457855],[3.120080426790011,50.67022818748637],[3.120418497605585,50.67046796779205],[3.121102154376936,50.67016847594955],[3.121169069144856,50.67018204200324],[3.121211550204518,50.67020297957782],[3.121372898675981,50.67031589205591],[3.121556261135876,50.670332235231676],[3.121848902296679,50.670440593545635],[3.121930370788158,50.67027920834347],[3.122108619800745,50.670139000278674],[3.122172902963054,50.67007011050539],[3.122237278785857,50.66997817731284],[3.122242952796848,50.66997980870305],[3.12235372104128,50.66999875115527],[3.122456915485346,50.67006714747286],[3.122460653685915,50.67006862595219],[3.122575559179175,50.67009466761772],[3.122623564083464,50.67009070721311],[3.122674636863027,50.670106264767504],[3.122843846553711,50.67007965517906],[3.123055596713962,50.66993290739357],[3.12314468601584,50.66973245646435],[3.123157696753978,50.66969621751572],[3.123137311131978,50.669672100288345],[3.123098766420425,50.66963127737499],[3.12306859554399,50.669602521471575],[3.12305951707353,50.66959474737906],[3.123028834161655,50.669509602298604],[3.122982089041517,50.66942479152359],[3.122960789487999,50.66939073306882],[3.122927946512995,50.6693448712569],[3.122890491551402,50.669299661644864],[3.122857178795476,50.669264753450435],[3.122849501064961,50.66925777369543],[3.12276123350178,50.66919006762782],[3.122741373664371,50.669137209906694],[3.122630673499537,50.66894293269434],[3.122546944124716,50.66889288598333],[3.122484874809783,50.66879504184712],[3.122443898174296,50.66874090173287],[3.122389531001139,50.6686854349989],[3.122371827862135,50.66867136417727],[3.122349475086063,50.668656628827684],[3.122238378862375,50.66847360492069],[3.122156398507089,50.66842636716951],[3.122099778481015,50.66831127830019],[3.121981412023778,50.668223348931946],[3.121920664662808,50.66808710629577],[3.121751569198284,50.66797640716285],[3.121705135369869,50.66795966419587],[3.121518246037729,50.66798905405052],[3.121327074034727,50.66793915491754],[3.121379127698607,50.667797276943425],[3.121526308606197,50.667594556070696],[3.121582456744342,50.66756629358507],[3.121820721593659,50.667630243458035],[3.122073842390192,50.667495137180794],[3.122138979235874,50.66753107475083],[3.122207316503278,50.66753224792281],[3.122255862036306,50.66754822297042],[3.1223290095771,50.66758421824532],[3.122388506165201,50.66762137554846],[3.122466352419865,50.667683396794466],[3.122482137017728,50.66770226131386],[3.122559538281502,50.66775940521563],[3.122571001344085,50.66777148790323],[3.122630677106052,50.66782216976216],[3.122688759758811,50.66788565238946],[3.122696364112156,50.66789645135515],[3.122750401834633,50.667944310345796],[3.122773198502317,50.66796953736184],[3.122806257665684,50.6679938115727],[3.122865722948082,50.66804872884114],[3.122906073748969,50.668094302501444],[3.122915467501099,50.66809781482812],[3.122987386181189,50.66813298509174],[3.123048265296448,50.66817117570031],[3.123152107264856,50.66825318617627],[3.123242955250761,50.66837557860173],[3.123248476753473,50.66838693290848],[3.123300685216926,50.66839537327674],[3.123373595302304,50.66840172432947],[3.123426854166666,50.66840211166667],[3.12342871280855,50.66840196297532],[3.123467576267733,50.66840363881238],[3.123490509702677,50.66840664319248],[3.123525019440099,50.66840783592534],[3.123552454198469,50.668411493893124],[3.123616858019466,50.668412680279296],[3.123754876122021,50.66846606010294],[3.123769391629773,50.6684747146321],[3.123823466166659,50.66851920633965],[3.123889282646013,50.66861471177438],[3.123901179470799,50.66862544898086],[3.123952838648691,50.66874205975669],[3.123973039151719,50.66880294779774],[3.123983567310939,50.668847052248516],[3.123996567276626,50.668847912540365],[3.124012325472326,50.66885021188799],[3.124060090755931,50.66885294691445],[3.124080432640398,50.66885590975415],[3.124108324324309,50.66885718918919],[3.124136695876306,50.66886124226805],[3.124173625717909,50.66886249904277],[3.124226763260257,50.66887049986588],[3.124295618903354,50.668889898824155],[3.12430699233391,50.66889508603067],[3.124373461538462,50.668937384615376],[3.124418725801574,50.66898305666465],[3.124435751693588,50.66900854898384],[3.124500801737483,50.6690662872011],[3.124551917743836,50.66918644300824],[3.124569700481072,50.669244093495095],[3.124591385476137,50.66935155469285],[3.12459454825304,50.66941119562875],[3.124598962781096,50.66941249476128],[3.124636332757453,50.6694199469982],[3.124669690140855,50.66942899823943],[3.124716853887387,50.669437420337026],[3.124741878378376,50.66944590540541],[3.124800314371254,50.66945974550898],[3.124855621551057,50.66947780499627],[3.124877192858136,50.6694791059895],[3.12495773582685,50.66949888534687],[3.12501051800767,50.66951798746945],[3.125012898636627,50.66951813515116],[3.125065013670651,50.66952721685951],[3.125118023809517,50.66954369508449],[3.125174891826715,50.66957047808613],[3.125186155082917,50.669578999351124],[3.125267378024701,50.66957865950618],[3.12534691357852,50.669607156201934],[3.125409357512205,50.66966340002872],[3.125489771146458,50.66985260857991],[3.12541562737197,50.67001518425208],[3.125655035671104,50.67013595243853],[3.125757790679045,50.670247420590435],[3.125722757016718,50.670337340323755],[3.125611224126865,50.67046211456126],[3.125359817205648,50.670416172179706],[3.125133861389519,50.67014139174],[3.125094958634758,50.67014880862437],[3.124978429574591,50.67019009153261],[3.12488326247167,50.670242797567575],[3.124831093212757,50.67027636436705],[3.124770188814061,50.67032130985913],[3.124725995901623,50.67035864836066],[3.124661561494842,50.670420219016044],[3.124613218877411,50.67047122457425],[3.12457537657906,50.67051499332451],[3.124530650182133,50.670573329230685],[3.12447254530974,50.670658272176766],[3.124431614633615,50.670723148256236],[3.124387886568511,50.67079770216628],[3.124480793054669,50.670879820550915],[3.124521875327705,50.670890162371904],[3.125171403343981,50.671104745042456],[3.125243760701871,50.671098940101885],[3.125575887013234,50.671035416533485],[3.125697516853933,50.6711024494382],[3.126136016827926,50.67123237535643],[3.126238313943573,50.67118700548721],[3.126423785842253,50.67113590773657],[3.126575365286219,50.67111982926924],[3.126654498394322,50.67110614649278],[3.126685332432799,50.67106629424645],[3.127198353993927,50.67055439159821],[3.127194501832792,50.670536654856285],[3.127163512434548,50.67047320287956],[3.127128988575784,50.67040967897943],[3.127099267301831,50.67035975086374],[3.127070763778201,50.6703155140628],[3.126998280273872,50.670211937072075],[3.12679955742452,50.669998685538566],[3.126759446213318,50.66998607023067],[3.126716472841627,50.669977723808884],[3.12645650321922,50.669984648637886],[3.126282225259187,50.66994070028276],[3.126017812499995,50.66965225],[3.125933755441742,50.66949838284251],[3.125922541615672,50.66937182680539],[3.125920295945849,50.66936848762844],[3.125824961580445,50.66927559038214],[3.1257498784631,50.669219506646314],[3.12574406648807,50.66921418822113],[3.125682547921568,50.669169372276194],[3.125672375027367,50.66916059851931],[3.125616960691896,50.66912151294135],[3.125558214448981,50.669071267229285],[3.125516435340088,50.6690296156902],[3.125482660804011,50.668992106469844],[3.125443673960626,50.66894376805253],[3.125418286864664,50.668908804329625],[3.125373067093506,50.668839268266446],[3.125350615636258,50.66879633225312],[3.125314925707388,50.66877913051602],[3.125249734243743,50.668743830031985],[3.12518203673679,50.66869820947714],[3.125120267732784,50.66865206525665],[3.125065628394473,50.66860230443068],[3.125022621160382,50.66855883845275],[3.124955647556393,50.66848460937499],[3.124887661260041,50.66838185735893],[3.124849480128598,50.66831694281829],[3.124767391139318,50.66814232011744],[3.124749104977129,50.668095193363875],[3.12473706679457,50.66806078206025],[3.124730831127671,50.66804096327396],[3.124684891249438,50.668012697974845],[3.124654474146542,50.66799263360954],[3.124606303879265,50.667958594827546],[3.124574195137999,50.66793429632066],[3.124491798632108,50.66786767345317],[3.124460507540878,50.66783597860593],[3.124378951983831,50.66776894757533],[3.124376782284431,50.66776753161354],[3.124330434882366,50.6677333360483],[3.124239398581033,50.66766187664579],[3.124225924472769,50.667648366055275],[3.124132583697599,50.66759076675161],[3.124091987317306,50.66756391360771],[3.124063825176718,50.66754397759915],[3.123917989884941,50.66759079308543],[3.123913655225737,50.66759191863099],[3.123628007194614,50.667632447137464],[3.123470290743943,50.667620707725284],[3.123383637759016,50.667604649654635],[3.123313267078184,50.66758248355783],[3.123243768413265,50.66755039618253],[3.12318192497465,50.66751081074686],[3.123120256939629,50.667456416377526],[3.12306693919442,50.66739330557708],[3.123019873239429,50.66731621478871],[3.122977930555552,50.667221843750006],[3.122969020722333,50.66721744316164],[3.122870478280742,50.66714806123848],[3.122799577638109,50.667076466851796],[3.122757079746838,50.667024434177215],[3.122710975666277,50.666957373696405],[3.122707263238683,50.66695040790484],[3.12243888,50.666916859999986],[3.12231527596475,50.666859494521205],[3.12200660181929,50.66738186615195],[3.121948569731171,50.66732995055642],[3.121869884199693,50.66719092768914],[3.12229637224167,50.66684341891418],[3.122160461459949,50.66668490938421],[3.12211481087731,50.66660055800913],[3.122078842239135,50.666549679654416],[3.122077137547201,50.66654594066246],[3.121849635068702,50.66636542239146],[3.121830544841961,50.66636584149634],[3.121540308219181,50.66617075570776],[3.121474283394438,50.66611273389208],[3.121422540220602,50.66605374900994],[3.12137646424012,50.66598901225736],[3.121342909487757,50.66593124948032],[3.121327759775474,50.66589908621103],[3.121319846320349,50.66589298051947],[3.121261884841077,50.66585612592313],[3.121200064463912,50.66580132834081],[3.121194264039806,50.66579545921456],[3.121165925755526,50.66577508718295],[3.121157201634171,50.66576995179296],[3.121079685652357,50.66571615592858],[3.121061125783846,50.665699930820594],[3.121043821759547,50.66568723605277],[3.120987826808972,50.66565373345592],[3.120960314915263,50.66563201131557],[3.120895318946577,50.66558961856257],[3.120886398627614,50.665581994719666],[3.120848859567188,50.66555507782299],[3.120793772067145,50.665522962655594],[3.120737784810115,50.66549689451476],[3.120702279098876,50.665484073007924],[3.120660228562524,50.66546142178568],[3.120613456690984,50.6654294477944],[3.120596984455632,50.66542018489281],[3.120481878970533,50.6653681548882],[3.120386407153398,50.66533454607429],[3.120217154488453,50.6652322024062],[3.120183182582175,50.66519782229278],[3.120011953061898,50.66483552568586],[3.119882553838464,50.66479952309748],[3.119787447826526,50.66476672049564],[3.119727941574945,50.66474208298052],[3.119685234693873,50.66472152040815],[3.119621513131708,50.66468597048401],[3.119539750328927,50.664666123989726],[3.119510093742521,50.66465688380701],[3.119411108301441,50.66461950100746],[3.119348314371277,50.66459060598803],[3.119237282125842,50.664531980962444],[3.119211184084367,50.664515932166836],[3.119110955805696,50.66444617870262],[3.119058031158627,50.66440408793363],[3.119000609913365,50.664350491278626],[3.118891663029147,50.664414342427214],[3.118453029252027,50.66463597400589],[3.118438174207693,50.66463721359236],[3.11833272352224,50.66463853908981],[3.118242454822538,50.66462458847259],[3.118190539176346,50.66461242584477],[3.118123648801121,50.66459020239773],[3.118087315864505,50.66457388708942],[3.117640564797823,50.66432416054035],[3.117502534209334,50.66437374309038],[3.117260782130133,50.6642759019187],[3.116968739379592,50.66433543598854],[3.116244172323143,50.66436876607314],[3.115889426033499,50.66446727461121],[3.115872162162835,50.664459919849975],[3.115779204168812,50.66442731416375],[3.115619612495196,50.66437799828178],[3.115540422973442,50.66435683208014],[3.114180930933497,50.66437583813662],[3.113448,50.665229]]],[[[3.118819,50.674486],[3.118963,50.674545],[3.118949,50.675079],[3.118998,50.675248],[3.119229,50.67547],[3.119691,50.675874],[3.119924,50.67614],[3.120004974425421,50.676413963472676],[3.120178882269834,50.676381306923275],[3.121333322222635,50.67587833241712],[3.121653815201608,50.67576772388946],[3.122007450646303,50.67569199565584],[3.122267334691272,50.675266776984145],[3.12226081287592,50.67522586170324],[3.122213697517085,50.67447524672933],[3.122325640380505,50.67247329179991],[3.122899731563538,50.672088306365445],[3.123467758042339,50.671139443952],[3.123508328161,50.67099122778519],[3.123492652057916,50.670982183879566],[3.123336772469639,50.670878667987175],[3.123174919494614,50.67081486587587],[3.123145012452916,50.6708174347734],[3.122812277343923,50.67078699122605],[3.122504931425823,50.67062622566889],[3.122388956829636,50.67061099257831],[3.122328782077659,50.67062277282077],[3.122258877648593,50.67064701490719],[3.121965770975928,50.67079244951575],[3.121674699694729,50.67150328531524],[3.121566653071405,50.67147841842841],[3.121288578254421,50.671464886004074],[3.121148993825345,50.67144606657984],[3.120733097293944,50.671295226089654],[3.120726927294393,50.671300188915374],[3.12053002553711,50.671429604183274],[3.12038991204236,50.671486362778175],[3.120294370684559,50.671512506464516],[3.119868247126439,50.67142864172169],[3.119713089873967,50.67146990694842],[3.119647560605185,50.67150274831496],[3.119605520073203,50.67153274654621],[3.11957045163199,50.67156404730367],[3.119523071233365,50.67161625085665],[3.119507037431129,50.671656983192634],[3.119454697988017,50.67175092077523],[3.119427060955786,50.67175301774849],[3.119282140125335,50.6717391858254],[3.119077656200942,50.67167020329669],[3.118975451703415,50.67169910961923],[3.118898865430818,50.67176866439782],[3.118655911618939,50.67207584737837],[3.118625530826969,50.672260004918705],[3.118350616927064,50.672304229073816],[3.117546606846262,50.67275263698174],[3.117544646169133,50.67287993575963],[3.117566904050452,50.67294174147578],[3.117945459977696,50.67351559480718],[3.117995531975176,50.673616936022896],[3.118046242984725,50.67374869941913],[3.118082835823078,50.67382474160272],[3.118196167667421,50.67429621259324],[3.118319421986114,50.674348985275664],[3.118539,50.674443],[3.118819,50.674486]]]]}},{"type":"Feature","properties":{"codeDepartement":"59","nomDepartement":"Nord","codeCirconscription":"5907","nomCirconscription":"7ème circonscription","codeCommune":"59646","nomCommune":"Wasquehal","numeroBureauVote":"0006","codeBureauVote":"59646_0006","id_bv":"59646_6"},"geometry":{"type":"MultiPolygon","coordinates":[[[[3.124387886568511,50.67079770216628],[3.124300583008708,50.6708001041171],[3.124257378452413,50.67080631539571],[3.124013399768313,50.670892370497064],[3.123794376871971,50.67092174825331],[3.123508328161,50.67099122778519],[3.123467758042339,50.671139443952],[3.122899731563538,50.672088306365445],[3.122325640380505,50.67247329179991],[3.122213697517085,50.67447524672933],[3.12226081287592,50.67522586170324],[3.122267334691272,50.675266776984145],[3.122007450646303,50.67569199565584],[3.122952828529442,50.676916578406015],[3.123781034415931,50.68003606948712],[3.124668424197047,50.68072224363537],[3.124814730532168,50.68075740499438],[3.125032838426683,50.680867411756104],[3.125299653705742,50.68101313394699],[3.126086442817975,50.6814903720458],[3.126921446259944,50.68145099765908],[3.127709983890109,50.681741239043674],[3.129315105006126,50.6829357574168],[3.130227089015716,50.682795834487635],[3.130987010120998,50.68090749225153],[3.131635405888762,50.68049656764888],[3.13169173134953,50.68049579807525],[3.131876616271613,50.68051453204708],[3.132102279200736,50.68056362600766],[3.132253937411996,50.68061743234006],[3.132468935947922,50.68071198855234],[3.133213187665438,50.68132867508811],[3.133349024000367,50.68114833177224],[3.133468181614348,50.68100481838567],[3.133483156250005,50.68098984374999],[3.133586350689572,50.68087418809509],[3.133667187389245,50.680799110020494],[3.133862791218795,50.680636980312165],[3.133544647914398,50.67989835389917],[3.133333298729157,50.67987680184409],[3.13330598032995,50.67990671610929],[3.133195691523357,50.67997505191886],[3.133019571750312,50.6799822517838],[3.132895628776084,50.67993665618187],[3.132886684809316,50.67993866141285],[3.132698713419094,50.67981305019948],[3.132687678251122,50.679802250448425],[3.132587137179701,50.679750142065174],[3.13253357365371,50.67969415032601],[3.132459411694513,50.6796522326969],[3.132414013994917,50.67960294376591],[3.132305152299109,50.67953515772027],[3.132271586366167,50.67949370954977],[3.132095513997431,50.67938014808118],[3.132075122838557,50.67937352256269],[3.131989297692028,50.6792673113956],[3.132004784738003,50.679151944125614],[3.132101111230091,50.6789208719047],[3.132138046371721,50.67890281270768],[3.132189665175759,50.67881310929822],[3.132218311797755,50.67870931179775],[3.132345972957035,50.67859902859734],[3.132482729144902,50.67856325462766],[3.132286261782,50.67821118511331],[3.132346093693855,50.67816220091353],[3.132396139361921,50.67810129123922],[3.132458389429857,50.67800804214962],[3.132547187350885,50.67791819024732],[3.132630288362275,50.6777267738151],[3.132664335083341,50.67763386126789],[3.132707844536982,50.67748181210194],[3.132713955125854,50.67744486435531],[3.13273021780786,50.67743575610408],[3.132763055690701,50.67742252251931],[3.132807551162544,50.67740361848175],[3.132829817764318,50.6773931691379],[3.132859340871727,50.67738277913539],[3.132938519251333,50.67735000420579],[3.132971016985251,50.677333699016934],[3.133002369757366,50.67732228153345],[3.133106794570809,50.6772776668712],[3.133147413573152,50.67726545161745],[3.133248345081251,50.67721551154834],[3.133285450238273,50.677201831519454],[3.133330883835775,50.67718007679774],[3.133355897680438,50.67716659415807],[3.133400256737366,50.67714888055834],[3.133520087935959,50.67720201907187],[3.133593708320642,50.67722645984733],[3.133666386641072,50.67724518927445],[3.133752304357972,50.677262273777224],[3.133834060331437,50.67727097643708],[3.133914096868885,50.67726919784736],[3.133949916431291,50.67728036512269],[3.134066410000028,50.677293],[3.13406822631579,50.677293],[3.134183148775289,50.6773234961834],[3.134256603556659,50.6773562190299],[3.134258118933584,50.677357201697546],[3.134288025979707,50.67738210528349],[3.134302877593358,50.677381207000394],[3.13438915162344,50.67738796579538],[3.134601997989384,50.67749642254236],[3.134618924439601,50.67757968237857],[3.134608391869993,50.677602819498716],[3.134692791434115,50.677819137709285],[3.134712616982766,50.67789309368851],[3.134719133971294,50.67798386602874],[3.134718770334931,50.67806022966504],[3.134711280543219,50.678132943059595],[3.135126427756684,50.67808954502741],[3.135105668179536,50.677800003556634],[3.135193821961122,50.67766528967913],[3.135292576948475,50.67743823761418],[3.135292269439911,50.677355364056574],[3.135323888781598,50.677119552339676],[3.135332637845691,50.67708951523025],[3.135250801914309,50.67702460503441],[3.134923367973909,50.67673796730544],[3.134761036052322,50.676240918875806],[3.135099068313993,50.67490397331134],[3.134402004224663,50.6745968631482],[3.133490932757928,50.67365691045342],[3.132895458871523,50.673264689921915],[3.1326310282337,50.67248541022997],[3.132273152593673,50.67240788286434],[3.132117188291684,50.67240564439137],[3.132060269713057,50.67240381328233],[3.130641809726944,50.671441334341424],[3.130606619326083,50.67142505954871],[3.130481081792362,50.67131535817175],[3.12998816043218,50.67112337827358],[3.129986701825139,50.67112352452604],[3.129693708765448,50.67089684289717],[3.129338983075388,50.67078550563679],[3.129188723878663,50.67057874401486],[3.128905470453289,50.67051695509315],[3.128729593516307,50.67035956522056],[3.128268322022421,50.67041205473538],[3.127899642200116,50.67075723513559],[3.127519962909316,50.67070064831821],[3.127198353993927,50.67055439159821],[3.126685332432799,50.67106629424645],[3.126654498394322,50.67110614649278],[3.126575365286219,50.67111982926924],[3.126423785842253,50.67113590773657],[3.126238313943573,50.67118700548721],[3.126136016827926,50.67123237535643],[3.126099238349944,50.67136225490915],[3.125633764242767,50.67191386657352],[3.125492594902058,50.6717526546721],[3.125496743902441,50.67170476829268],[3.125697516853933,50.6711024494382],[3.125575887013234,50.671035416533485],[3.125243760701871,50.671098940101885],[3.125171403343981,50.671104745042456],[3.124521875327705,50.670890162371904],[3.124480793054669,50.670879820550915],[3.124387886568511,50.67079770216628]],[[3.131707044610858,50.677172740423636],[3.131571470250732,50.67710796848882],[3.131475257795201,50.677034538239006],[3.131160353518914,50.67667367903244],[3.131386554347811,50.676397211352665],[3.131499807862458,50.67631201809581],[3.131551136914368,50.67629055818368],[3.132010422795841,50.676415526667704],[3.132076356243208,50.67643801088479],[3.132088236495099,50.67644286605621],[3.131983716508569,50.67720144410276],[3.131914104072946,50.6772228922586],[3.131819401324355,50.677211305655156],[3.131707044610858,50.677172740423636]],[[3.131175431547622,50.67752050880456],[3.131277215668477,50.677556981447864],[3.131406906832801,50.677639913212815],[3.131531695020938,50.6778812204923],[3.131524775417696,50.67791742026852],[3.131534025602319,50.67795191938475],[3.131593762168425,50.67801991222423],[3.131653508508729,50.67813448751057],[3.131654513066871,50.67813826018447],[3.131739488801287,50.678292923132055],[3.13194701348282,50.67839372083453],[3.13194571330724,50.678436713307235],[3.13185799792754,50.67869645962543],[3.13163393497304,50.67879892367625],[3.131603208573603,50.67880333196054],[3.131505927587692,50.678890540925174],[3.131457249890367,50.67891604338412],[3.131370073221447,50.67892938675182],[3.131277613771526,50.678881625047666],[3.13117918576224,50.67878243006688],[3.131145107955559,50.6787625692068],[3.131058456482648,50.67865640163639],[3.130994481209023,50.678607971756364],[3.130941454023002,50.678523454022994],[3.130876581967206,50.6784585819672],[3.130858650803317,50.67844716152355],[3.130783541374403,50.678357727100455],[3.130782276349335,50.6783545889696],[3.130730450468543,50.67827994761359],[3.130775249409198,50.67785664333757],[3.130770843541943,50.67784620838882],[3.130783112508801,50.67763279293899],[3.130976422247293,50.6774839017985],[3.131001470924034,50.67748794718022],[3.131073627052424,50.67751403439588],[3.131175431547622,50.67752050880456]]],[[[3.119282546583847,50.681281172360244],[3.120215550512261,50.68171644406744],[3.120767961812914,50.68036748463664],[3.117553639631636,50.67994519880626],[3.119282546583847,50.681281172360244]]]]}},{"type":"Feature","properties":{"codeDepartement":"59","nomDepartement":"Nord","codeCirconscription":"5907","nomCirconscription":"7ème circonscription","codeCommune":"59646","nomCommune":"Wasquehal","numeroBureauVote":"0007","codeBureauVote":"59646_0007","id_bv":"59646_7"},"geometry":{"type":"MultiPolygon","coordinates":[[[[3.130783112508801,50.67763279293899],[3.130770843541943,50.67784620838882],[3.130775249409198,50.67785664333757],[3.130730450468543,50.67827994761359],[3.130782276349335,50.6783545889696],[3.130783541374403,50.678357727100455],[3.130858650803317,50.67844716152355],[3.130876581967206,50.6784585819672],[3.130941454023002,50.678523454022994],[3.130994481209023,50.678607971756364],[3.131058456482648,50.67865640163639],[3.131145107955559,50.6787625692068],[3.13117918576224,50.67878243006688],[3.131277613771526,50.678881625047666],[3.131370073221447,50.67892938675182],[3.131457249890367,50.67891604338412],[3.131505927587692,50.678890540925174],[3.131603208573603,50.67880333196054],[3.13163393497304,50.67879892367625],[3.13185799792754,50.67869645962543],[3.13194571330724,50.678436713307235],[3.13194701348282,50.67839372083453],[3.131739488801287,50.678292923132055],[3.131654513066871,50.67813826018447],[3.131653508508729,50.67813448751057],[3.131593762168425,50.67801991222423],[3.131534025602319,50.67795191938475],[3.131524775417696,50.67791742026852],[3.131531695020938,50.6778812204923],[3.131406906832801,50.677639913212815],[3.131277215668477,50.677556981447864],[3.131175431547622,50.67752050880456],[3.131073627052424,50.67751403439588],[3.131001470924034,50.67748794718022],[3.130976422247293,50.6774839017985],[3.130783112508801,50.67763279293899]]],[[[3.132763055690701,50.67742252251931],[3.13273021780786,50.67743575610408],[3.132713955125854,50.67744486435531],[3.132707844536982,50.67748181210194],[3.132664335083341,50.67763386126789],[3.132630288362275,50.6777267738151],[3.132547187350885,50.67791819024732],[3.132458389429857,50.67800804214962],[3.132396139361921,50.67810129123922],[3.132346093693855,50.67816220091353],[3.132286261782,50.67821118511331],[3.132482729144902,50.67856325462766],[3.132345972957035,50.67859902859734],[3.132218311797755,50.67870931179775],[3.132189665175759,50.67881310929822],[3.132138046371721,50.67890281270768],[3.132101111230091,50.6789208719047],[3.132004784738003,50.679151944125614],[3.131989297692028,50.6792673113956],[3.132075122838557,50.67937352256269],[3.132095513997431,50.67938014808118],[3.132271586366167,50.67949370954977],[3.132305152299109,50.67953515772027],[3.132414013994917,50.67960294376591],[3.132459411694513,50.6796522326969],[3.13253357365371,50.67969415032601],[3.132587137179701,50.679750142065174],[3.132687678251122,50.679802250448425],[3.132698713419094,50.67981305019948],[3.132886684809316,50.67993866141285],[3.132895628776084,50.67993665618187],[3.133019571750312,50.6799822517838],[3.133195691523357,50.67997505191886],[3.13330598032995,50.67990671610929],[3.133333298729157,50.67987680184409],[3.133544647914398,50.67989835389917],[3.133862791218795,50.680636980312165],[3.133667187389245,50.680799110020494],[3.133586350689572,50.68087418809509],[3.133483156250005,50.68098984374999],[3.133468181614348,50.68100481838567],[3.133349024000367,50.68114833177224],[3.133213187665438,50.68132867508811],[3.132468935947922,50.68071198855234],[3.132253937411996,50.68061743234006],[3.132102279200736,50.68056362600766],[3.131876616271613,50.68051453204708],[3.13169173134953,50.68049579807525],[3.131635405888762,50.68049656764888],[3.130987010120998,50.68090749225153],[3.130227089015716,50.682795834487635],[3.130285477077383,50.68281689541547],[3.131851801526706,50.683130160305346],[3.132160146632693,50.683072891225635],[3.133249236485817,50.68418074146608],[3.133446544936945,50.68436611803015],[3.133689344038282,50.68450154868466],[3.133991320622953,50.68459699008311],[3.134190713317759,50.684640707198014],[3.134362049004026,50.68466756049126],[3.134485833692283,50.68488587815469],[3.134621411699802,50.6850223172787],[3.134629847165346,50.6850295532827],[3.13482639162016,50.68520715531227],[3.134835205624475,50.68521379661412],[3.135179481516563,50.6853782684978],[3.135590252842821,50.6854819456057],[3.135698859282731,50.685668844411],[3.135950889060006,50.685945250491386],[3.136564741801973,50.68636233877946],[3.137092502054732,50.685778488065054],[3.137154876654144,50.68552945514948],[3.137073183896834,50.68481746051467],[3.136646913555878,50.68475756550374],[3.135902513382226,50.68508832853656],[3.13581590432593,50.68440026770046],[3.136003270692891,50.68413963627976],[3.136355107924802,50.68417360076502],[3.136475444853943,50.68422957771857],[3.136755668177255,50.68375100702237],[3.136825693678908,50.68366303132171],[3.136869720942191,50.68361862204312],[3.136897558417695,50.68361684462685],[3.136992508640437,50.68354313632435],[3.137121022876754,50.68346439349748],[3.13712544671741,50.68339663320647],[3.137331211491433,50.68288222127139],[3.137341550639554,50.68287028363657],[3.137667083903688,50.68306408948684],[3.137756665038822,50.68297582089583],[3.137841259263895,50.6829577432258],[3.137960091743631,50.68302189554276],[3.138204221365059,50.68307762931486],[3.13828721276596,50.68310810638299],[3.138393335724528,50.68316116786226],[3.138420203099833,50.68316193134654],[3.138423968297583,50.68316065860364],[3.138541940551972,50.683130934351404],[3.138577586741304,50.68312454314563],[3.138629922337667,50.68311920822246],[3.138710067173847,50.68312158572478],[3.138829890966643,50.68311174617975],[3.13888900446602,50.683110604391345],[3.138942970205605,50.683101114935084],[3.138961221506515,50.68309888067409],[3.139096663431383,50.683090219903846],[3.139179632084701,50.683077857636015],[3.139250787453751,50.68307394309969],[3.139426432218324,50.68298747183098],[3.139452556573591,50.68297691653592],[3.139568698153703,50.68294116464485],[3.139575453248804,50.682939672061195],[3.13957468394926,50.682841421519356],[3.139570155543295,50.6827322222441],[3.13956717720598,50.682694685738895],[3.139565238183847,50.68262371752883],[3.139556284474847,50.68249650024681],[3.13952860194579,50.68229555765354],[3.139475776811216,50.68214467388593],[3.139382112441271,50.68198386199962],[3.139387420062922,50.68177804422635],[3.139276193370772,50.68163274809697],[3.13914179594431,50.6815469546713],[3.139113090771154,50.68156245765605],[3.138841163498593,50.68139783141536],[3.138745889109084,50.681384704721694],[3.138699537776188,50.68139190322416],[3.138556072802756,50.68124314921944],[3.138435321740087,50.68126552115029],[3.138359785545152,50.68133844445798],[3.138263485713206,50.68140771736164],[3.138134429451279,50.68128660302351],[3.138039928164199,50.68123324515393],[3.138015077021173,50.68120994720734],[3.137963980155292,50.681199422778256],[3.137833118853919,50.68113576052354],[3.137823607606761,50.681120287002045],[3.137687682426074,50.68105277153401],[3.137663691930452,50.681049755968914],[3.137597999636716,50.681020404093],[3.137544251418256,50.68098054383702],[3.137544244493392,50.68098048237885],[3.137545487367258,50.68094342214001],[3.137629702545685,50.68060535835231],[3.137611775551706,50.680491989052356],[3.13756078155574,50.68041757661803],[3.137652910520801,50.679855660258625],[3.137672193046177,50.67976924597822],[3.137691052810931,50.679734121829185],[3.137762441279126,50.67955943182755],[3.137780624114836,50.67950040613979],[3.137834223484453,50.6792623370154],[3.137921802420979,50.6792585765127],[3.138032105678077,50.67924931662998],[3.138049919475699,50.67924703108614],[3.138094282968612,50.67923974279802],[3.138149764806444,50.67923323547851],[3.138231540287788,50.679220387033624],[3.138293558378624,50.67920758678814],[3.1383739723585,50.679201760386],[3.138434506480103,50.6791947344342],[3.13883065191441,50.67910487642901],[3.139383622667773,50.67909502707717],[3.139209,50.679024],[3.138832,50.677823],[3.138703702498693,50.67769530015786],[3.138631955654283,50.67762388753788],[3.13850907256216,50.67750157688252],[3.138188,50.677182],[3.13795838598703,50.67693844987642],[3.137842,50.676815],[3.137085721131495,50.67604105307815],[3.136554081336064,50.67549699320773],[3.136359788643927,50.67529816148404],[3.136087,50.675019],[3.136560799104704,50.67491487882578],[3.136583,50.67491],[3.136945370041016,50.67474089398086],[3.137123,50.674658],[3.13727089996032,50.67456969080039],[3.136997722135772,50.6746397324143],[3.136672609231748,50.674701681549635],[3.135099068313993,50.67490397331134],[3.134761036052322,50.676240918875806],[3.134923367973909,50.67673796730544],[3.135250801914309,50.67702460503441],[3.135332637845691,50.67708951523025],[3.135323888781598,50.677119552339676],[3.135292269439911,50.677355364056574],[3.135292576948475,50.67743823761418],[3.135193821961122,50.67766528967913],[3.135105668179536,50.677800003556634],[3.135126427756684,50.67808954502741],[3.134711280543219,50.678132943059595],[3.134718770334931,50.67806022966504],[3.134719133971294,50.67798386602874],[3.134712616982766,50.67789309368851],[3.134692791434115,50.677819137709285],[3.134608391869993,50.677602819498716],[3.134618924439601,50.67757968237857],[3.134601997989384,50.67749642254236],[3.13438915162344,50.67738796579538],[3.134302877593358,50.677381207000394],[3.134288025979707,50.67738210528349],[3.134258118933584,50.677357201697546],[3.134256603556659,50.6773562190299],[3.134183148775289,50.6773234961834],[3.13406822631579,50.677293],[3.134066410000028,50.677293],[3.133949916431291,50.67728036512269],[3.133914096868885,50.67726919784736],[3.133834060331437,50.67727097643708],[3.133752304357972,50.677262273777224],[3.133666386641072,50.67724518927445],[3.133593708320642,50.67722645984733],[3.133520087935959,50.67720201907187],[3.133400256737366,50.67714888055834],[3.133355897680438,50.67716659415807],[3.133330883835775,50.67718007679774],[3.133285450238273,50.677201831519454],[3.133248345081251,50.67721551154834],[3.133147413573152,50.67726545161745],[3.133106794570809,50.6772776668712],[3.133002369757366,50.67732228153345],[3.132971016985251,50.677333699016934],[3.132938519251333,50.67735000420579],[3.132859340871727,50.67738277913539],[3.132829817764318,50.6773931691379],[3.132807551162544,50.67740361848175],[3.132763055690701,50.67742252251931]],[[3.136695703397757,50.680378603101616],[3.136699729255376,50.68037965961121],[3.136757381601349,50.68038883551013],[3.136766351810646,50.68039122152539],[3.136819491362783,50.68039875623801],[3.136855820668689,50.680408778115506],[3.137123327326299,50.68073976092915],[3.137114563420884,50.680753004164],[3.137081700625708,50.68079331945098],[3.137061437526919,50.68080841167601],[3.137020643897336,50.68084443254099],[3.136993354221407,50.680872880740885],[3.137153483599405,50.68122790442763],[3.137097126685733,50.68130925645784],[3.137040617929053,50.681350638255026],[3.136994410700225,50.6814009527931],[3.136994030718423,50.68140156715619],[3.136923708958137,50.68145628773126],[3.136881234976904,50.681503389227935],[3.136875943531904,50.68150569499727],[3.136810004728261,50.681552265637464],[3.13675444726079,50.681610437574],[3.136714978648958,50.681672706014986],[3.136709723448245,50.6816865768849],[3.136684527756022,50.68170843899324],[3.13634839197489,50.68159526764984],[3.13632740984801,50.681606527852836],[3.13626389631274,50.68174730944691],[3.136188536671325,50.68186503718165],[3.136126004372642,50.68192701772476],[3.135868075098393,50.68183127787552],[3.135762748893019,50.68177240322737],[3.135691906896974,50.68172009476557],[3.135687835028249,50.681693],[3.135684929708978,50.681656785809075],[3.135685552678212,50.681614711425475],[3.135688142884748,50.68158344907161],[3.135735077615296,50.68138216197975],[3.135762386442277,50.681298414910344],[3.135900241929689,50.681223469665206],[3.136085143802287,50.68103727477252],[3.136179535624812,50.68097100842037],[3.136230788443009,50.680898900328735],[3.136230880269832,50.6808210311796],[3.136397993078754,50.680333677088306],[3.136408819683509,50.68032444126857],[3.136479299138152,50.68034268434283],[3.136489619565199,50.680345948067625],[3.136508309115208,50.68035043623914],[3.136573448235001,50.68035786209879],[3.136629701646056,50.68036806790123],[3.136641547619041,50.680369214285705],[3.136695703397757,50.680378603101616]],[[3.136990006507081,50.68213589790964],[3.137048207258001,50.68215339177697],[3.137072428121671,50.68217395826473],[3.137149894659655,50.682213994487704],[3.137169926521371,50.68221942317652],[3.137245146898576,50.68227759360156],[3.137301888054052,50.682306045007145],[3.137403796478965,50.682419476646196],[3.137466374026323,50.68255391357808],[3.137384384144567,50.682639752750056],[3.137154802200884,50.682617271432136],[3.137008057479953,50.68270662589092],[3.136883204913177,50.68271649565904],[3.136846605092084,50.68270501336223],[3.136793347387921,50.682696759975315],[3.136728145346964,50.682694130860774],[3.136702193846911,50.682685540853754],[3.13661637337011,50.68267420278263],[3.136589200276299,50.682672960584064],[3.136584058418483,50.68267366215015],[3.136519464065169,50.6826681254913],[3.136475363392856,50.68266778729595],[3.136455681441148,50.68266346127747],[3.136410953205256,50.6826570355309],[3.136280394304648,50.68264739096095],[3.136248279922407,50.68257401704126],[3.136216932069035,50.682379063248376],[3.136212275134025,50.68229485034035],[3.136235463986092,50.68217045590509],[3.136299527759557,50.68215705125683],[3.136647188242201,50.68193526784549],[3.136689529191984,50.68198090809007],[3.13676968314194,50.682029175979636],[3.136878191453495,50.68206245648414],[3.136888030388127,50.68207677169083],[3.136990006507081,50.68213589790964]]]]}},{"type":"Feature","properties":{"codeDepartement":"59","nomDepartement":"Nord","codeCirconscription":"5907","nomCirconscription":"7ème circonscription","codeCommune":"59646","nomCommune":"Wasquehal","numeroBureauVote":"0008","codeBureauVote":"59646_0008","id_bv":"59646_8"},"geometry":{"type":"MultiPolygon","coordinates":[[[[3.11108981268044,50.68356114379832],[3.111440752767206,50.68373780751546],[3.111461,50.683748],[3.111476940934235,50.683794794355336],[3.111523,50.68393],[3.111575621622565,50.68395019047085],[3.111856130173732,50.68405781922595],[3.112556468094438,50.68432653295406],[3.112993689919501,50.68449429126494],[3.113105,50.684537],[3.113281179208445,50.68459807227808],[3.113650798075146,50.68472620014521],[3.114582,50.685049],[3.114600288799507,50.68503450278088],[3.114746,50.684919],[3.114965948125518,50.68504338159784],[3.115807,50.685519],[3.115564,50.685609],[3.115296186036766,50.68575596683028],[3.114795,50.686031],[3.114772522155883,50.68604639640949],[3.114596675498851,50.68616684422132],[3.11450490332326,50.68622970443102],[3.114400644672372,50.68630111736872],[3.114303,50.686368],[3.114118058011627,50.68649066560454],[3.113859478690223,50.686662172297304],[3.113561490841823,50.68685981729879],[3.113536388127874,50.68687646705804],[3.113449782065831,50.6869339098543],[3.113198338699295,50.68710068351577],[3.113061740785326,50.687191284173],[3.113029,50.687213],[3.112881798112047,50.68730742806961],[3.112524135081216,50.68753686418651],[3.112195,50.687748],[3.112258,50.687871],[3.112385983038345,50.687921700972886],[3.11267873819112,50.688037677052634],[3.112778,50.688077],[3.11315782076072,50.688188675894104],[3.113397,50.688259],[3.113459203754998,50.6882938341028],[3.113597,50.688371],[3.113612589667773,50.68837517924074],[3.113852964575861,50.68843961836954],[3.11403055673546,50.688487226849716],[3.11414493676743,50.68851788957434],[3.114164,50.688523],[3.114844642505743,50.68873648565679],[3.115519,50.688948],[3.115723184254346,50.689005871651524],[3.116394,50.689196],[3.116517682676421,50.689226584574875],[3.116762,50.689287],[3.117071635012466,50.68938365242445],[3.117297,50.689454],[3.117626125137809,50.68957589819919],[3.117919069764119,50.68968439620893],[3.118188,50.689784],[3.118195910801049,50.689787603323744],[3.118516729511094,50.689933734375224],[3.118965495655194,50.69013814473674],[3.119482951200037,50.69037384271972],[3.119817,50.690526],[3.120125,50.690297],[3.120985,50.689732],[3.121106653227152,50.68964494088461],[3.121622021868747,50.68927612585942],[3.121727,50.689201],[3.122391395016777,50.68937245677852],[3.122595,50.689425],[3.122681,50.689466],[3.12334,50.689648],[3.123659,50.689702],[3.124565,50.689934],[3.125105453917318,50.68944824789617],[3.1258,50.688824],[3.126344788912285,50.688721962988744],[3.126414,50.688709],[3.127277805637855,50.689142373543625],[3.127295,50.689151],[3.127732672004347,50.689301370995736],[3.128372357410397,50.68952114774753],[3.128858,50.689688],[3.128642,50.690077],[3.129029,50.690286],[3.129091940858789,50.690324910683316],[3.129721207077595,50.690713929502444],[3.130135588044135,50.69097010405855],[3.130447765345222,50.69116309526227],[3.130936929600813,50.69062462789],[3.131121678660036,50.69058924374816],[3.131650342309995,50.690779986535006],[3.131786212121213,50.690576181818194],[3.131820563473861,50.69044368374368],[3.131684031534683,50.69022120035056],[3.131696008615533,50.68984152688751],[3.131574060560645,50.68953843701386],[3.13158840262219,50.68931815191236],[3.130981761216727,50.68888759206356],[3.130981078018028,50.688886381308755],[3.130296536378754,50.68892944220744],[3.129937989098602,50.68928002177025],[3.129855749504891,50.68932852443973],[3.12952608202522,50.68880944275023],[3.128885337052996,50.6886187960359],[3.128858135505677,50.688638881679914],[3.128543731201992,50.68846249888817],[3.12831421673511,50.68799838845328],[3.128020863001321,50.68784144420571],[3.12780137252303,50.68637068517401],[3.127757001932679,50.68637185323098],[3.126985478016022,50.68677712414331],[3.126887871083182,50.6867839060964],[3.125598094340127,50.68746550221483],[3.125423556420428,50.687171950824464],[3.124631259757698,50.68650191046495],[3.125252815721523,50.68560960647006],[3.125615815181625,50.68554750361012],[3.125618014471302,50.685546223591885],[3.125983187373874,50.684467845653074],[3.125875350453287,50.68415110354253],[3.125816273231222,50.683747585016825],[3.125770752430146,50.682706562584706],[3.126086442817975,50.6814903720458],[3.125299653705742,50.68101313394699],[3.125032838426683,50.680867411756104],[3.124814730532168,50.68075740499438],[3.124668424197047,50.68072224363537],[3.123781034415931,50.68003606948712],[3.122952828529442,50.676916578406015],[3.122007450646303,50.67569199565584],[3.121653815201608,50.67576772388946],[3.121333322222635,50.67587833241712],[3.120178882269834,50.676381306923275],[3.120004974425421,50.676413963472676],[3.120044,50.676546],[3.120003,50.678246],[3.119872,50.6785],[3.117413417818,50.67990565171154],[3.116555541089784,50.680396127848624],[3.115174,50.681186],[3.114925,50.681299],[3.114516,50.681401],[3.112640083125217,50.6815146919318],[3.111942,50.681557],[3.11101,50.681774],[3.11021,50.681625],[3.109965962202391,50.68175560314294],[3.109414,50.682051],[3.110376804396205,50.682248560366055],[3.110510276260369,50.68227594780887],[3.110608,50.682296],[3.110567054703696,50.68236387328396],[3.110499907034502,50.682475181132],[3.110386,50.682664],[3.109991,50.683008],[3.11108981268044,50.68356114379832]],[[3.120215550512261,50.68171644406744],[3.119282546583847,50.681281172360244],[3.117553639631636,50.67994519880626],[3.120767961812914,50.68036748463664],[3.120215550512261,50.68171644406744]]],[[[3.130255080483336,50.685936108195044],[3.13058604853848,50.68609943373529],[3.130601332096976,50.68612211518648],[3.130689015286471,50.686367330885886],[3.131024914901657,50.68625949595408],[3.131170145436312,50.68631683283183],[3.131416456483133,50.68626893901717],[3.131550535338528,50.686103078507145],[3.131528828049494,50.68601559650022],[3.131516589259552,50.68599409958504],[3.131671148887516,50.6855683580644],[3.131482942111234,50.68541129341657],[3.131350517127008,50.68536103983281],[3.131346297769925,50.685355323586315],[3.13126195784759,50.6853003011658],[3.131065046022041,50.68520899738271],[3.130882545260272,50.68536761954014],[3.130725477811771,50.68543317248352],[3.130480603582222,50.685435017110485],[3.130122413524641,50.68532397819263],[3.130255080483336,50.685936108195044]]],[[[3.133104124233129,50.687348575153365],[3.133048135852868,50.6869303090186],[3.132986747446701,50.686910975656915],[3.132826028640046,50.686762906015595],[3.132778118253011,50.686660771469604],[3.132829597053541,50.68632927062231],[3.132302835572742,50.68640679401005],[3.132223703275008,50.68652422633988],[3.132304661697848,50.68670960939507],[3.13220545423125,50.68706591790186],[3.132362826054344,50.68716754275713],[3.132431392267493,50.687255393217725],[3.132575174424492,50.687367284877176],[3.132762856218566,50.6877055550134],[3.132865847814359,50.687779892779396],[3.13287632060936,50.68778329211227],[3.133104124233129,50.687348575153365]]]]}},{"type":"Feature","properties":{"codeDepartement":"59","nomDepartement":"Nord","codeCirconscription":"5907","nomCirconscription":"7ème circonscription","codeCommune":"59646","nomCommune":"Wasquehal","numeroBureauVote":"0009","codeBureauVote":"59646_0009","id_bv":"59646_9"},"geometry":{"type":"Polygon","coordinates":[[[3.124631259757698,50.68650191046495],[3.125423556420428,50.687171950824464],[3.125598094340127,50.68746550221483],[3.126887871083182,50.6867839060964],[3.126985478016022,50.68677712414331],[3.127757001932679,50.68637185323098],[3.12780137252303,50.68637068517401],[3.128020863001321,50.68784144420571],[3.12831421673511,50.68799838845328],[3.128543731201992,50.68846249888817],[3.128858135505677,50.688638881679914],[3.128885337052996,50.6886187960359],[3.12952608202522,50.68880944275023],[3.129855749504891,50.68932852443973],[3.129937989098602,50.68928002177025],[3.130296536378754,50.68892944220744],[3.130981078018028,50.688886381308755],[3.130981761216727,50.68888759206356],[3.13158840262219,50.68931815191236],[3.131574060560645,50.68953843701386],[3.131696008615533,50.68984152688751],[3.131684031534683,50.69022120035056],[3.131820563473861,50.69044368374368],[3.131786212121213,50.690576181818194],[3.131650342309995,50.690779986535006],[3.131121678660036,50.69058924374816],[3.130936929600813,50.69062462789],[3.130447765345222,50.69116309526227],[3.130927833099447,50.69145987806304],[3.131588,50.691868],[3.131758925218481,50.691577091981095],[3.131843,50.691434],[3.131984294873046,50.691259489334016],[3.132309614536257,50.69085769307728],[3.132396,50.690751],[3.132490820405678,50.690778199050605],[3.133278,50.691004],[3.133744284673689,50.691181030113405],[3.133868,50.691228],[3.134016199174149,50.69129254667864],[3.134112619080478,50.69133454141136],[3.134155,50.691353],[3.13551393789046,50.691806587731065],[3.135644,50.69185],[3.135760991544283,50.69171042275411],[3.136266371318018,50.691107477324366],[3.136567711861417,50.69074796174246],[3.136623,50.690682],[3.136891657045477,50.69076539186814],[3.137219,50.690867],[3.13722065106528,50.6908671771691],[3.137657,50.690914],[3.137702208134413,50.69091273902931],[3.13818594533548,50.69089924635944],[3.138597379988265,50.690887770392884],[3.138625,50.690887],[3.138828917278404,50.69091489142105],[3.138954,50.690932],[3.139438,50.691053],[3.13946406303538,50.691066004813756],[3.140096964564826,50.6913818071138],[3.1401943970896,50.691430423547786],[3.140233717661901,50.69145004354646],[3.140414,50.69154],[3.140430960160427,50.69154451858289],[3.140513166127298,50.6915664201726],[3.14057437061937,50.691582726478885],[3.140688,50.691613],[3.140779053419942,50.69163388816724],[3.141006948201967,50.691686168513485],[3.141402495055198,50.69177690918889],[3.141601012250048,50.691822450151214],[3.141647,50.691833],[3.141743155529116,50.691861401811096],[3.141879746362124,50.691901747146105],[3.141928,50.691916],[3.141938427392467,50.691972670611236],[3.141951,50.692041],[3.141949128355364,50.692045527728574],[3.141917625425806,50.692121737021395],[3.141885379849376,50.692199742864375],[3.14186377347433,50.69225201122754],[3.141815,50.69237],[3.141788462959791,50.69239885235244],[3.141678393266173,50.692518525442146],[3.141666,50.692532],[3.14166630131605,50.692532266237464],[3.141832988234772,50.69267954781341],[3.141898852052849,50.692737743903415],[3.141972385266216,50.69280271653373],[3.142001,50.692828],[3.142029217960391,50.69285906042893],[3.142093147337507,50.69292942957846],[3.142169303764613,50.69301325744053],[3.142226278905567,50.69307597183561],[3.142259604403084,50.69311265429717],[3.142304684156478,50.693162275051364],[3.142346422428551,50.69320821772813],[3.142432380251931,50.693302834306614],[3.142533446737039,50.69341408148161],[3.142547,50.693429],[3.142566415838068,50.693470468394885],[3.142591579940855,50.693524213947754],[3.142616086164947,50.69357655440167],[3.142628,50.693602],[3.142720036363641,50.693602],[3.142792,50.693602],[3.143323588917708,50.69335338273406],[3.14338,50.693327],[3.14364400246771,50.69324708088563],[3.143674,50.693238],[3.144591633143394,50.693191953892445],[3.144330973159944,50.6923214782687],[3.14431837935916,50.69219572822804],[3.144316622400035,50.692121522542685],[3.144307969122588,50.69211047487643],[3.14397034079648,50.69201879402906],[3.143855084694759,50.69197688950989],[3.143619353110579,50.69183362915635],[3.143514233153237,50.69175846141168],[3.143352057819733,50.69166127545816],[3.143177418353598,50.69147420613677],[3.143156282424624,50.69143639322929],[3.142957879339829,50.69117912742833],[3.142497753458529,50.69067828924034],[3.142387920040369,50.69053631174161],[3.14235929681084,50.69049548885435],[3.142325040512436,50.6904437880557],[3.142224470128861,50.6899638346769],[3.141578985438593,50.68962981370142],[3.141548765900992,50.689615266133444],[3.141383837109939,50.689616700726994],[3.140947196021945,50.68970327249228],[3.140792012216774,50.689760279876374],[3.140464907482435,50.68979183265784],[3.140396338445166,50.689796534398305],[3.140219336144889,50.68980321373037],[3.140028355079796,50.689801807488315],[3.139584968735421,50.68956300011766],[3.13919933224659,50.689172461470065],[3.139107973735463,50.68899830930822],[3.138920395460566,50.68880411361793],[3.138798485978139,50.68857401779699],[3.138525297258238,50.68826375184033],[3.138360722521053,50.68815897184866],[3.138164743783181,50.68801855266834],[3.138090103120754,50.68794741078697],[3.137997106711445,50.68789721657118],[3.13773643017406,50.68762945883753],[3.137684037709176,50.68758185963714],[3.137540979589829,50.68746016662569],[3.137251905382119,50.68732073083137],[3.137179213965414,50.68725181089544],[3.137122755931359,50.68719314453975],[3.137046534097015,50.68710625985077],[3.136974688634701,50.68706414773014],[3.136817108570163,50.68696267089688],[3.136754627198901,50.68691210171817],[3.136271573417379,50.68724004648728],[3.136061587729572,50.68787965806508],[3.135940742904948,50.687905808092715],[3.135708799507028,50.687597678907146],[3.135630673855324,50.68766894778624],[3.1355001643994,50.68774307964903],[3.135407853499212,50.6877716474434],[3.135378361283138,50.68783811720957],[3.135204528558353,50.688059644111554],[3.135165937728786,50.688053519754284],[3.135063926708903,50.688017477316855],[3.1349735,50.68796247323601],[3.134950520668068,50.6879668901879],[3.134864827121492,50.687964049517845],[3.13471739481273,50.68802438860946],[3.134472150955827,50.688265953808504],[3.134504727248189,50.68855271090841],[3.134494540646861,50.68857971153844],[3.134492969966574,50.68858487633768],[3.134536710872836,50.68887373673814],[3.134454948186524,50.68889826554405],[3.134210995518995,50.68893481098256],[3.134044390332638,50.68892223700624],[3.133932244138862,50.688885579801614],[3.133883164159141,50.68885132263457],[3.133787466702077,50.68873213580168],[3.133493199744706,50.688766898107076],[3.13346741497824,50.68873254511077],[3.133433266403182,50.688415959362764],[3.133404416580319,50.68839718808064],[3.133112392833968,50.68788870813634],[3.133514680974391,50.6877758153106],[3.1335655,50.6877104082353],[3.1335655,50.68761072727271],[3.133530330427895,50.68739331537243],[3.133477923606726,50.68728646368706],[3.133463141339341,50.68727677173212],[3.133104124233129,50.687348575153365],[3.13287632060936,50.68778329211227],[3.132865847814359,50.687779892779396],[3.132762856218566,50.6877055550134],[3.132575174424492,50.687367284877176],[3.132431392267493,50.687255393217725],[3.132362826054344,50.68716754275713],[3.13220545423125,50.68706591790186],[3.132304661697848,50.68670960939507],[3.132223703275008,50.68652422633988],[3.132302835572742,50.68640679401005],[3.132829597053541,50.68632927062231],[3.132778118253011,50.686660771469604],[3.132826028640046,50.686762906015595],[3.132986747446701,50.686910975656915],[3.133048135852868,50.6869303090186],[3.133067918813977,50.68692376138369],[3.133411741496602,50.68652263492062],[3.133434114476585,50.68646227448506],[3.13358938961804,50.68649668830187],[3.133638874424861,50.68651717501189],[3.134118945712776,50.6865072425025],[3.134154385068963,50.68649212415883],[3.134187660837771,50.68645178989361],[3.134229776369885,50.686427928402324],[3.134319451585977,50.686411676961605],[3.134835205624475,50.68521379661412],[3.13482639162016,50.68520715531227],[3.134629847165346,50.6850295532827],[3.134621411699802,50.6850223172787],[3.134485833692283,50.68488587815469],[3.134362049004026,50.68466756049126],[3.134190713317759,50.684640707198014],[3.133991320622953,50.68459699008311],[3.133689344038282,50.68450154868466],[3.133446544936945,50.68436611803015],[3.133249236485817,50.68418074146608],[3.132160146632693,50.683072891225635],[3.131851801526706,50.683130160305346],[3.130285477077383,50.68281689541547],[3.130227089015716,50.682795834487635],[3.129315105006126,50.6829357574168],[3.127709983890109,50.681741239043674],[3.126921446259944,50.68145099765908],[3.126086442817975,50.6814903720458],[3.125770752430146,50.682706562584706],[3.125816273231222,50.683747585016825],[3.125875350453287,50.68415110354253],[3.125983187373874,50.684467845653074],[3.125618014471302,50.685546223591885],[3.125615815181625,50.68554750361012],[3.125252815721523,50.68560960647006],[3.124631259757698,50.68650191046495]],[[3.130725477811771,50.68543317248352],[3.130882545260272,50.68536761954014],[3.131065046022041,50.68520899738271],[3.13126195784759,50.6853003011658],[3.131346297769925,50.685355323586315],[3.131350517127008,50.68536103983281],[3.131482942111234,50.68541129341657],[3.131671148887516,50.6855683580644],[3.131516589259552,50.68599409958504],[3.131528828049494,50.68601559650022],[3.131550535338528,50.686103078507145],[3.131416456483133,50.68626893901717],[3.131170145436312,50.68631683283183],[3.131024914901657,50.68625949595408],[3.130689015286471,50.686367330885886],[3.130601332096976,50.68612211518648],[3.13058604853848,50.68609943373529],[3.130255080483336,50.685936108195044],[3.130122413524641,50.68532397819263],[3.130480603582222,50.685435017110485],[3.130725477811771,50.68543317248352]]]}}]}