{"type":"FeatureCollection","features":[{"type":"Feature","geometry":{"coordinates":[[[3.13165044282646,50.68109217935288],[3.131591188389961,50.68111736832472],[3.131265579069729,50.68136718005735],[3.130897786383064,50.68169061913954],[3.130154418874067,50.68179325066782],[3.129654936366708,50.681717945481076],[3.12737828878306,50.680667690838035],[3.12679428071324,50.68039279678695],[3.126782968150641,50.680387424133045],[3.126399707350287,50.680185907187244],[3.12593724494866,50.679939600967856],[3.125469054653513,50.67966009615545],[3.124524126623465,50.679065194769805],[3.124314741244246,50.678920030840615],[3.124208605580471,50.67883488702499],[3.124367980393744,50.67874678557967],[3.125008283025045,50.67838809323408],[3.125148892064839,50.67813848323879],[3.127068329839064,50.67539327335661],[3.128674950584125,50.674647697889164],[3.128981035197844,50.67450559553171],[3.129232104691226,50.67438777871054],[3.129705961469394,50.67413871239172],[3.12939317711695,50.6738716209142],[3.12718579062708,50.6721473490302],[3.125400218663428,50.67189700092048],[3.123095547343048,50.67158118516646],[3.121496653263383,50.672303801260256],[3.11985013274619,50.67350339682707],[3.119761322023695,50.67356899081701],[3.119314449089879,50.67390055191961],[3.119187578207633,50.67399579534808],[3.118991728611,50.67418353422977],[3.118932626998829,50.67427243082691],[3.118929830254769,50.67428409936354],[3.118911654576687,50.67436129090283],[3.118853845779882,50.674399933277506],[3.118818744754188,50.67448611471268],[3.118735395018565,50.67447363115212],[3.116218795744287,50.673843361666805],[3.116033647958664,50.673778026359685],[3.116222423284446,50.67358042753068],[3.117473174668512,50.672185626971604],[3.119593260117496,50.671193797386216],[3.119725855080485,50.67113354536841],[3.119889516088251,50.67107326323266],[3.120099763304742,50.67100755158654],[3.122110709961179,50.6704698565726],[3.123128173134776,50.670202330872115],[3.123204377135182,50.67018251298817],[3.124087819135604,50.66997074966532],[3.124492853489166,50.66987701701149],[3.126122872618004,50.669506998608604],[3.127513201831115,50.66928796477782],[3.130103365341584,50.668914661258725],[3.130291069652972,50.66887677455684],[3.130444942936102,50.668861357624074],[3.130590367210873,50.66885492319381],[3.131248307268981,50.668826411111034],[3.131128429683518,50.669422847320824],[3.131105501959351,50.66983521774948],[3.132268162519126,50.67030107165234],[3.13445925477944,50.670125525643755],[3.135177132025482,50.67006327621046],[3.135326773631129,50.67004875524497],[3.135514466123587,50.67000637383005],[3.13558632444352,50.66994796574468],[3.135832526715135,50.669611179279755],[3.13605621063822,50.66930313300089],[3.136057557002459,50.66927890224454],[3.136101432974391,50.66931654418526],[3.136864338215104,50.669977972874],[3.136156895381744,50.669981442252414],[3.135650859995713,50.67031492359697],[3.135800269272548,50.67125790552604],[3.136213159715135,50.67198163739845],[3.136777861161984,50.67270250799074],[3.137645615083016,50.67321125932461],[3.137846455892793,50.6733250033809],[3.137969475090077,50.67338319625374],[3.138067107548873,50.67345308308891],[3.136407640699872,50.67495353086116],[3.136980853707693,50.67593372858293],[3.13801472281425,50.67699821302585],[3.138831890351195,50.67782333189885],[3.139018542289013,50.6784153868301],[3.138654661395074,50.67859526706007],[3.138148313580023,50.678840812499686],[3.13810598827789,50.678857012167974],[3.137830811516412,50.67893987552083],[3.137723553391771,50.67896871020536],[3.137459573234302,50.67901476823166],[3.137215328422579,50.679047343388135],[3.134346576891711,50.67999091844387],[3.131826795749965,50.681017511122924],[3.131719572141825,50.68106249306134],[3.13165044282646,50.68109217935288]]],"type":"Polygon"},"properties":{"geo_point_2d":{"lon":3.130121382837466,"lat":50.674957641800454},"year":"2022","reg_code":["32"],"reg_name":["Hauts-de-France"],"dep_code":["59"],"dep_name":["Nord"],"arrdep_code":["595"],"arrdep_name":["Lille"],"ze2020_code":["3216"],"ze2020_name":["Lille"],"bv2022_code":["59350"],"bv2022_name":null,"epci_code":["200093201"],"epci_name":["M\u00e9tropole Europ\u00e9enne de Lille"],"ept_code":null,"ept_name":null,"com_code":["59646"],"com_name":["Wasquehal"],"com_arm_code":["59646"],"com_arm_name":["Wasquehal"],"iris_code":["596460202"],"iris_name":["Noir Bonnet"],"iris_name_upper":"NOIR BONNET","iris_name_lower":"noir bonnet","iris_area_code":"FXX","iris_type":"iris d'habitat","iris_grd_quart_code":"5964602","iris_grd_quart_name":"Centre-Noir Bonnet","iris_in_ctu":"Non","ze2010_code":null,"ze2010_name":null}},{"type":"Feature","geometry":{"coordinates":[[[3.127955118663919,50.658743204988646],[3.128339378440486,50.65939700903227],[3.128379029894572,50.65944452993404],[3.128540446243237,50.659629226112315],[3.128725758346473,50.65977261717838],[3.128912273559293,50.659834343905395],[3.129152388860876,50.659877169374916],[3.129364109112103,50.659858103818166],[3.131001160179707,50.66015701494698],[3.13245185883102,50.66071859048557],[3.134251302312757,50.66180384867164],[3.135930515501825,50.663560906333934],[3.135954588224243,50.6635869042575],[3.136059370221361,50.663698065702576],[3.136289413878546,50.66418240305032],[3.138000373025873,50.66741648648954],[3.137488664014756,50.668264404367],[3.13636916057375,50.66910895563878],[3.136267568395049,50.66913688591124],[3.136057557002459,50.66927890224454],[3.13605621063822,50.66930313300089],[3.135832526715135,50.669611179279755],[3.13558632444352,50.66994796574468],[3.135514466123587,50.67000637383005],[3.135326773631129,50.67004875524497],[3.135177132025482,50.67006327621046],[3.13445925477944,50.670125525643755],[3.132268162519126,50.67030107165234],[3.131105501959351,50.66983521774948],[3.131128429683518,50.669422847320824],[3.131248307268981,50.668826411111034],[3.130590367210873,50.66885492319381],[3.130444942936102,50.668861357624074],[3.130291069652972,50.66887677455684],[3.130111251287297,50.668688512899344],[3.130652092381823,50.66761467620977],[3.130992834133695,50.66508100057213],[3.130693820245693,50.66466088985366],[3.130335105431516,50.664084695370626],[3.130254193330733,50.6639178661044],[3.130248489813026,50.66389633477473],[3.130239939203208,50.66386583254948],[3.128407642602818,50.66179925758299],[3.127839966869909,50.65898382529125],[3.127901885673207,50.658905688236075],[3.127904700055741,50.65890209576024],[3.127944041893825,50.658828468891606],[3.127955118663919,50.658743204988646]]],"type":"Polygon"},"properties":{"geo_point_2d":{"lon":3.1330456219779665,"lat":50.665238325022756},"year":"2020","reg_code":["32"],"reg_name":["Hauts-de-France"],"dep_code":["59"],"dep_name":["Nord"],"arrdep_code":["595"],"arrdep_name":["Lille"],"ze2020_code":["3216"],"ze2020_name":["Lille"],"bv2022_code":["59350"],"bv2022_name":null,"epci_code":["245900410"],"epci_name":["M\u00e9tropole Europ\u00e9enne de Lille"],"ept_code":null,"ept_name":null,"com_code":["59646"],"com_name":["Wasquehal"],"com_arm_code":["59646"],"com_arm_name":["Wasquehal"],"iris_code":["596460301"],"iris_name":["Pharos-Haut Vinage"],"iris_name_upper":"PHAROS-HAUT VINAGE","iris_name_lower":"pharos-haut vinage","iris_area_code":"FXX","iris_type":"iris d'habitat","iris_grd_quart_code":"5964603","iris_grd_quart_name":"Pharos-Haut Vinage","iris_in_ctu":"Non","ze2010_code":["3110"],"ze2010_name":["Roubaix - Tourcoing"]}},{"type":"Feature","geometry":{"coordinates":[[[3.127041098853716,50.652367226132945],[3.127085016894653,50.65242999942544],[3.127437715262297,50.65290795374415],[3.128020405619076,50.653897188758414],[3.128484466686194,50.654857825581814],[3.128256040642701,50.65661786057655],[3.127957894141859,50.658724356840175],[3.127955118663919,50.658743204988646],[3.127944041893825,50.658828468891606],[3.127904700055741,50.65890209576024],[3.127901885673207,50.658905688236075],[3.127839966869909,50.65898382529125],[3.128407642602818,50.66179925758299],[3.130239939203208,50.66386583254948],[3.130248489813026,50.66389633477473],[3.129387357191388,50.66394748831909],[3.125721150129106,50.664156754211604],[3.122282218280192,50.664360304004845],[3.11940229942236,50.664529121819534],[3.119175009604131,50.664541903471445],[3.11809502840525,50.66460261097164],[3.114883297475719,50.664780164078536],[3.113899302075735,50.66483401588188],[3.113813182362811,50.664837684350374],[3.113784945754893,50.66483860760071],[3.113831415354804,50.66478382446228],[3.113986316006057,50.6646024103562],[3.114901628810996,50.6635363683517],[3.115288865227052,50.66308552061655],[3.115532249195277,50.66270659636959],[3.117623383712284,50.660359751846286],[3.118847446739057,50.65917761736235],[3.1191342257591,50.65866223831364],[3.119131397982696,50.65866044623619],[3.118995735160395,50.658604040398394],[3.118128266077188,50.65832847070778],[3.116983763255179,50.65730068955096],[3.115763935283747,50.655421335494275],[3.115881748406459,50.65386603148241],[3.115990466222572,50.65387580141688],[3.118804685225988,50.65363712501179],[3.118929985333538,50.65349611307063],[3.118941222953206,50.653472769869246],[3.11951011218946,50.65229034486379],[3.119532586338977,50.65224365827076],[3.120573259443989,50.651796642822916],[3.124123043874262,50.651528411864],[3.126943388866887,50.652244381786275],[3.127041098853716,50.652367226132945]]],"type":"Polygon"},"properties":{"geo_point_2d":{"lon":3.122456405028936,"lat":50.65851587854578},"year":"2017","reg_code":["32"],"reg_name":["Hauts-de-France"],"dep_code":["59"],"dep_name":["Nord"],"arrdep_code":["595"],"arrdep_name":["Lille"],"ze2020_code":null,"ze2020_name":null,"bv2022_code":["59350"],"bv2022_name":null,"epci_code":["245900410"],"epci_name":["M\u00e9tropole Europ\u00e9enne de Lille"],"ept_code":null,"ept_name":null,"com_code":["59646"],"com_name":["Wasquehal"],"com_arm_code":["59646"],"com_arm_name":["Wasquehal"],"iris_code":["596460302"],"iris_name":["Le haut Vinage"],"iris_name_upper":"LE HAUT VINAGE","iris_name_lower":"le haut vinage","iris_area_code":"FXX","iris_type":"iris d'habitat","iris_grd_quart_code":"5964603","iris_grd_quart_name":"PHAROS- HAUT VINAGE","iris_in_ctu":"Non","ze2010_code":["3110"],"ze2010_name":null}},{"type":"Feature","geometry":{"coordinates":[[[3.118929830254769,50.67428409936354],[3.118932626998829,50.67427243082691],[3.118991728611,50.67418353422977],[3.119187578207633,50.67399579534808],[3.119314449089879,50.67390055191961],[3.119761322023695,50.67356899081701],[3.11985013274619,50.67350339682707],[3.121496653263383,50.672303801260256],[3.123095547343048,50.67158118516646],[3.125400218663428,50.67189700092048],[3.12718579062708,50.6721473490302],[3.12939317711695,50.6738716209142],[3.129705961469394,50.67413871239172],[3.129232104691226,50.67438777871054],[3.128981035197844,50.67450559553171],[3.128674950584125,50.674647697889164],[3.127068329839064,50.67539327335661],[3.125148892064839,50.67813848323879],[3.125008283025045,50.67838809323408],[3.124367980393744,50.67874678557967],[3.124208605580471,50.67883488702499],[3.124088750984013,50.67891307775439],[3.123376944324217,50.67834216297136],[3.123309014406748,50.678285696175514],[3.122822147166052,50.67786441495803],[3.122339509644564,50.67743684582507],[3.122328185098058,50.67742608853682],[3.121753157165436,50.676750933532425],[3.12087567714436,50.675973769410824],[3.119991171772786,50.67520019449408],[3.118969452645936,50.67431816164027],[3.118929830254769,50.67428409936354]]],"type":"Polygon"},"properties":{"geo_point_2d":{"lon":3.124115178031777,"lat":50.67464874061416},"year":"2017","reg_code":["32"],"reg_name":["Hauts-de-France"],"dep_code":["59"],"dep_name":["Nord"],"arrdep_code":["595"],"arrdep_name":["Lille"],"ze2020_code":null,"ze2020_name":null,"bv2022_code":["59350"],"bv2022_name":null,"epci_code":["245900410"],"epci_name":["M\u00e9tropole Europ\u00e9enne de Lille"],"ept_code":null,"ept_name":null,"com_code":["59646"],"com_name":["Wasquehal"],"com_arm_code":["59646"],"com_arm_name":["Wasquehal"],"iris_code":["596460201"],"iris_name":["Centre-Noir Bonnet"],"iris_name_upper":"CENTRE-NOIR BONNET","iris_name_lower":"centre-noir bonnet","iris_area_code":"FXX","iris_type":"iris d'activit\u00e9","iris_grd_quart_code":"5964602","iris_grd_quart_name":"CENTRE -NOIR BONNET","iris_in_ctu":"Non","ze2010_code":["3110"],"ze2010_name":null}},{"type":"Feature","geometry":{"coordinates":[[[3.147280189980193,50.68549145749183],[3.147477191381933,50.68571646106736],[3.148772544844154,50.68716863753222],[3.149497491808203,50.68821767479947],[3.149599955606055,50.68847150315828],[3.149485221811743,50.688840454170276],[3.148951770763101,50.68901428402887],[3.148793688695149,50.689058443736144],[3.1485537385131,50.6891242376154],[3.147849407143362,50.689316213847334],[3.147904867794378,50.690399253587024],[3.148165119240316,50.69146499795232],[3.149622668405783,50.693244492337534],[3.149782888491497,50.69343902410713],[3.149828248844668,50.69349011832353],[3.149704075244798,50.6935396220966],[3.148575486891612,50.694082077050815],[3.148543075929005,50.694109933566054],[3.148479661339429,50.69416385019114],[3.148441599241004,50.69419171342579],[3.148428910980259,50.69420070205297],[3.148382396167912,50.69423665148891],[3.148347143554223,50.69425912725226],[3.148328809528784,50.694269917300495],[3.148249816999852,50.69431128951498],[3.148242763804971,50.6943148873161],[3.148200439311355,50.694334679425204],[3.148083044987362,50.69428905459205],[3.147408111332642,50.69393360964099],[3.146823374080717,50.69349998502725],[3.146223444432758,50.69318213330095],[3.144789519192976,50.693182016980444],[3.144597408728109,50.69318941937705],[3.14461696959996,50.69311401930301],[3.144608338004198,50.693060188396025],[3.142583339231392,50.69137371430847],[3.140547220842248,50.6897033680752],[3.138673588502174,50.68799780642756],[3.138024894448561,50.687369481712096],[3.13709858224132,50.686457894533305],[3.137194529428311,50.686419202276596],[3.141788849139517,50.68767662782375],[3.141811465547506,50.687681986160975],[3.141835481848171,50.687682856115046],[3.141872191015077,50.68767653272715],[3.141900414574905,50.687666629590446],[3.143674159033296,50.68701490567919],[3.146953931146448,50.68550261197345],[3.147152645318792,50.68534892840374],[3.147152637421828,50.68534623633439],[3.147154057827235,50.68534892673143],[3.147280189980193,50.68549145749183]]],"type":"Polygon"},"properties":{"geo_point_2d":{"lon":3.1449305032953756,"lat":50.68955409734133},"year":"2019","reg_code":["32"],"reg_name":["Hauts-de-France"],"dep_code":["59"],"dep_name":["Nord"],"arrdep_code":["595"],"arrdep_name":["Lille"],"ze2020_code":null,"ze2020_name":null,"bv2022_code":["59350"],"bv2022_name":null,"epci_code":["245900410"],"epci_name":["M\u00e9tropole Europ\u00e9enne de Lille"],"ept_code":null,"ept_name":null,"com_code":["59646"],"com_name":["Wasquehal"],"com_arm_code":["59646"],"com_arm_name":["Wasquehal"],"iris_code":["596460101"],"iris_name":["L'allumette"],"iris_name_upper":"L'ALLUMETTE","iris_name_lower":"l'allumette","iris_area_code":"FXX","iris_type":"iris d'habitat","iris_grd_quart_code":"5964601","iris_grd_quart_name":"CAPREAU","iris_in_ctu":"Non","ze2010_code":["3110"],"ze2010_name":["Roubaix - Tourcoing"]}},{"type":"Feature","geometry":{"coordinates":[[[3.118929830254769,50.67428409936354],[3.118932626998829,50.67427243082691],[3.118991728611,50.67418353422977],[3.119187578207633,50.67399579534808],[3.119314449089879,50.67390055191961],[3.119761322023695,50.67356899081701],[3.11985013274619,50.67350339682707],[3.121496653263383,50.672303801260256],[3.123096254504552,50.67158163315464],[3.125400218663428,50.67189700092048],[3.12718579062708,50.6721473490302],[3.12939317711695,50.6738716209142],[3.129705961469394,50.67413871239172],[3.129232104691226,50.67438777871054],[3.128981035197844,50.67450559553171],[3.128674950584125,50.674647697889164],[3.127068329839064,50.67539327335661],[3.125148892064839,50.67813848323879],[3.125008283025045,50.67838809323408],[3.124367980393744,50.67874678557967],[3.124208605580471,50.67883488702499],[3.124088750984013,50.67891307775439],[3.123376944324217,50.67834216297136],[3.123309014406748,50.678285696175514],[3.122822147166052,50.67786441495803],[3.122339509644564,50.67743684582507],[3.122328185098058,50.67742608853682],[3.121753157165436,50.676750933532425],[3.12087567714436,50.675973769410824],[3.119991171772786,50.67520019449408],[3.118969452645936,50.67431816164027],[3.118929830254769,50.67428409936354]]],"type":"Polygon"},"properties":{"geo_point_2d":{"lon":3.1241152032515935,"lat":50.67464881077678},"year":"2019","reg_code":["32"],"reg_name":["Hauts-de-France"],"dep_code":["59"],"dep_name":["Nord"],"arrdep_code":["595"],"arrdep_name":["Lille"],"ze2020_code":null,"ze2020_name":null,"bv2022_code":["59350"],"bv2022_name":null,"epci_code":["245900410"],"epci_name":["M\u00e9tropole Europ\u00e9enne de Lille"],"ept_code":null,"ept_name":null,"com_code":["59646"],"com_name":["Wasquehal"],"com_arm_code":["59646"],"com_arm_name":["Wasquehal"],"iris_code":["596460201"],"iris_name":["Centre-Noir Bonnet"],"iris_name_upper":"CENTRE-NOIR BONNET","iris_name_lower":"centre-noir bonnet","iris_area_code":"FXX","iris_type":"iris d'activit\u00e9","iris_grd_quart_code":"5964602","iris_grd_quart_name":"CENTRE -NOIR BONNET","iris_in_ctu":"Non","ze2010_code":["3110"],"ze2010_name":["Roubaix - Tourcoing"]}},{"type":"Feature","geometry":{"coordinates":[[[3.13595487036041,50.66358681420989],[3.136059370221361,50.663698065702576],[3.136289413878546,50.66418240305032],[3.138000373025873,50.66741648648954],[3.137488664014756,50.668264404367],[3.13636916057375,50.66910895563878],[3.136267568395049,50.66913688591124],[3.136057557002459,50.66927890224454],[3.13605621063822,50.66930313300089],[3.135832526715135,50.669611179279755],[3.13558632444352,50.66994796574468],[3.135514466123587,50.67000637383005],[3.135326773631129,50.67004875524497],[3.135177132025482,50.67006327621046],[3.13445925477944,50.670125525643755],[3.132268162519126,50.67030107165234],[3.131105501959351,50.66983521774948],[3.131128429683518,50.669422847320824],[3.131248307268981,50.668826411111034],[3.130590367210873,50.66885492319381],[3.130444942936102,50.668861357624074],[3.130291069652972,50.66887677455684],[3.130111251287297,50.668688512899344],[3.130652092381823,50.66761467620977],[3.130992834133695,50.66508100057213],[3.130693820245693,50.66466088985366],[3.130335105431516,50.664084695370626],[3.130254193330733,50.6639178661044],[3.130248489813026,50.66389633477473],[3.130239939203208,50.66386583254948],[3.128407642602818,50.66179925758299],[3.127839966869909,50.65898382529125],[3.127901885673207,50.658905688236075],[3.127904700055741,50.65890209576024],[3.127944041893825,50.658828468891606],[3.127955118663919,50.658743204988646],[3.128339378440486,50.65939700903227],[3.128379029894572,50.65944452993404],[3.128540446243237,50.659629226112315],[3.128725758346473,50.65977261717838],[3.128912273559293,50.659834343905395],[3.129152388860876,50.659877169374916],[3.129364109112103,50.659858103818166],[3.131001160179707,50.66015701494698],[3.13245185883102,50.66071859048557],[3.134251302312757,50.66180384867164],[3.135831143629956,50.66336179475404],[3.135828562718767,50.663451536442125],[3.135930515501825,50.663560906333934],[3.13595487036041,50.66358681420989]]],"type":"Polygon"},"properties":{"geo_point_2d":{"lon":3.1330484700620524,"lat":50.66523534530559},"year":"2016","reg_code":["32"],"reg_name":["Nord-Pas-de-Calais-Picardie"],"dep_code":["59"],"dep_name":["Nord"],"arrdep_code":["595"],"arrdep_name":["Lille"],"ze2020_code":null,"ze2020_name":null,"bv2022_code":["59350"],"bv2022_name":null,"epci_code":["245900410"],"epci_name":["M\u00e9tropole Europ\u00e9enne de Lille"],"ept_code":null,"ept_name":null,"com_code":["59646"],"com_name":["Wasquehal"],"com_arm_code":["59646"],"com_arm_name":["Wasquehal"],"iris_code":["596460301"],"iris_name":["Pharos-Haut Vinage"],"iris_name_upper":"PHAROS-HAUT VINAGE","iris_name_lower":"pharos-haut vinage","iris_area_code":"FXX","iris_type":"iris d'habitat","iris_grd_quart_code":"5964603","iris_grd_quart_name":"PHAROS- HAUT VINAGE","iris_in_ctu":"Non","ze2010_code":["3110"],"ze2010_name":null}},{"type":"Feature","geometry":{"coordinates":[[[3.144594880043652,50.69319435774462],[3.144655472680054,50.69318962103712],[3.14466639693449,50.69310768035629],[3.144607864547111,50.6928959740353],[3.141802577475826,50.69028432459509],[3.139229311581907,50.68820537173235],[3.138779785453353,50.6878339204506],[3.138133271571658,50.68722757895707],[3.137355467949098,50.68638582229518],[3.137622416577547,50.68627488276335],[3.140866087859821,50.68674810495544],[3.144612843615189,50.686293238840946],[3.144867913833405,50.686085652026826],[3.145234599868083,50.68588780519935],[3.145529887541421,50.685765598475484],[3.145673147527112,50.68597047715111],[3.146241120012546,50.68679205947412],[3.146809111103138,50.687613638193454],[3.147377262322926,50.68843530287665],[3.147945290629727,50.68925687438715],[3.148079162443548,50.689959432800705],[3.148249052158802,50.690850211907524],[3.148418806905103,50.691741079499394],[3.148553369356933,50.69190917206261],[3.149193582009931,50.69270911099792],[3.149833956090319,50.693508955774206],[3.148721934388795,50.69392037930689],[3.147836060567986,50.69360682563142],[3.146602021723953,50.69317002189395],[3.146202225769906,50.693172646364445],[3.144789519192976,50.69318201698727],[3.144594880043652,50.69319435774462]]],"type":"Polygon"},"properties":{"geo_point_2d":{"lon":3.144355594246291,"lat":50.68952496871692},"year":"2015","reg_code":["31"],"reg_name":["Nord-Pas-de-Calais"],"dep_code":["59"],"dep_name":["Nord"],"arrdep_code":["595"],"arrdep_name":["Lille"],"ze2020_code":null,"ze2020_name":null,"bv2022_code":["59350"],"bv2022_name":null,"epci_code":["245900410"],"epci_name":["M\u00e9tropole Europ\u00e9enne de Lille"],"ept_code":null,"ept_name":null,"com_code":["59646"],"com_name":["Wasquehal"],"com_arm_code":["59646"],"com_arm_name":["Wasquehal"],"iris_code":["596460101"],"iris_name":["L'allumette"],"iris_name_upper":"L'ALLUMETTE","iris_name_lower":"l'allumette","iris_area_code":"FXX","iris_type":"iris d'habitat","iris_grd_quart_code":"5964601","iris_grd_quart_name":"CAPREAU","iris_in_ctu":"Non","ze2010_code":["3110"],"ze2010_name":null}},{"type":"Feature","geometry":{"coordinates":[[[3.144597408728109,50.69318941937705],[3.14461696959996,50.69311401930301],[3.144608338004198,50.693060188396025],[3.14258404557052,50.691373713498294],[3.140547220842248,50.6897033680752],[3.138673588502174,50.68799780642756],[3.138024894448561,50.687369481712096],[3.13709858224132,50.686457894533305],[3.137194529428311,50.686419202276596],[3.141788849139517,50.68767662782375],[3.141811465547506,50.687681986160975],[3.141835481848171,50.687682856115046],[3.141872191015077,50.68767653272715],[3.141900414574905,50.687666629590446],[3.143673451470477,50.68701445781842],[3.146953931146448,50.68550261197345],[3.147152645318792,50.68534892840374],[3.147152637421828,50.68534623633439],[3.147154057827235,50.68534892673143],[3.147280189980193,50.68549145749183],[3.147477191381933,50.68571646106736],[3.148772543513457,50.68716818885523],[3.149497491808203,50.68821767479947],[3.149599249307911,50.688471504008334],[3.149485221811743,50.688840454170276],[3.148951770763101,50.68901428402887],[3.148793688695149,50.689058443736144],[3.1485537385131,50.6891242376154],[3.147849407143362,50.689316213847334],[3.147904712597488,50.69039903153209],[3.14816481554602,50.69146514659872],[3.149622668405783,50.693244492337534],[3.149782888491497,50.69343902410713],[3.149828248844668,50.69349011832353],[3.149704075244798,50.6935396220966],[3.148575486891612,50.694082077050815],[3.148543075929005,50.694109933566054],[3.148479661339429,50.69416385019114],[3.148441599241004,50.69419171342579],[3.148428910980259,50.69420070205297],[3.148382396167912,50.69423665148891],[3.148347143554223,50.69425912725226],[3.148328809528784,50.694269917300495],[3.148249816999852,50.69431128951498],[3.148242763804971,50.6943148873161],[3.148200439311355,50.694334679425204],[3.148083044987362,50.69428905459205],[3.147408817707742,50.69393360880341],[3.146823374080717,50.69349998502725],[3.146223444432758,50.69318213330095],[3.144789519192976,50.693182016980444],[3.144597408728109,50.69318941937705]]],"type":"Polygon"},"properties":{"geo_point_2d":{"lon":3.144930483726277,"lat":50.68955388622204},"year":"2017","reg_code":["32"],"reg_name":["Hauts-de-France"],"dep_code":["59"],"dep_name":["Nord"],"arrdep_code":["595"],"arrdep_name":["Lille"],"ze2020_code":null,"ze2020_name":null,"bv2022_code":["59350"],"bv2022_name":null,"epci_code":["245900410"],"epci_name":["M\u00e9tropole Europ\u00e9enne de Lille"],"ept_code":null,"ept_name":null,"com_code":["59646"],"com_name":["Wasquehal"],"com_arm_code":["59646"],"com_arm_name":["Wasquehal"],"iris_code":["596460101"],"iris_name":["L'allumette"],"iris_name_upper":"L'ALLUMETTE","iris_name_lower":"l'allumette","iris_area_code":"FXX","iris_type":"iris d'habitat","iris_grd_quart_code":"5964601","iris_grd_quart_name":"CAPREAU","iris_in_ctu":"Non","ze2010_code":["3110"],"ze2010_name":null}},{"type":"Feature","geometry":{"coordinates":[[[3.130319038468312,50.66387831304034],[3.130333226065329,50.66395906306599],[3.129961826597043,50.66818604572367],[3.129962221680085,50.66833860026281],[3.129990716483978,50.66849121511017],[3.130089954370693,50.6686436661295],[3.130275443968472,50.66884089569706],[3.13003598114205,50.6689578061029],[3.127421763202153,50.6693127365587],[3.126753062331675,50.66938897997208],[3.126393538620897,50.669440137951604],[3.124154184500261,50.66996978599717],[3.12278951699426,50.670302275109655],[3.120362300857068,50.67095973650951],[3.119995454187118,50.671085724272096],[3.119641378864556,50.67123861996765],[3.117809067759469,50.67210185294127],[3.116814994811149,50.67273992861084],[3.116243198488304,50.67340452263527],[3.116086777289037,50.673669394425644],[3.115855675870756,50.67357870605504],[3.114658330158186,50.67310295154971],[3.113460866138591,50.672627275036525],[3.113341265579481,50.67238114417971],[3.112924588312162,50.67152372102172],[3.112508066493966,50.67066629524428],[3.112091417702544,50.66980886710384],[3.111674783149216,50.6689514364724],[3.111748852759455,50.66879630245048],[3.112158686029069,50.667937497911744],[3.112568364273351,50.66707878079022],[3.112978169492592,50.66621997135467],[3.113387960888878,50.66536124920924],[3.113562845456631,50.665149306428624],[3.113866007451105,50.66478370303134],[3.114126507422051,50.66478292557459],[3.114648860434045,50.664755612782265],[3.116385326956924,50.664664708244906],[3.119095873946331,50.66451335272332],[3.123718727645215,50.66425388749397],[3.130050825411348,50.66389743924318],[3.130319038468312,50.66387831304034]]],"type":"Polygon"},"properties":{"geo_point_2d":{"lon":3.1204861572922455,"lat":50.667848259873615},"year":"2015","reg_code":["31"],"reg_name":["Nord-Pas-de-Calais"],"dep_code":["59"],"dep_name":["Nord"],"arrdep_code":["595"],"arrdep_name":["Lille"],"ze2020_code":null,"ze2020_name":null,"bv2022_code":["59350"],"bv2022_name":null,"epci_code":["245900410"],"epci_name":["M\u00e9tropole Europ\u00e9enne de Lille"],"ept_code":null,"ept_name":null,"com_code":["59646"],"com_name":["Wasquehal"],"com_arm_code":["59646"],"com_arm_name":["Wasquehal"],"iris_code":["596460203"],"iris_name":["La ville"],"iris_name_upper":"LA VILLE","iris_name_lower":"la ville","iris_area_code":"FXX","iris_type":"iris d'habitat","iris_grd_quart_code":"5964602","iris_grd_quart_name":"CENTRE -NOIR BONNET","iris_in_ctu":"Non","ze2010_code":["3110"],"ze2010_name":null}},{"type":"Feature","geometry":{"coordinates":[[[3.145673147527112,50.68597047715111],[3.145529887541421,50.685765598475484],[3.145234599868083,50.68588780519935],[3.144867913833405,50.686085652026826],[3.144612843615189,50.686293238840946],[3.140866087859821,50.68674810495544],[3.137622416577547,50.68627488276335],[3.137355467949098,50.68638582229518],[3.1360189248729,50.68524136500568],[3.132134682466381,50.68144100955494],[3.131903345407153,50.68112421634264],[3.132482326732632,50.680872338279165],[3.133978433279253,50.680224631115024],[3.134585193174793,50.67996373927981],[3.136036827363124,50.67934207820759],[3.138859298073236,50.67854101700142],[3.138972231734975,50.67852222549761],[3.14058928278515,50.67850210036432],[3.141124063725078,50.67933263651652],[3.141658862370996,50.68016316933884],[3.141697578021868,50.680219120863725],[3.142265420288495,50.681040728405115],[3.142833281409775,50.6818624220811],[3.143401302119969,50.68268402225609],[3.14396920019,50.683505618991255],[3.144537116861766,50.68432721212403],[3.14510505239569,50.68514889138976],[3.145673147527112,50.68597047715111]]],"type":"Polygon"},"properties":{"geo_point_2d":{"lon":3.1389251472386275,"lat":50.68281717563941},"year":"2015","reg_code":["31"],"reg_name":["Nord-Pas-de-Calais"],"dep_code":["59"],"dep_name":["Nord"],"arrdep_code":["595"],"arrdep_name":["Lille"],"ze2020_code":null,"ze2020_name":null,"bv2022_code":["59350"],"bv2022_name":null,"epci_code":["245900410"],"epci_name":["M\u00e9tropole Europ\u00e9enne de Lille"],"ept_code":null,"ept_name":null,"com_code":["59646"],"com_name":["Wasquehal"],"com_arm_code":["59646"],"com_arm_name":["Wasquehal"],"iris_code":["596460103"],"iris_name":["Louise Michel"],"iris_name_upper":"LOUISE MICHEL","iris_name_lower":"louise michel","iris_area_code":"FXX","iris_type":"iris d'habitat","iris_grd_quart_code":"5964601","iris_grd_quart_name":"CAPREAU","iris_in_ctu":"Non","ze2010_code":["3110"],"ze2010_name":null}},{"type":"Feature","geometry":{"coordinates":[[[3.127041098853716,50.652367226132945],[3.127085016894653,50.65242999942544],[3.127437715262297,50.65290795374415],[3.128020405619076,50.653897188758414],[3.128484466686194,50.654857825581814],[3.128256040642701,50.65661786057655],[3.127957894141859,50.658724356840175],[3.127955118663919,50.658743204988646],[3.127944041893825,50.658828468891606],[3.127904700055741,50.65890209576024],[3.127901885673207,50.658905688236075],[3.127839966869909,50.65898382529125],[3.128407642602818,50.66179925758299],[3.130239939203208,50.66386583254948],[3.130248489813026,50.66389633477473],[3.129387357191388,50.66394748831909],[3.125721150129106,50.664156754211604],[3.122282218280192,50.664360304004845],[3.11940229942236,50.664529121819534],[3.119175009604131,50.664541903471445],[3.11809502840525,50.66460261097164],[3.114883297475719,50.664780164078536],[3.113899302075735,50.66483401588188],[3.113813182362811,50.664837684350374],[3.113784239788817,50.66483860824727],[3.113831415354804,50.66478382446228],[3.114283799027447,50.66425686744958],[3.114901628810996,50.6635363683517],[3.115288865227052,50.66308552061655],[3.115532249195277,50.66270659636959],[3.115920524758126,50.66209959928243],[3.115950067980905,50.66205380481813],[3.115981045813462,50.66201788029608],[3.116395039993402,50.661547260494906],[3.116850038315671,50.66110621433219],[3.117623383712284,50.660359751846286],[3.119406972635375,50.65877863773698],[3.1191342257591,50.65866223831364],[3.119130975520193,50.65866089533868],[3.118995735160395,50.658604040398394],[3.118128266077188,50.65832847070778],[3.116983763255179,50.65730068955096],[3.115763935283747,50.655421335494275],[3.115881748406459,50.65386603148241],[3.115990466222572,50.65387580141688],[3.118804685225988,50.65363712501179],[3.118929985333538,50.65349611307063],[3.118941222953206,50.653472769869246],[3.11951011218946,50.65229034486379],[3.119532586338977,50.65224365827076],[3.120573259443989,50.651796642822916],[3.124123043874262,50.651528411864],[3.126943388866887,50.652244381786275],[3.127041098853716,50.652367226132945]]],"type":"Polygon"},"properties":{"geo_point_2d":{"lon":3.122450614091674,"lat":50.65852033799234},"year":"2016","reg_code":["32"],"reg_name":["Nord-Pas-de-Calais-Picardie"],"dep_code":["59"],"dep_name":["Nord"],"arrdep_code":["595"],"arrdep_name":["Lille"],"ze2020_code":null,"ze2020_name":null,"bv2022_code":["59350"],"bv2022_name":null,"epci_code":["245900410"],"epci_name":["M\u00e9tropole Europ\u00e9enne de Lille"],"ept_code":null,"ept_name":null,"com_code":["59646"],"com_name":["Wasquehal"],"com_arm_code":["59646"],"com_arm_name":["Wasquehal"],"iris_code":["596460302"],"iris_name":["Le haut Vinage"],"iris_name_upper":"LE HAUT VINAGE","iris_name_lower":"le haut vinage","iris_area_code":"FXX","iris_type":"iris d'habitat","iris_grd_quart_code":"5964603","iris_grd_quart_name":"PHAROS- HAUT VINAGE","iris_in_ctu":"Non","ze2010_code":["3110"],"ze2010_name":null}},{"type":"Feature","geometry":{"coordinates":[[[3.13165044282646,50.68109217935288],[3.131867099722984,50.68130552248736],[3.134209370600855,50.683609238561004],[3.136097235935816,50.68547100326323],[3.13709858224132,50.686457894533305],[3.138024894448561,50.687369481712096],[3.138673588502174,50.68799780642756],[3.140547220842248,50.6897033680752],[3.14258404557052,50.691373713498294],[3.144608338004198,50.693060188396025],[3.14461696959996,50.69311401930301],[3.144597408728109,50.69318941937705],[3.144593170540108,50.693189424306695],[3.14425133133183,50.693204179024036],[3.14367361996018,50.693238049957245],[3.14356348603868,50.69325881621842],[3.143380025924291,50.69332722646245],[3.142791697892657,50.69360249229756],[3.142627817381074,50.69360178307907],[3.142622031177135,50.6935542302505],[3.14259786918078,50.69350310910389],[3.142546798925655,50.693428687742305],[3.141814830578633,50.69236975535228],[3.141266354163608,50.691745823934355],[3.139437816647575,50.69105333854424],[3.139268144341252,50.69099879029261],[3.139143749915347,50.690970214336396],[3.138954345640367,50.69093184007031],[3.138731050108411,50.690897990101796],[3.138625070473846,50.69088734010955],[3.136774397269895,50.69072966150027],[3.132396254413691,50.69075145132914],[3.131952696746915,50.691295718059095],[3.131842871233155,50.691434026672866],[3.13171626492664,50.691637859555385],[3.131588313171288,50.69186771683534],[3.131381723940354,50.691739614213276],[3.128119575800916,50.689433234667845],[3.126414121560126,50.688709021255136],[3.126231979236254,50.688742408480316],[3.12610066791241,50.68876677033495],[3.125799924755214,50.688823608401115],[3.121903285540096,50.68971474950307],[3.119296926477287,50.690289116254874],[3.1155192338264,50.688948449160854],[3.113999513160935,50.68786978599944],[3.11369203976736,50.686776738633085],[3.114049381570887,50.68564275226791],[3.113105019096841,50.68453746733458],[3.111884996398567,50.68406925213075],[3.111523093981892,50.683930486477315],[3.109991364849826,50.68300846656583],[3.109789577523531,50.68212833227128],[3.11046724494181,50.681673665857566],[3.111009831245732,50.68177368714324],[3.111602739521179,50.68163675684887],[3.11194154050849,50.68155748412706],[3.11228612057704,50.68153653391405],[3.114515998243473,50.681400792017925],[3.114925361442446,50.681299011982],[3.115173683453938,50.68118571418518],[3.118304978616666,50.67939522027218],[3.119871954702265,50.678499940576],[3.11993809760252,50.67840116624827],[3.120002692711292,50.678245859148696],[3.120043820029423,50.676546201235425],[3.119924218440228,50.676139807605985],[3.118962929931344,50.674545203414574],[3.118888008639161,50.67451386704447],[3.118818744754188,50.67448611471268],[3.118853845779882,50.674399933277506],[3.118911654576687,50.67436129090283],[3.118929830254769,50.67428409936354],[3.118969452645936,50.67431816164027],[3.119991171772786,50.67520019449408],[3.12087567714436,50.675973769410824],[3.121753157165436,50.676750933532425],[3.122328185098058,50.67742608853682],[3.122339509644564,50.67743684582507],[3.122822147166052,50.67786441495803],[3.123309014406748,50.678285696175514],[3.123376944324217,50.67834216297136],[3.124088750984013,50.67891307775439],[3.124208605580471,50.67883488702499],[3.124314741244246,50.678920030840615],[3.124524126623465,50.679065194769805],[3.125469054653513,50.67966009615545],[3.12593724494866,50.679939600967856],[3.126399707350287,50.680185907187244],[3.126782968150641,50.680387424133045],[3.12679428071324,50.68039279678695],[3.12737828878306,50.680667690838035],[3.129654936366708,50.681717945481076],[3.130154418874067,50.68179325066782],[3.130897786383064,50.68169061913954],[3.131265579069729,50.68136718005735],[3.131591188389961,50.68111736832472],[3.13165044282646,50.68109217935288]]],"type":"Polygon"},"properties":{"geo_point_2d":{"lon":3.1252187527263486,"lat":50.685221602363185},"year":"2017","reg_code":["32"],"reg_name":["Hauts-de-France"],"dep_code":["59"],"dep_name":["Nord"],"arrdep_code":["595"],"arrdep_name":["Lille"],"ze2020_code":null,"ze2020_name":null,"bv2022_code":["59350"],"bv2022_name":null,"epci_code":["245900410"],"epci_name":["M\u00e9tropole Europ\u00e9enne de Lille"],"ept_code":null,"ept_name":null,"com_code":["59646"],"com_name":["Wasquehal"],"com_arm_code":["59646"],"com_arm_name":["Wasquehal"],"iris_code":["596460102"],"iris_name":["Le vivier"],"iris_name_upper":"LE VIVIER","iris_name_lower":"le vivier","iris_area_code":"FXX","iris_type":"iris d'habitat","iris_grd_quart_code":"5964601","iris_grd_quart_name":"CAPREAU","iris_in_ctu":"Non","ze2010_code":["3110"],"ze2010_name":null}},{"type":"Feature","geometry":{"coordinates":[[[3.13165044282646,50.68109217935288],[3.131719572141825,50.68106249306134],[3.131726629370704,50.68106069085155],[3.131826795749965,50.681017511122924],[3.131918515957482,50.68098510865739],[3.131958025002213,50.680970708872394],[3.132133023743278,50.68091847576154],[3.132171125018425,50.68090587213437],[3.132600119697332,50.68076542617502],[3.132718629040243,50.6807159445766],[3.132780704817039,50.68068985467126],[3.13287372448262,50.68061527391269],[3.133146012901667,50.68050191442062],[3.134346576891711,50.67999091844387],[3.135211372855592,50.67962654705088],[3.135327054660709,50.67957796331874],[3.135421584977852,50.679541965664676],[3.135465321646475,50.67952486802322],[3.135703765200315,50.67943487116629],[3.136066311269043,50.67927743546871],[3.136261096907767,50.679234148411936],[3.136314802272204,50.67924755002879],[3.136371305509294,50.67925107750953],[3.136441893079567,50.67924023162209],[3.136498303542797,50.6792096591803],[3.136516566239588,50.679173744416566],[3.136513626809534,50.6791315713662],[3.13682706700559,50.679095331958706],[3.137215328422579,50.679047343388135],[3.137459573234302,50.67901476823166],[3.137723553391771,50.67896871020536],[3.137830811516412,50.67893987552083],[3.13810598827789,50.678857012167974],[3.138148313580023,50.678840812499686],[3.13849664272831,50.67865377220781],[3.138654661395074,50.67859526706007],[3.139018542289013,50.6784153868301],[3.139209482930978,50.679024486149096],[3.139712844887009,50.67922941849509],[3.140917453509236,50.67969020259614],[3.140428081622698,50.67994560870691],[3.141520959741664,50.680844427188354],[3.141777711450894,50.680737348053924],[3.14243510290479,50.68046289979462],[3.142538086162221,50.68042060552068],[3.142608617927344,50.68039001415981],[3.142753920854672,50.680329723810146],[3.142813314358907,50.68035567919267],[3.143097550980812,50.68047829139663],[3.143325224778935,50.68057673929501],[3.144197050138721,50.68120298927775],[3.144439109102606,50.681390257466425],[3.144206337001731,50.681485648435235],[3.144246005461216,50.68152777853972],[3.144713547326717,50.68202975902349],[3.145701034068488,50.68258676545707],[3.146167650699195,50.68324757394702],[3.14675024636793,50.683957598043435],[3.146965709337732,50.68421937294089],[3.146895190611648,50.68425535074719],[3.146776718399012,50.68431561389579],[3.146544000082564,50.68443254541115],[3.146808027031945,50.68487822199299],[3.146826484022193,50.684910505156985],[3.146932939018684,50.68508715928125],[3.146989649413166,50.685158881016804],[3.147091691694689,50.68527541706469],[3.147152637421828,50.68534623633439],[3.147152645318792,50.68534892840374],[3.147185570076089,50.685497851090425],[3.14702172912967,50.685501634436974],[3.146953931146448,50.68550261197345],[3.146622006378181,50.68550838812621],[3.146453951394142,50.685520251929105],[3.146405936418094,50.68552389793281],[3.146175822246589,50.68556724201819],[3.146007863598504,50.685612307394024],[3.145823037916268,50.68568610782059],[3.145693255666685,50.68574458835278],[3.145634007997307,50.68577157855634],[3.145509867585531,50.685827360201806],[3.144927289320878,50.686102632614414],[3.144724208652317,50.68621503904318],[3.14468897039005,50.68624110345987],[3.14463682307641,50.68628154527529],[3.144588946911118,50.686333647754495],[3.14453684596111,50.686390241914495],[3.144457976416753,50.686471095827926],[3.144259394058967,50.68667502669877],[3.144083323277774,50.6868484209413],[3.144053742174476,50.68687717066686],[3.144014296356897,50.68691400803074],[3.143983269137724,50.686931093766326],[3.14387743832903,50.68696980267959],[3.143713695161073,50.68700947582987],[3.143633207771888,50.687019439793914],[3.143504721689363,50.687039330060244],[3.143331118303214,50.68708888501407],[3.142941625746015,50.68722034766933],[3.14262702005501,50.687359799379976],[3.142150127367054,50.68755596942558],[3.142044306530718,50.68759916350961],[3.141900414574905,50.687666629590446],[3.141872191015077,50.68767653272715],[3.141853835163954,50.68767924574575],[3.141835481848171,50.687682856115046],[3.141811465547506,50.687681986160975],[3.141788849139517,50.68767662782375],[3.141763377155928,50.687660504463025],[3.141371052280275,50.687291240374776],[3.141086374926754,50.687024151437726],[3.140764755272143,50.686679033476864],[3.140577720787527,50.68647285286094],[3.140288656600543,50.686149233168216],[3.140067600157888,50.68589822208862],[3.139750279772711,50.685570145916955],[3.13944848613363,50.68523666720275],[3.139370526580591,50.68513894244545],[3.139084338357829,50.685337579482095],[3.138674079819685,50.68562070603919],[3.138459756285837,50.68575824089082],[3.138365300590021,50.685824750626246],[3.138266621912083,50.68589664913268],[3.13807906495352,50.68600902745303],[3.137847718709255,50.686121454042215],[3.137528912430495,50.68627705017473],[3.137489405724731,50.68629324632739],[3.137372295533674,50.686340935791236],[3.13727777099419,50.686383216050686],[3.137249557064797,50.68639670757772],[3.137194529428311,50.686419202276596],[3.13709858224132,50.686457894533305],[3.136097235935816,50.68547100326323],[3.134818346519792,50.684210708876435],[3.134369408804344,50.683769693358656],[3.134209370600855,50.683609238561004],[3.132119160654686,50.681553824757245],[3.131867099722984,50.68130552248736],[3.13165044282646,50.68109217935288]]],"type":"Polygon"},"properties":{"geo_point_2d":{"lon":3.139692425681864,"lat":50.683010621926336},"year":"2023","reg_code":["32"],"reg_name":["Hauts-de-France"],"dep_code":["59"],"dep_name":["Nord"],"arrdep_code":["595"],"arrdep_name":["Lille"],"ze2020_code":["3216"],"ze2020_name":["Lille"],"bv2022_code":["59350"],"bv2022_name":["Lille"],"epci_code":["200093201"],"epci_name":["M\u00e9tropole Europ\u00e9enne de Lille"],"ept_code":null,"ept_name":null,"com_code":["59646"],"com_name":["Wasquehal"],"com_arm_code":["59646"],"com_arm_name":["Wasquehal"],"iris_code":["596460103"],"iris_name":["Louise Michel"],"iris_name_upper":"LOUISE MICHEL","iris_name_lower":"louise michel","iris_area_code":"FXX","iris_type":"iris d'habitat","iris_grd_quart_code":"5964601","iris_grd_quart_name":"Capreau","iris_in_ctu":"Non","ze2010_code":null,"ze2010_name":null}},{"type":"Feature","geometry":{"coordinates":[[[3.130319038468312,50.66387831304034],[3.130050825411348,50.66389743924318],[3.123718727645215,50.66425388749397],[3.119095873946331,50.66451335272332],[3.116385326956924,50.664664708244906],[3.114648860434045,50.664755612782265],[3.114126507422051,50.66478292557459],[3.113866007451105,50.66478370303134],[3.113562845456631,50.665149306428624],[3.11421843764245,50.66435451840888],[3.114874009063868,50.66355972599092],[3.115529559721778,50.662764929175026],[3.115705530544615,50.662480831418996],[3.116222882353281,50.66164586544516],[3.116740216739955,50.66081080654235],[3.117257534121986,50.65997583418883],[3.117774693115205,50.6591408587798],[3.118291976077132,50.65830588004841],[3.118366919865327,50.65751906187931],[3.118452191994109,50.656623288861965],[3.118537461291364,50.65572760433526],[3.118622727333562,50.654831828820186],[3.11870799033264,50.65393605205659],[3.118704530451158,50.653666835020125],[3.118844174382654,50.653621831418064],[3.119712529500805,50.653531885565215],[3.121105730103,50.65338766863707],[3.122499063641247,50.65324334617191],[3.123892248228677,50.653099097926656],[3.124353792186295,50.653192504956394],[3.125698889000789,50.653464679088536],[3.127044000401068,50.653736838544184],[3.128389126386594,50.65400898332302],[3.128816167346794,50.6545678910195],[3.129432879628583,50.65537508919204],[3.130049752913875,50.656182283188286],[3.130666504868176,50.65698947330286],[3.131283276658924,50.657796659388374],[3.127955118663918,50.658743204995666],[3.127891943868193,50.65888236622126],[3.128584671486568,50.6620130123835],[3.12954034359335,50.662992507582],[3.130205596479587,50.66368971127791],[3.130262305837933,50.66377957011989],[3.130319038468312,50.66387831304034]]],"type":"Polygon"},"properties":{"geo_point_2d":{"lon":3.123063466039077,"lat":50.65923543151917},"year":"2015","reg_code":["31"],"reg_name":["Nord-Pas-de-Calais"],"dep_code":["59"],"dep_name":["Nord"],"arrdep_code":["595"],"arrdep_name":["Lille"],"ze2020_code":null,"ze2020_name":null,"bv2022_code":["59350"],"bv2022_name":null,"epci_code":["245900410"],"epci_name":["M\u00e9tropole Europ\u00e9enne de Lille"],"ept_code":null,"ept_name":null,"com_code":["59646"],"com_name":["Wasquehal"],"com_arm_code":["59646"],"com_arm_name":["Wasquehal"],"iris_code":["596460302"],"iris_name":["Le haut Vinage"],"iris_name_upper":"LE HAUT VINAGE","iris_name_lower":"le haut vinage","iris_area_code":"FXX","iris_type":"iris d'habitat","iris_grd_quart_code":"5964603","iris_grd_quart_name":"PHAROS- HAUT VINAGE","iris_in_ctu":"Non","ze2010_code":["3110"],"ze2010_name":null}},{"type":"Feature","geometry":{"coordinates":[[[3.13165044282646,50.68109217935288],[3.131719572141825,50.68106249306134],[3.131826795749965,50.681017511122924],[3.134346576891711,50.67999091844387],[3.137215328422579,50.679047343388135],[3.137459573234302,50.67901476823166],[3.137723553391771,50.67896871020536],[3.137830811516412,50.67893987552083],[3.13810598827789,50.678857012167974],[3.138148313580023,50.678840812499686],[3.138654661395074,50.67859526706007],[3.139018542289013,50.6784153868301],[3.139209482930978,50.679024486149096],[3.140428081622698,50.67994560870691],[3.142608617927344,50.68039001415981],[3.142753920854672,50.680329723810146],[3.143097550980812,50.68047829139663],[3.143325224778935,50.68057673929501],[3.144197050138721,50.68120298927775],[3.144439109102606,50.681390257466425],[3.145701034068488,50.68258676545707],[3.146167650699195,50.68324757394702],[3.14675024636793,50.683957598043435],[3.146544000082564,50.68443254541115],[3.146808027031945,50.68487822199299],[3.147091691694689,50.68527541706469],[3.147152637421828,50.68534623633439],[3.147152645318792,50.68534892840374],[3.146953931146448,50.68550261197345],[3.143673451470477,50.68701445781842],[3.141900414574905,50.687666629590446],[3.141872191015077,50.68767653272715],[3.141835481848171,50.687682856115046],[3.141811465547506,50.687681986160975],[3.141788849139517,50.68767662782375],[3.137194529428311,50.686419202276596],[3.13709858224132,50.686457894533305],[3.136097235935816,50.68547100326323],[3.134209370600855,50.683609238561004],[3.131867099722984,50.68130552248736],[3.13165044282646,50.68109217935288]]],"type":"Polygon"},"properties":{"geo_point_2d":{"lon":3.1397648102626294,"lat":50.68320276124563},"year":"2022","reg_code":["32"],"reg_name":["Hauts-de-France"],"dep_code":["59"],"dep_name":["Nord"],"arrdep_code":["595"],"arrdep_name":["Lille"],"ze2020_code":["3216"],"ze2020_name":["Lille"],"bv2022_code":["59350"],"bv2022_name":null,"epci_code":["200093201"],"epci_name":["M\u00e9tropole Europ\u00e9enne de Lille"],"ept_code":null,"ept_name":null,"com_code":["59646"],"com_name":["Wasquehal"],"com_arm_code":["59646"],"com_arm_name":["Wasquehal"],"iris_code":["596460103"],"iris_name":["Louise Michel"],"iris_name_upper":"LOUISE MICHEL","iris_name_lower":"louise michel","iris_area_code":"FXX","iris_type":"iris d'habitat","iris_grd_quart_code":"5964601","iris_grd_quart_name":"Capreau","iris_in_ctu":"Non","ze2010_code":null,"ze2010_name":null}},{"type":"Feature","geometry":{"coordinates":[[[3.13709858224132,50.686457894533305],[3.137194529428311,50.686419202276596],[3.137249557064797,50.68639670757772],[3.13727777099419,50.686383216050686],[3.137372295533674,50.686340935791236],[3.137489405724731,50.68629324632739],[3.137528912430495,50.68627705017473],[3.137847718709255,50.686121454042215],[3.13807906495352,50.68600902745303],[3.138266621912083,50.68589664913268],[3.138365300590021,50.685824750626246],[3.138459756285837,50.68575824089082],[3.138674079819685,50.68562070603919],[3.139084338357829,50.685337579482095],[3.139370526580591,50.68513894244545],[3.13944848613363,50.68523666720275],[3.139750279772711,50.685570145916955],[3.140067600157888,50.68589822208862],[3.140288656600543,50.686149233168216],[3.140577720787527,50.68647285286094],[3.140764755272143,50.686679033476864],[3.141086374926754,50.687024151437726],[3.141371052280275,50.687291240374776],[3.141763377155928,50.687660504463025],[3.141788849139517,50.68767662782375],[3.141811465547506,50.687681986160975],[3.141835481848171,50.687682856115046],[3.141853835163954,50.68767924574575],[3.141872191015077,50.68767653272715],[3.141900414574905,50.687666629590446],[3.142044306530718,50.68759916350961],[3.142150127367054,50.68755596942558],[3.14262702005501,50.687359799379976],[3.142941625746015,50.68722034766933],[3.143331118303214,50.68708888501407],[3.143504721689363,50.687039330060244],[3.143633207771888,50.687019439793914],[3.143713695161073,50.68700947582987],[3.14387743832903,50.68696980267959],[3.143983269137724,50.686931093766326],[3.144014296356897,50.68691400803074],[3.144053742174476,50.68687717066686],[3.144083323277774,50.6868484209413],[3.144259394058967,50.68667502669877],[3.144457976416753,50.686471095827926],[3.14453684596111,50.686390241914495],[3.144588946911118,50.686333647754495],[3.14463682307641,50.68628154527529],[3.14468897039005,50.68624110345987],[3.144724208652317,50.68621503904318],[3.144927289320878,50.686102632614414],[3.145509867585531,50.685827360201806],[3.145634007997307,50.68577157855634],[3.145693255666685,50.68574458835278],[3.145823037916268,50.68568610782059],[3.146007863598504,50.685612307394024],[3.146175822246589,50.68556724201819],[3.146405936418094,50.68552389793281],[3.146453951394142,50.685520251929105],[3.146622006378181,50.68550838812621],[3.146953931146448,50.68550261197345],[3.14702172912967,50.685501634436974],[3.147185570076089,50.685497851090425],[3.147152645318792,50.68534892840374],[3.147152637421828,50.68534623633439],[3.147154057827235,50.68534892673143],[3.147280189980193,50.68549145749183],[3.147477191381933,50.68571646106736],[3.147565065834374,50.685817758339944],[3.14760758935038,50.6858679599468],[3.148213816891631,50.68643167703899],[3.148325712600877,50.686534739738995],[3.148433363169937,50.68663511531892],[3.148439127530716,50.68667369482229],[3.148450488975323,50.68669432048299],[3.148673234811599,50.68702338448181],[3.148871852788668,50.687312993117985],[3.148992475092256,50.68749949881421],[3.149026536704167,50.68755329938225],[3.149323123600741,50.68800969782159],[3.149360029787019,50.68806977633259],[3.149365704175453,50.688077845717714],[3.149408215372572,50.68812266242296],[3.149447893449596,50.68816479044959],[3.149497491808203,50.68821767479947],[3.149508829966091,50.6882302241431],[3.149576829598265,50.68829564930136],[3.149632089300846,50.688352116197215],[3.149644840116076,50.68836466382543],[3.149674598290813,50.68839603544068],[3.149707195083779,50.68843189040607],[3.149676152799128,50.68844359341049],[3.149664862744807,50.688447196426665],[3.149635230359845,50.688458000367504],[3.14960700788194,50.68846790524873],[3.149573143034372,50.68848050897932],[3.149522345731111,50.688499414557434],[3.149489888089834,50.688510221861215],[3.149474368236743,50.68851652201266],[3.149454613260197,50.688523724609674],[3.149437678127186,50.68852912910274],[3.149424980784742,50.688534528499176],[3.149422158261687,50.6885354292475],[3.149408045644891,50.68853993298811],[3.149382648273036,50.688549834421316],[3.149375590625025,50.68855163761347],[3.149372770772328,50.688553435712755],[3.1493628932702,50.688557037003406],[3.149330435557284,50.68856784426459],[3.149360233735695,50.68861267622612],[3.149381521617358,50.68864585278783],[3.149404230147651,50.688681719702195],[3.149419856982879,50.68871131363774],[3.149485221811743,50.688840454170276],[3.148951770763101,50.68901428402887],[3.148872707125985,50.68902873642047],[3.148793688695149,50.689058443736144],[3.1485537385131,50.6891242376154],[3.147849407143362,50.689316213847334],[3.147606608120408,50.68937483042506],[3.147112587889682,50.68951091654216],[3.146778039811737,50.68959476594113],[3.146680657697603,50.68962539092215],[3.146408222001638,50.6896948083415],[3.146772368314442,50.69007037001727],[3.146875782802784,50.69016985406973],[3.147176111197776,50.690458446484854],[3.147591203881889,50.690860865583296],[3.147749900646595,50.6910230977865],[3.147997948973493,50.69130457117488],[3.148087186011467,50.691385226539204],[3.148452820319613,50.69177783026873],[3.148496749184407,50.69182354269853],[3.148536426766114,50.69186477343539],[3.148580347808627,50.69190779378685],[3.148673910058828,50.69201715871152],[3.149082297524223,50.69253174869803],[3.149147525037848,50.692613329299014],[3.149306341902301,50.69281235029336],[3.149385772188543,50.692919039462275],[3.149425472754765,50.69296744861732],[3.149409951514382,50.692973748718764],[3.149446813329479,50.69301767452828],[3.149529042941902,50.69311538671637],[3.149546057204548,50.6931360052811],[3.149570159206253,50.693164691457625],[3.149599933564784,50.693200549595],[3.149573121141066,50.6932104526982],[3.149645403286619,50.69328843507305],[3.149685088327533,50.69333146004431],[3.149782888491497,50.69343902410713],[3.149828248844668,50.69349011832353],[3.149704075244798,50.6935396220966],[3.149464190390077,50.693634132342204],[3.149165073449655,50.6937637097823],[3.149109858998306,50.693724292694206],[3.149043588014929,50.69376744488575],[3.14891947689904,50.693838484135455],[3.148764367452856,50.69393737814285],[3.148624800337693,50.69403715070877],[3.14859662237587,50.69406320748332],[3.148575486891612,50.694082077050815],[3.148543075929005,50.694109933566054],[3.148479661339429,50.69416385019114],[3.148441599241004,50.69419171342579],[3.148428910980259,50.69420070205297],[3.148382396167912,50.69423665148891],[3.148376753097156,50.69423935026725],[3.148347143554223,50.69425912725226],[3.148328809528784,50.694269917300495],[3.148285080306026,50.694292403158684],[3.148249816999852,50.69431128951498],[3.148242763804971,50.6943148873161],[3.148200439311355,50.694334679425204],[3.148173535869008,50.6943140725008],[3.148115525221657,50.69428452916017],[3.148101405570316,50.694287238024835],[3.148083044987362,50.69428905459205],[3.148020780254237,50.6942541321877],[3.147945729315395,50.694194996579675],[3.147886253265053,50.69414750791569],[3.14781552024722,50.694115287518535],[3.147621713934357,50.69402757771681],[3.147522686625913,50.693981930523336],[3.147294949008986,50.69388528697567],[3.14723975960248,50.69385394516956],[3.147156170517667,50.69377328280554],[3.147098155831502,50.693741944275885],[3.146823374080717,50.69349998502725],[3.146602026969715,50.693171816579024],[3.146223444432758,50.69318213330095],[3.145761482020333,50.693182675823614],[3.145647014481371,50.69317024710092],[3.14540830234263,50.69318398678434],[3.144789519192976,50.693182016980444],[3.144597408728109,50.69318941937705],[3.14461696959996,50.69311401930301],[3.144608338004198,50.693060188396025],[3.143352316222253,50.692035074918856],[3.143182641461192,50.69198232678565],[3.143037934917889,50.691768026552495],[3.142846749064618,50.69160223646337],[3.142321344470212,50.691145189899956],[3.141661521289417,50.690608429713095],[3.140748272754863,50.68986645892383],[3.140547220842248,50.6897033680752],[3.13997527574042,50.689258925917116],[3.139854877887335,50.68914240538364],[3.138673588502174,50.68799780642756],[3.138024894448561,50.687369481712096],[3.13709858224132,50.686457894533305]]],"type":"Polygon"},"properties":{"geo_point_2d":{"lon":3.144459093570586,"lat":50.689255141236515},"year":"2023","reg_code":["32"],"reg_name":["Hauts-de-France"],"dep_code":["59"],"dep_name":["Nord"],"arrdep_code":["595"],"arrdep_name":["Lille"],"ze2020_code":["3216"],"ze2020_name":["Lille"],"bv2022_code":["59350"],"bv2022_name":["Lille"],"epci_code":["200093201"],"epci_name":["M\u00e9tropole Europ\u00e9enne de Lille"],"ept_code":null,"ept_name":null,"com_code":["59646"],"com_name":["Wasquehal"],"com_arm_code":["59646"],"com_arm_name":["Wasquehal"],"iris_code":["596460101"],"iris_name":["L'Allumette"],"iris_name_upper":"L'ALLUMETTE","iris_name_lower":"l'allumette","iris_area_code":"FXX","iris_type":"iris d'habitat","iris_grd_quart_code":"5964601","iris_grd_quart_name":"Capreau","iris_in_ctu":"Non","ze2010_code":null,"ze2010_name":null}},{"type":"Feature","geometry":{"coordinates":[[[3.130248489813026,50.66389633477473],[3.130239939203208,50.66386583254948],[3.130234231040167,50.66384250644645],[3.130211421723752,50.66375817588012],[3.130210002837719,50.66375548520299],[3.13016746658473,50.66368643089111],[3.130160320976294,50.66365323501419],[3.130143327001054,50.66363351027625],[3.130090928607143,50.663572542751666],[3.129714283419202,50.663154753490424],[3.129408446379546,50.66281765414072],[3.129244225195634,50.662645526322784],[3.129047444557625,50.662439331258255],[3.129021966407074,50.66241423080587],[3.128890305887881,50.6622752720314],[3.128407642602818,50.66179925758299],[3.128267528104157,50.66166569110806],[3.128113257022772,50.661516883401916],[3.12799153913752,50.66139945062977],[3.127807554975297,50.66122464874567],[3.127382935479305,50.66080331077671],[3.127050374478963,50.66049405103976],[3.127002259416511,50.66044923061872],[3.126764479533096,50.66021345923237],[3.12660736887639,50.660054780919495],[3.126588897819323,50.66000813530796],[3.126581732469413,50.659965965136244],[3.126588628484046,50.65990134580477],[3.126606825600605,50.65983940712915],[3.126651855729135,50.65978103066407],[3.126718078430535,50.659728914315146],[3.127011237567487,50.65953388053037],[3.127262116199971,50.65936850331563],[3.127453801246677,50.659243569032526],[3.127711749518694,50.659083567947405],[3.127839966869909,50.65898382529125],[3.127901885673207,50.658905688236075],[3.127904700055741,50.65890209576024],[3.127944041893825,50.658828468891606],[3.127955118663919,50.658743204988646],[3.128339378440486,50.65939700903227],[3.128379029894572,50.65944452993404],[3.128540446243237,50.659629226112315],[3.128725758346473,50.65977261717838],[3.128912273559293,50.659834343905395],[3.129152388860876,50.659877169374916],[3.129364109112103,50.659858103818166],[3.129485391229745,50.65980682604111],[3.130038213123307,50.65957472105486],[3.130142585057117,50.659536023825744],[3.131001160179707,50.66015701494698],[3.132057746267734,50.660905218915424],[3.132845968463386,50.66053196075367],[3.133130537675513,50.660299231431665],[3.133390586334689,50.660934306244165],[3.133648661004599,50.66135580293552],[3.133786204491466,50.6615791052977],[3.134086097126761,50.661796847967125],[3.134251302312757,50.66180384867164],[3.135972908161215,50.66305293788299],[3.135831143629956,50.66336179475404],[3.135801661486589,50.66342374680371],[3.135828562718767,50.663451536442125],[3.135930515501825,50.663560906333934],[3.135954588224243,50.6635869042575],[3.136059370221361,50.663698065702576],[3.136101856184664,50.6637455807429],[3.136421853181526,50.66407905810524],[3.136289413878546,50.66418240305032],[3.136173882932996,50.66427316588087],[3.136192720014091,50.664450827936875],[3.136337052833887,50.664567329967355],[3.136385165548531,50.66460676219204],[3.136941278833249,50.66505574123905],[3.136698792213777,50.66519061623987],[3.136549348615822,50.66527244272891],[3.136370302433552,50.665372249245486],[3.136394476247771,50.665435039729786],[3.136495122411474,50.66558120309384],[3.136673607618877,50.665793687271126],[3.137029165697038,50.6662168614479],[3.13770343286636,50.66700671163297],[3.138297318034761,50.667826260386704],[3.138348338614273,50.66789440467632],[3.138539614996148,50.66813110054188],[3.138672732104837,50.668270943682984],[3.138692555060071,50.66829066396573],[3.138715214491865,50.668314867988926],[3.138601192070812,50.66844242349201],[3.138515181916296,50.66848738850679],[3.138203344802715,50.66856850012917],[3.137820995935608,50.66868289231462],[3.137538831501255,50.668772045759425],[3.137351226389176,50.66884404380865],[3.13718756173961,50.66889268321996],[3.136985764156776,50.668938672315605],[3.136726160250113,50.66901703042831],[3.136483458656554,50.669080113944524],[3.13636916057375,50.66910895563878],[3.136267568395049,50.66913688591124],[3.136057557002459,50.66927890224454],[3.13605621063822,50.66930313300089],[3.135832526715135,50.669611179279755],[3.135753737492459,50.669717156264795],[3.135639684952394,50.66983752976455],[3.13558632444352,50.66994796574468],[3.135514466123587,50.67000637383005],[3.135326773631129,50.67004875524497],[3.135177132025482,50.67006327621046],[3.135003439119884,50.670060772914674],[3.134838247637787,50.670069028707786],[3.134821305104061,50.670069944472374],[3.13458551442576,50.67008007127315],[3.134332994904384,50.67017097988297],[3.133994100107745,50.67017314056901],[3.133865528856962,50.670146357765525],[3.133676307620761,50.6701456641026],[3.13338956931819,50.670113666590396],[3.13313551157391,50.670157910673126],[3.132933719453256,50.670209277363014],[3.132399068086966,50.67040996382122],[3.132375005769801,50.67038845235634],[3.132346700111428,50.67036425326803],[3.132189625124595,50.67023788998104],[3.131940572250364,50.67003803904108],[3.131859807917088,50.669933131339185],[3.131770915529263,50.66995924965854],[3.131676322938441,50.66996563159813],[3.13159016748193,50.66995854383304],[3.131355629017972,50.66990764134932],[3.131105501959351,50.66983521774948],[3.131138514615043,50.66949956270948],[3.131180503506888,50.669356834880126],[3.131118344782826,50.66934613192257],[3.131248307268981,50.668826411111034],[3.131172068628374,50.668830978527765],[3.130793680595145,50.66884663290575],[3.130590367210873,50.66885492319381],[3.130444942936102,50.668861357624074],[3.130291069652972,50.66887677455684],[3.130111251287297,50.668688512899344],[3.130012141118169,50.668585417765556],[3.129898871524725,50.668467081851134],[3.129884595569681,50.6684069721924],[3.129895643282912,50.66831094077514],[3.129927913175679,50.668231040030726],[3.129982786986089,50.668155602534114],[3.130222244416201,50.667929211434235],[3.130408211121115,50.66776748751012],[3.130492780290228,50.66770906883704],[3.130652092381823,50.66761467620977],[3.130862191669201,50.66750317960412],[3.130970733503196,50.66743306934855],[3.130973550486336,50.667430374229454],[3.131000308297256,50.6674034245231],[3.131025621274416,50.6673639129676],[3.131052264191876,50.66729299158398],[3.13108171696754,50.66721668292171],[3.131097030935216,50.66713321009437],[3.131128920640526,50.666908830503864],[3.131153911965446,50.6667463776193],[3.131179053253539,50.66664135712699],[3.131201422091749,50.666556081997335],[3.131230946953523,50.66650759205742],[3.131256289809258,50.66647974636836],[3.131380348867173,50.66640513232828],[3.131346311133613,50.66634773570144],[3.131324974185594,50.6662876334821],[3.131313516387695,50.666225726043095],[3.131309113766795,50.66616201637126],[3.131308947058394,50.66609830221647],[3.131310187619686,50.66603279179817],[3.131315657023647,50.66596458474843],[3.131312689865095,50.665909847387226],[3.131312645251957,50.66589279711465],[3.131320922118703,50.66581830538567],[3.131316491346687,50.66574382707988],[3.131305003160544,50.66567025361015],[3.131287864848509,50.66559578871646],[3.131262259576366,50.66552312752954],[3.131249481610663,50.66549621945595],[3.131232423224933,50.665452265570536],[3.131191293728102,50.66538231290846],[3.131148747710728,50.665310566948875],[3.131103375584855,50.66523792656332],[3.131053770111131,50.66516618800536],[3.131036765900059,50.665142873898866],[3.131005581403159,50.665096242698816],[3.130992834133695,50.66508100057213],[3.130879635664923,50.664987791687416],[3.130875374115118,50.664977924925566],[3.130845547992733,50.664910652352624],[3.130725014701135,50.664711559391804],[3.13066262585324,50.66461022030386],[3.130492469154772,50.6643313117426],[3.130335105431516,50.664084695370626],[3.130268542989113,50.66400669245252],[3.130261376305674,50.663965420128925],[3.130258512896365,50.663950167538204],[3.130254193330733,50.6639178661044],[3.130248489813026,50.66389633477473]]],"type":"Polygon"},"properties":{"geo_point_2d":{"lon":3.132931084770734,"lat":50.6650437164745},"year":"2023","reg_code":["32"],"reg_name":["Hauts-de-France"],"dep_code":["59"],"dep_name":["Nord"],"arrdep_code":["595"],"arrdep_name":["Lille"],"ze2020_code":["3216"],"ze2020_name":["Lille"],"bv2022_code":["59350"],"bv2022_name":["Lille"],"epci_code":["200093201"],"epci_name":["M\u00e9tropole Europ\u00e9enne de Lille"],"ept_code":null,"ept_name":null,"com_code":["59646"],"com_name":["Wasquehal"],"com_arm_code":["59646"],"com_arm_name":["Wasquehal"],"iris_code":["596460301"],"iris_name":["Pharos-Haut Vinage"],"iris_name_upper":"PHAROS-HAUT VINAGE","iris_name_lower":"pharos-haut vinage","iris_area_code":"FXX","iris_type":"iris d'habitat","iris_grd_quart_code":"5964603","iris_grd_quart_name":"Pharos-Haut Vinage","iris_in_ctu":"Non","ze2010_code":null,"ze2010_name":null}},{"type":"Feature","geometry":{"coordinates":[[[3.11378353382274,50.66483860889383],[3.113831415354804,50.66478382446228],[3.11392435832444,50.664676052889334],[3.113986316006057,50.6646024103562],[3.114289080939174,50.66425125392104],[3.114429898063095,50.66408690243066],[3.114901628810996,50.6635363683517],[3.115288865227052,50.66308552061655],[3.115532249195277,50.66270659636959],[3.115920524758126,50.66209959928243],[3.115950067980905,50.66205380481813],[3.115981045813462,50.66201788029608],[3.116395039993402,50.661547260494906],[3.116681002931839,50.66127149320691],[3.116850038315671,50.66110621433219],[3.117623383712284,50.660359751846286],[3.118837585576681,50.65918660073619],[3.118847446739057,50.65917761736235],[3.118884089065064,50.65915066048015],[3.119406972635375,50.65877863773698],[3.119169555936258,50.65867746013482],[3.1191342257591,50.65866223831364],[3.119131397982696,50.65866044623619],[3.118995735160395,50.658604040398394],[3.118484164492096,50.65838646243541],[3.118291976077132,50.65830588004138],[3.118201531202899,50.658266480749205],[3.11819729173498,50.658264689992784],[3.118128266077188,50.65832847070778],[3.118057826382542,50.658391355327076],[3.117967377319865,50.65835016108327],[3.117632433047327,50.658197024139426],[3.117506651165832,50.65813881249139],[3.117020492507929,50.65791671734163],[3.116629026309883,50.65773850374874],[3.116506074368446,50.65768208318497],[3.116553983610663,50.65764345021477],[3.117413537030084,50.656957927225875],[3.116657383487647,50.656576348470004],[3.116185327420126,50.656339877945804],[3.115891355475094,50.65619297932324],[3.115668048070133,50.65608011531947],[3.115133815407506,50.65581228957338],[3.115693453271621,50.655465373708374],[3.115763935283747,50.655421335494275],[3.115881748406459,50.65386603148241],[3.115990466222572,50.65387580141688],[3.117121419694106,50.65397883865819],[3.117362858197573,50.65400014838368],[3.11771159955721,50.654029432603835],[3.118402038049132,50.65409338922362],[3.118421747939891,50.654070935414616],[3.118645598838218,50.653817654724435],[3.118804685225988,50.65363712501179],[3.118929985333538,50.65349611307063],[3.118941222953206,50.653472769869246],[3.11951011218946,50.65229034486379],[3.119532586338977,50.65224365827076],[3.120382603612944,50.652346038685664],[3.120546616411358,50.65187025579539],[3.120573259443989,50.651796642822916],[3.121172051155134,50.65191541479213],[3.121383888411312,50.651957385917875],[3.121977037665804,50.652076159495884],[3.122546519345888,50.652328666662456],[3.122839037023861,50.652459398557255],[3.123080681872048,50.65256684768772],[3.12337037473728,50.65269578628154],[3.123765520470403,50.65208246684102],[3.123865365732327,50.6519298086927],[3.124430638716839,50.65105068484677],[3.124530479904075,50.65089802593036],[3.12463357355044,50.650918562837866],[3.124838325006848,50.65094976638233],[3.125133435543559,50.65098895522885],[3.125490679127007,50.651037952064385],[3.125914322296596,50.6511093156938],[3.126075315130332,50.65113966414121],[3.126586528537,50.651791557156464],[3.126688482797758,50.65191888455439],[3.126943388866887,50.652244381786275],[3.127041098853716,50.652367226132945],[3.127085016894653,50.65242999942544],[3.127167195594177,50.65255106472431],[3.127437715262297,50.65290795374415],[3.127494370562748,50.65298327740689],[3.127532618230399,50.65303618487983],[3.127653019544381,50.65319938839892],[3.127677112682984,50.653237054522364],[3.12772386462794,50.65330341420441],[3.127755038750245,50.653350047044526],[3.127797546933422,50.65341282144553],[3.127882636775936,50.65356708696344],[3.127953597226142,50.65371598253599],[3.128020405619076,50.653897188758414],[3.128144275283227,50.654311660245796],[3.128157183912627,50.65439151557923],[3.128148805723603,50.65442742024341],[3.12812628134605,50.65445167329237],[3.128321661123042,50.654675821674886],[3.128484466686194,50.654857825581814],[3.128531223505813,50.65492508219792],[3.12854973126784,50.65498608623045],[3.128552747626609,50.65506146468286],[3.128531749709031,50.6551305861816],[3.128453130849038,50.65530027600264],[3.128432027075251,50.65532811720341],[3.128308250217404,50.65550413535917],[3.128256206477661,50.65557777582551],[3.12810991485865,50.65578253372074],[3.127960812406597,50.65599267866623],[3.128006469131718,50.656181982658424],[3.128019577142834,50.65633991120391],[3.128036547212815,50.656351559886],[3.128081806114269,50.656384716948786],[3.128256040642701,50.65661786057655],[3.12830140773746,50.65669319511711],[3.128326978982351,50.65675598652201],[3.128332827703448,50.65683495144464],[3.128303686509433,50.657032408919875],[3.128229957009279,50.65745964589519],[3.128178628409421,50.65781417037213],[3.128170270287956,50.65785815139745],[3.128131245673731,50.658055618728454],[3.128076645743916,50.65823515414084],[3.128040240232243,50.6583527504591],[3.127994004914333,50.658490996961575],[3.127963271215715,50.65861845871197],[3.127957894141859,50.658724356840175],[3.127955118663919,50.658743204988646],[3.127944041893825,50.658828468891606],[3.127904700055741,50.65890209576024],[3.127901885673207,50.658905688236075],[3.127839966869909,50.65898382529125],[3.127711749518694,50.659083567947405],[3.127453801246677,50.659243569032526],[3.127262116199971,50.65936850331563],[3.127011237567487,50.65953388053037],[3.126718078430535,50.659728914315146],[3.126651855729135,50.65978103066407],[3.126606825600605,50.65983940712915],[3.126588628484046,50.65990134580477],[3.126581732469413,50.659965965136244],[3.126588897819323,50.66000813530796],[3.12660736887639,50.660054780919495],[3.126764479533096,50.66021345923237],[3.127002259416511,50.66044923061872],[3.127050374478963,50.66049405103976],[3.127382935479305,50.66080331077671],[3.127807554975297,50.66122464874567],[3.12799153913752,50.66139945062977],[3.128113257022772,50.661516883401916],[3.128267528104157,50.66166569110806],[3.128407642602818,50.66179925758299],[3.128890305887881,50.6622752720314],[3.129021966407074,50.66241423080587],[3.129047444557625,50.662439331258255],[3.129244225195634,50.662645526322784],[3.129408446379546,50.66281765414072],[3.129714283419202,50.663154753490424],[3.130090928607143,50.663572542751666],[3.130143327001054,50.66363351027625],[3.130160320976294,50.66365323501419],[3.13016746658473,50.66368643089111],[3.130210002837719,50.66375548520299],[3.130211421723752,50.66375817588012],[3.130234231040167,50.66384250644645],[3.130239939203208,50.66386583254948],[3.130248489813026,50.66389633477473],[3.129387357191388,50.66394748831909],[3.129288535284423,50.66395207813838],[3.128694200760093,50.66398320640682],[3.128060354956718,50.6640233464406],[3.12735451211678,50.66406804400019],[3.126315454672994,50.66411217939545],[3.126196876682298,50.66412127377656],[3.126107951053267,50.664131235336335],[3.125334348811595,50.66418227188162],[3.124741429945703,50.664216969345794],[3.122282218280192,50.664360304004845],[3.121332129474586,50.664415976123536],[3.11940229942236,50.664529121819534],[3.119333125849697,50.664533675215985],[3.119248423237631,50.6645391408671],[3.119175009604131,50.664541903471445],[3.119031010417306,50.66454922061406],[3.118851719461976,50.66455926351693],[3.118233377009773,50.66459395421223],[3.118172672680346,50.66459760151495],[3.118017384114653,50.66460762037977],[3.117905856754502,50.6646140079802],[3.116756689067203,50.66467521817129],[3.116368456866171,50.664696222310624],[3.115761406442932,50.66473089011519],[3.11546635042955,50.66474731764674],[3.115254587789088,50.66475918030196],[3.11510211582689,50.66476650074709],[3.115025881885893,50.66477105828402],[3.114975058565579,50.66477379748778],[3.114883297475719,50.664780164078536],[3.114771769333322,50.6647865488639],[3.114485182208475,50.66480206885299],[3.114403298386831,50.66480573382736],[3.114341177502564,50.664807585787905],[3.114279060700575,50.664811232486436],[3.114256471841691,50.66481215064887],[3.114250824116111,50.66481215584272],[3.11417035015091,50.66481492198055],[3.114039056836497,50.66482222165593],[3.114023527626828,50.6648231332957],[3.113998116932849,50.6648249513873],[3.113899302075735,50.66483401588188],[3.113834359309198,50.664836767562264],[3.113813182362811,50.664837684350374],[3.113784945754893,50.66483860760071],[3.11378353382274,50.66483860889383]]],"type":"Polygon"},"properties":{"geo_point_2d":{"lon":3.1223989427408614,"lat":50.65851598894658},"year":"2024","reg_code":["32"],"reg_name":["Hauts-de-France"],"dep_code":["59"],"dep_name":["Nord"],"arrdep_code":["595"],"arrdep_name":["Lille"],"ze2020_code":["3216"],"ze2020_name":["Lille"],"bv2022_code":["59350"],"bv2022_name":["Lille"],"epci_code":["200093201"],"epci_name":["M\u00e9tropole Europ\u00e9enne de Lille"],"ept_code":null,"ept_name":null,"com_code":["59646"],"com_name":["Wasquehal"],"com_arm_code":["59646"],"com_arm_name":["Wasquehal"],"iris_code":["596460302"],"iris_name":["Le haut Vinage"],"iris_name_upper":"LE HAUT VINAGE","iris_name_lower":"le haut vinage","iris_area_code":"FXX","iris_type":"iris d'habitat","iris_grd_quart_code":"5964603","iris_grd_quart_name":"Pharos-Haut Vinage","iris_in_ctu":"Non","ze2010_code":null,"ze2010_name":null}},{"type":"Feature","geometry":{"coordinates":[[[3.147151931957336,50.685346506377456],[3.147154057827235,50.68534892673143],[3.147280189980193,50.68549145749183],[3.147477191381933,50.68571646106736],[3.148772543513457,50.68716818885523],[3.149497491808203,50.68821767479947],[3.149599249307911,50.688471504008334],[3.149485221811743,50.688840454170276],[3.148951770763101,50.68901428402887],[3.148793688695149,50.689058443736144],[3.1485537385131,50.6891242376154],[3.147849407143362,50.689316213847334],[3.147904712597488,50.69039903153209],[3.14816481554602,50.69146514659872],[3.149622668405783,50.693244492337534],[3.149782888491497,50.69343902410713],[3.149828248844668,50.69349011832353],[3.149704075244798,50.6935396220966],[3.149464190390077,50.693634132342204],[3.148441599241004,50.69419171342579],[3.148429476880024,50.694200970581626],[3.148382396167912,50.69423665148891],[3.148347143554223,50.69425912725226],[3.148328809528784,50.694269917300495],[3.148249816999852,50.69431128951498],[3.148242763804971,50.6943148873161],[3.148200439311355,50.694334679425204],[3.148083044987362,50.69428905459205],[3.147408817707742,50.69393360880341],[3.146823374080717,50.69349998502725],[3.146223444432758,50.69318213330095],[3.144789519192976,50.693182016980444],[3.144596843118974,50.69318924056516],[3.14461696959996,50.69311401930301],[3.144608338004198,50.693060188396025],[3.14258404557052,50.691373713498294],[3.140547220842248,50.6897033680752],[3.138673588502174,50.68799780642756],[3.138024894448561,50.687369481712096],[3.13709858224132,50.686457894533305],[3.137194529428311,50.686419202276596],[3.141788849139517,50.68767662782375],[3.141811465547506,50.687681986160975],[3.141835481848171,50.687682856115046],[3.141872191015077,50.68767653272715],[3.141900414574905,50.687666629590446],[3.143673451470477,50.68701445781842],[3.147185570076089,50.685497851090425],[3.147152645318792,50.68534892840374],[3.147151931957336,50.685346506377456]]],"type":"Polygon"},"properties":{"geo_point_2d":{"lon":3.1449269205264665,"lat":50.689567356355},"year":"2016","reg_code":["32"],"reg_name":["Nord-Pas-de-Calais-Picardie"],"dep_code":["59"],"dep_name":["Nord"],"arrdep_code":["595"],"arrdep_name":["Lille"],"ze2020_code":null,"ze2020_name":null,"bv2022_code":["59350"],"bv2022_name":null,"epci_code":["245900410"],"epci_name":["M\u00e9tropole Europ\u00e9enne de Lille"],"ept_code":null,"ept_name":null,"com_code":["59646"],"com_name":["Wasquehal"],"com_arm_code":["59646"],"com_arm_name":["Wasquehal"],"iris_code":["596460101"],"iris_name":["L'allumette"],"iris_name_upper":"L'ALLUMETTE","iris_name_lower":"l'allumette","iris_area_code":"FXX","iris_type":"iris d'habitat","iris_grd_quart_code":"5964601","iris_grd_quart_name":"CAPREAU","iris_in_ctu":"Non","ze2010_code":["3110"],"ze2010_name":null}},{"type":"Feature","geometry":{"coordinates":[[[3.118929830254769,50.67428409936354],[3.118932626998829,50.67427243082691],[3.118991728611,50.67418353422977],[3.119187578207633,50.67399579534808],[3.119314449089879,50.67390055191961],[3.119761322023695,50.67356899081701],[3.11985013274619,50.67350339682707],[3.121496653263383,50.672303801260256],[3.123095547343048,50.67158118516646],[3.125400218663428,50.67189700092048],[3.12718579062708,50.6721473490302],[3.12939317711695,50.6738716209142],[3.129705961469394,50.67413871239172],[3.129232104691226,50.67438777871054],[3.128981035197844,50.67450559553171],[3.128674950584125,50.674647697889164],[3.127068329839064,50.67539327335661],[3.125148892064839,50.67813848323879],[3.125008283025045,50.67838809323408],[3.124367980393744,50.67874678557967],[3.124208605580471,50.67883488702499],[3.124088750984013,50.67891307775439],[3.123376944324217,50.67834216297136],[3.123309014406748,50.678285696175514],[3.122822147166052,50.67786441495803],[3.122339509644564,50.67743684582507],[3.122328185098058,50.67742608853682],[3.121753157165436,50.676750933532425],[3.12087567714436,50.675973769410824],[3.119991171772786,50.67520019449408],[3.118969452645936,50.67431816164027],[3.118929830254769,50.67428409936354]]],"type":"Polygon"},"properties":{"geo_point_2d":{"lon":3.124115178031777,"lat":50.67464874061416},"year":"2016","reg_code":["32"],"reg_name":["Nord-Pas-de-Calais-Picardie"],"dep_code":["59"],"dep_name":["Nord"],"arrdep_code":["595"],"arrdep_name":["Lille"],"ze2020_code":null,"ze2020_name":null,"bv2022_code":["59350"],"bv2022_name":null,"epci_code":["245900410"],"epci_name":["M\u00e9tropole Europ\u00e9enne de Lille"],"ept_code":null,"ept_name":null,"com_code":["59646"],"com_name":["Wasquehal"],"com_arm_code":["59646"],"com_arm_name":["Wasquehal"],"iris_code":["596460201"],"iris_name":["Centre-Noir Bonnet"],"iris_name_upper":"CENTRE-NOIR BONNET","iris_name_lower":"centre-noir bonnet","iris_area_code":"FXX","iris_type":"iris d'activit\u00e9","iris_grd_quart_code":"5964602","iris_grd_quart_name":"CENTRE -NOIR BONNET","iris_in_ctu":"Non","ze2010_code":["3110"],"ze2010_name":null}},{"type":"Feature","geometry":{"coordinates":[[[3.136057557002459,50.66927890224454],[3.13605621063822,50.66930313300089],[3.135832526715135,50.669611179279755],[3.13558632444352,50.66994796574468],[3.135514466123587,50.67000637383005],[3.135326773631129,50.67004875524497],[3.135177132025482,50.67006327621046],[3.134459962021873,50.67012597356825],[3.132268869744475,50.67030151958917],[3.131105501959351,50.66983521774948],[3.131128430855983,50.66942329600986],[3.131248307268981,50.668826411111034],[3.130590367210873,50.66885492319381],[3.130444942936102,50.668861357624074],[3.130291069652972,50.66887677455684],[3.130111251287297,50.668688512899344],[3.130652092381823,50.66761467620977],[3.130992834133695,50.66508100057213],[3.130693821414162,50.664661338545876],[3.130335105431516,50.664084695370626],[3.130254193330733,50.6639178661044],[3.130248489813026,50.66389633477473],[3.130239939203208,50.66386583254948],[3.128407642602818,50.66179925758299],[3.127839966869909,50.65898382529125],[3.127901885673207,50.658905688236075],[3.127904700055741,50.65890209576024],[3.127944041893825,50.658828468891606],[3.127955118663919,50.658743204988646],[3.128339378440486,50.65939700903227],[3.128379029894572,50.65944452993404],[3.128540446243237,50.659629226112315],[3.128725758346473,50.65977261717838],[3.128912273559293,50.659834343905395],[3.129152388860876,50.659877169374916],[3.129364109112103,50.659858103818166],[3.131001160179707,50.66015701494698],[3.132451154107243,50.66071903993304],[3.134251302312757,50.66180384867164],[3.135930515501825,50.663560906333934],[3.135954588224243,50.6635869042575],[3.136059370221361,50.663698065702576],[3.13770343286636,50.66700671163297],[3.137339229947848,50.6680723085898],[3.13636916057375,50.66910895563878],[3.136267568395049,50.66913688591124],[3.136057557002459,50.66927890224454]]],"type":"Polygon"},"properties":{"geo_point_2d":{"lon":3.132998634382013,"lat":50.66521289995152},"year":"2019","reg_code":["32"],"reg_name":["Hauts-de-France"],"dep_code":["59"],"dep_name":["Nord"],"arrdep_code":["595"],"arrdep_name":["Lille"],"ze2020_code":null,"ze2020_name":null,"bv2022_code":["59350"],"bv2022_name":null,"epci_code":["245900410"],"epci_name":["M\u00e9tropole Europ\u00e9enne de Lille"],"ept_code":null,"ept_name":null,"com_code":["59646"],"com_name":["Wasquehal"],"com_arm_code":["59646"],"com_arm_name":["Wasquehal"],"iris_code":["596460301"],"iris_name":["Pharos-Haut Vinage"],"iris_name_upper":"PHAROS-HAUT VINAGE","iris_name_lower":"pharos-haut vinage","iris_area_code":"FXX","iris_type":"iris d'habitat","iris_grd_quart_code":"5964603","iris_grd_quart_name":"PHAROS- HAUT VINAGE","iris_in_ctu":"Non","ze2010_code":["3110"],"ze2010_name":["Roubaix - Tourcoing"]}},{"type":"Feature","geometry":{"coordinates":[[[3.111884996398567,50.68406925213075],[3.111523093981892,50.683930486477315],[3.111460540581939,50.68374837832268],[3.109991364849826,50.68300846656583],[3.110386090840839,50.682663529510265],[3.11043253127932,50.682586315077074],[3.110502899859838,50.68247139011118],[3.110525417658431,50.68243457821507],[3.11060844619065,50.68229631046702],[3.110164744192979,50.6822051735228],[3.109853870090982,50.682140838544804],[3.109671573850612,50.68209792610764],[3.109414412003366,50.68205148987849],[3.110210078618846,50.681624539159],[3.110405071428683,50.68166115801061],[3.11046724494181,50.681673665857566],[3.111009831245732,50.68177368714324],[3.111602739521179,50.68163675684887],[3.11194154050849,50.68155748412706],[3.11228612057704,50.68153653391405],[3.113564169779786,50.68145819934798],[3.113872030180761,50.681439073009415],[3.114515998243473,50.681400792017925],[3.114925361442446,50.681299011982],[3.115173683453938,50.68118571418518],[3.115467072739971,50.68101673739598],[3.115524906234335,50.68098437851827],[3.115718148595079,50.68087382285944],[3.115871897343533,50.68078663520143],[3.115933957083164,50.680749785355765],[3.115996020881207,50.68071473020357],[3.116739358973291,50.68029047768821],[3.118304978616666,50.67939522027218],[3.119871954702265,50.678499940576],[3.11993809760252,50.67840116624827],[3.120002692711292,50.678245859148696],[3.120043820029423,50.676546201235425],[3.119924218440228,50.676139807605985],[3.119690563547307,50.67587441089688],[3.119229210754578,50.67547013963697],[3.118998489260231,50.67524781243732],[3.118948661442135,50.67507915408357],[3.118943624926989,50.67474174665848],[3.118962929931344,50.674545203414574],[3.118888008639161,50.67451386704447],[3.118818744754188,50.67448611471268],[3.118853845779882,50.674399933277506],[3.118862265841563,50.67437749088147],[3.118911654576687,50.67436129090283],[3.118929830254769,50.67428409936354],[3.118969452645936,50.67431816164027],[3.118979359316073,50.67432712589307],[3.119014736660863,50.6743576027228],[3.119127944879102,50.674455307975165],[3.119170400472326,50.67449295695749],[3.119228420234153,50.67454315421978],[3.119276531201301,50.67458348985508],[3.119991171772786,50.67520019449408],[3.120476585774798,50.67562507932411],[3.12087567714436,50.675973769410824],[3.121753157165436,50.676750933532425],[3.12194280226549,50.67691586375108],[3.12194563117117,50.67691765571583],[3.122446624412068,50.67734700335597],[3.12247634370986,50.67737210042344],[3.122328185098058,50.67742608853682],[3.122339509644564,50.67743684582507],[3.122822147166052,50.67786441495803],[3.123309014406748,50.678285696175514],[3.123314674675967,50.67829017740185],[3.123376944324217,50.67834216297136],[3.123766098237358,50.67865316281184],[3.124088750984013,50.67891307775439],[3.124208605580471,50.67883488702499],[3.124314741244246,50.678920030840615],[3.124391162705023,50.67898277010972],[3.124408144041608,50.67899621362601],[3.124439235339551,50.679004258806366],[3.124500079119554,50.67904996361469],[3.124524126623465,50.679065194769805],[3.124843811657896,50.67926498696782],[3.124944244079028,50.67932770174292],[3.125469054653513,50.67966009615545],[3.12593724494866,50.679939600967856],[3.126399707350287,50.680185907187244],[3.126782968150641,50.680387424133045],[3.12679428071324,50.68039279678695],[3.12737828878306,50.680667690838035],[3.127758661587859,50.680841389276715],[3.12822811832659,50.68105447868648],[3.128857373195364,50.68134277930895],[3.128978984613599,50.68139918712669],[3.128987468229208,50.68140276778014],[3.129654936366708,50.681717945481076],[3.129783646454646,50.68178780553604],[3.129886873102797,50.68183436062405],[3.129903840612003,50.68184152180177],[3.12996324320506,50.68187286743518],[3.130002751184765,50.681857570929346],[3.130022501676987,50.681848576629385],[3.130032376920445,50.68184407947818],[3.130276460580388,50.681742421733766],[3.130277870657528,50.681741522891606],[3.130390746634132,50.68169653631546],[3.130579794172009,50.68161378032931],[3.1306179968293,50.68163976374758],[3.130697163954264,50.681667498809674],[3.130789017087783,50.681685349465326],[3.130897786383064,50.68169061913954],[3.131013582579946,50.68168242084914],[3.131108134028201,50.681651810759476],[3.131181480529619,50.681614044066166],[3.131216708476566,50.68158259912843],[3.131246300856914,50.681556544316635],[3.131278640519361,50.68150087357029],[3.131281291551626,50.68143446580108],[3.131265579069729,50.68136718005735],[3.131228683053099,50.68130081403896],[3.131280859479507,50.681269351171125],[3.131357023029063,50.68122888928193],[3.131361255508592,50.68122709007889],[3.131427548642717,50.68119292012978],[3.131499484194038,50.68115605207893],[3.131567203650018,50.68112726473181],[3.131585545891741,50.68112006639368],[3.131591188389961,50.68111736832472],[3.13165044282646,50.68109217935288],[3.131867099722984,50.68130552248736],[3.132119160654686,50.681553824757245],[3.134209370600855,50.683609238561004],[3.134369408804344,50.683769693358656],[3.134818346519792,50.684210708876435],[3.136097235935816,50.68547100326323],[3.13709858224132,50.686457894533305],[3.138024894448561,50.687369481712096],[3.138673588502174,50.68799780642756],[3.139854877887335,50.68914240538364],[3.13997527574042,50.689258925917116],[3.140547220842248,50.6897033680752],[3.140748272754863,50.68986645892383],[3.141661521289417,50.690608429713095],[3.142321344470212,50.691145189899956],[3.142846749064618,50.69160223646337],[3.143037934917889,50.691768026552495],[3.143182641461192,50.69198232678565],[3.143352316222253,50.692035074918856],[3.144608338004198,50.693060188396025],[3.14461696959996,50.69311401930301],[3.144597408728109,50.69318941937705],[3.144593170540108,50.693189424306695],[3.144419443588846,50.693203086487216],[3.14425133133183,50.693204179024036],[3.14367361996018,50.693238049957245],[3.14356348603868,50.69325881621842],[3.143380025924291,50.69332722646245],[3.142791697892657,50.69360249229756],[3.142627817381074,50.69360178307907],[3.142622031177135,50.6935542302505],[3.14259786918078,50.69350310910389],[3.142546798925655,50.693428687742305],[3.142460341653586,50.693330078492934],[3.142247734321779,50.693084448347676],[3.142001193316761,50.69282808832462],[3.141829802616066,50.69266855576765],[3.141665542454702,50.69253234590751],[3.141703571565112,50.69249192182078],[3.141727519169214,50.692467666073505],[3.141768368523821,50.69242544404763],[3.141814830578633,50.69236975535228],[3.141862636707843,50.692289836647454],[3.141920176714352,50.69215516843434],[3.14193838437584,50.6920995119234],[3.141950933589474,50.69204116981521],[3.141949340582098,50.69197745974695],[3.141927974948301,50.69191556695033],[3.141844565124418,50.69189412573731],[3.141752653857274,50.69186372065519],[3.14164661578923,50.691833331601586],[3.141266354163608,50.691745823934355],[3.140928499667651,50.69166724053441],[3.140870541713916,50.691653845962584],[3.140688189410982,50.69161277432838],[3.140570843500114,50.69157970509108],[3.140478951174015,50.69155558049079],[3.14041392502982,50.69154039898927],[3.140351674070734,50.691507267297034],[3.14009136962985,50.69137475293671],[3.139647176519606,50.69115540161962],[3.139437816647575,50.69105333854424],[3.139364295509897,50.69103098719774],[3.139268144341252,50.69099879029261],[3.139143749915347,50.690970214336396],[3.138954345640367,50.69093184007031],[3.138731050108411,50.690897990101796],[3.138625070473846,50.69088734010955],[3.138499340838636,50.69088658290485],[3.138308655851463,50.6908957687328],[3.137884895836433,50.69091059713016],[3.137834042349165,50.6909115508795],[3.137657464099874,50.69091354125019],[3.137634856527922,50.69091177157978],[3.137523238738263,50.6909056136507],[3.137369223820928,50.69089322101708],[3.137219410149795,50.690867363275665],[3.137080848892231,50.690823545904536],[3.13677122123109,50.69073056234695],[3.136622759908177,50.69068226858847],[3.13582576824387,50.69163343727278],[3.135644116625077,50.69184989715283],[3.135270827150979,50.69172467481962],[3.134155217546017,50.691352585774666],[3.13386811102419,50.69122816345607],[3.133554165178958,50.69110376929127],[3.133278429675138,50.69100445919839],[3.132625269219413,50.69081312448803],[3.132396254413691,50.69075145132914],[3.132318858693297,50.69086549743429],[3.132141390179517,50.69106579564975],[3.132076591670106,50.6911358579355],[3.131952696746915,50.691295718059095],[3.131842871233155,50.691434026672866],[3.13171626492664,50.691637859555385],[3.131588313171288,50.69186771683534],[3.131381723940354,50.691739614213276],[3.131193531186418,50.69162315737153],[3.131044960057641,50.691531784290426],[3.130786020223818,50.69137143115219],[3.130609150329982,50.69126214026164],[3.13055820992543,50.69122988912573],[3.13015212267086,50.6909799538951],[3.129955445686695,50.690858119824576],[3.129120640960348,50.69034121755531],[3.129028675619327,50.69028567719046],[3.128642486469975,50.69007699426829],[3.128857622538147,50.68968821753747],[3.128200143534757,50.68945199602853],[3.128119575800916,50.689433234667845],[3.12729529861836,50.689151415041025],[3.126842664655265,50.68891587358567],[3.126414121560126,50.688709021255136],[3.126346348226146,50.68872165312664],[3.126231979236254,50.688742408480316],[3.12610066791241,50.68876677033495],[3.125799924755214,50.688823608401115],[3.12569564818646,50.68892601229394],[3.125310850844484,50.68926470330959],[3.125121969473957,50.68942910931892],[3.124565235368941,50.68993398103349],[3.124025263633556,50.689795431238075],[3.123965895288343,50.689780235455],[3.12387825657936,50.68975788899429],[3.123659159042409,50.68970157389342],[3.123574328183853,50.68967204559632],[3.123400521598783,50.68965068178083],[3.12333977187579,50.689648050013965],[3.122681038447232,50.68946564178672],[3.12259476962081,50.68942534598747],[3.122142445877329,50.68930913528928],[3.122084478194005,50.68928855309862],[3.121726871882785,50.68920096312957],[3.120985114123251,50.689732023242314],[3.120889200002641,50.689792239218605],[3.120753800970989,50.68988120877437],[3.120533778946009,50.690026793482254],[3.120181175560416,50.69025954921518],[3.120124759918507,50.690297292548294],[3.119889267987357,50.69047340094433],[3.119817346981145,50.690525516712555],[3.119296926477287,50.690289116254874],[3.118854289101624,50.690087635946846],[3.118629436964091,50.689985552523254],[3.11818821758266,50.68978406840386],[3.117861610208565,50.6896614411306],[3.117612772576548,50.68957014678695],[3.117297483689251,50.68945378875966],[3.117034540733992,50.68937058272402],[3.116761710309271,50.68928738541063],[3.116609063876465,50.689251634552825],[3.11647054384378,50.68921587027042],[3.11639421664823,50.689196199980735],[3.116323537900139,50.68917562700411],[3.115995594911967,50.68908260865597],[3.115842933069215,50.68903967802972],[3.115581427985703,50.68896544107431],[3.1155192338264,50.688948449160854],[3.114163567929405,50.68852256094563],[3.113822907633457,50.68842416433283],[3.113596770337228,50.68837052991077],[3.113483602392686,50.68829974224217],[3.113397342960568,50.68825943998984],[3.113019932365927,50.6881494090449],[3.112871513671448,50.68810647085621],[3.112836172752466,50.688094837324655],[3.112778216343962,50.68807694281721],[3.112672167560324,50.68803037651524],[3.112516634262933,50.687964113104336],[3.112308817788352,50.6878898205436],[3.112257922699209,50.68787102205263],[3.112212675960652,50.68785132108578],[3.112190038555719,50.68783518911962],[3.112178689756805,50.687813662828006],[3.112191328706963,50.68778044926254],[3.112195494185446,50.68774814069845],[3.1122180612905,50.687732865279784],[3.112335138352112,50.687658278997986],[3.113029122083025,50.68721256123346],[3.113177222424663,50.687115511970056],[3.11369203976736,50.686776738633085],[3.114302743392686,50.68636788095808],[3.114684979087195,50.68612165284079],[3.114794949111605,50.68603091816861],[3.114927554105131,50.68595541754797],[3.115232272290044,50.68578643206687],[3.115312684951504,50.68574238692888],[3.115387494869367,50.68571898618232],[3.115549699007463,50.68561653662173],[3.11556380763857,50.68560934463592],[3.115806553352459,50.68551938283424],[3.114745792441715,50.68491913602419],[3.114582239956631,50.685049404026444],[3.113105019096841,50.68453746733458],[3.111884996398567,50.68406925213075]]],"type":"Polygon"},"properties":{"geo_point_2d":{"lon":3.1253271006756567,"lat":50.685302045246104},"year":"2024","reg_code":["32"],"reg_name":["Hauts-de-France"],"dep_code":["59"],"dep_name":["Nord"],"arrdep_code":["595"],"arrdep_name":["Lille"],"ze2020_code":["3216"],"ze2020_name":["Lille"],"bv2022_code":["59350"],"bv2022_name":["Lille"],"epci_code":["200093201"],"epci_name":["M\u00e9tropole Europ\u00e9enne de Lille"],"ept_code":null,"ept_name":null,"com_code":["59646"],"com_name":["Wasquehal"],"com_arm_code":["59646"],"com_arm_name":["Wasquehal"],"iris_code":["596460102"],"iris_name":["Le Vivier"],"iris_name_upper":"LE VIVIER","iris_name_lower":"le vivier","iris_area_code":"FXX","iris_type":"iris d'habitat","iris_grd_quart_code":"5964601","iris_grd_quart_name":"Capreau","iris_in_ctu":"Non","ze2010_code":null,"ze2010_name":null}},{"type":"Feature","geometry":{"coordinates":[[[3.13165044282646,50.68109217935288],[3.131867099722984,50.68130552248736],[3.134209370600855,50.683609238561004],[3.136097235935816,50.68547100326323],[3.13709858224132,50.686457894533305],[3.138024894448561,50.687369481712096],[3.138673588502174,50.68799780642756],[3.140547220842248,50.6897033680752],[3.14258404557052,50.691373713498294],[3.144608338004198,50.693060188396025],[3.14461696959996,50.69311401930301],[3.144597408728109,50.69318941937705],[3.144593170540108,50.693189424306695],[3.14425133133183,50.693204179024036],[3.14367361996018,50.693238049957245],[3.14356348603868,50.69325881621842],[3.143380025924291,50.69332722646245],[3.142791697892657,50.69360249229756],[3.142627817381074,50.69360178307907],[3.142622031177135,50.6935542302505],[3.14259786918078,50.69350310910389],[3.142546798925655,50.693428687742305],[3.141814830578633,50.69236975535228],[3.141266354163608,50.691745823934355],[3.139437816647575,50.69105333854424],[3.139268144341252,50.69099879029261],[3.139143749915347,50.690970214336396],[3.138954345640367,50.69093184007031],[3.138731050108411,50.690897990101796],[3.138625070473846,50.69088734010955],[3.136774397269895,50.69072966150027],[3.132396254413691,50.69075145132914],[3.131952696746915,50.691295718059095],[3.131842871233155,50.691434026672866],[3.13171626492664,50.691637859555385],[3.131588313171288,50.69186771683534],[3.131381723940354,50.691739614213276],[3.128119575800916,50.689433234667845],[3.126414121560126,50.688709021255136],[3.126231979236254,50.688742408480316],[3.12610066791241,50.68876677033495],[3.125799924755214,50.688823608401115],[3.121903285540096,50.68971474950307],[3.119296926477287,50.690289116254874],[3.1155192338264,50.688948449160854],[3.113999513160935,50.68786978599944],[3.11369203976736,50.686776738633085],[3.114049381570887,50.68564275226791],[3.113105019096841,50.68453746733458],[3.111884996398567,50.68406925213075],[3.111523093981892,50.683930486477315],[3.109991364849826,50.68300846656583],[3.109789577523531,50.68212833227128],[3.11046724494181,50.681673665857566],[3.111009831245732,50.68177368714324],[3.111602739521179,50.68163675684887],[3.11194154050849,50.68155748412706],[3.11228612057704,50.68153653391405],[3.114515998243473,50.681400792017925],[3.114925361442446,50.681299011982],[3.115173683453938,50.68118571418518],[3.118304978616666,50.67939522027218],[3.119871954702265,50.678499940576],[3.11993809760252,50.67840116624827],[3.120002692711292,50.678245859148696],[3.120043820029423,50.676546201235425],[3.119924218440228,50.676139807605985],[3.118962929931344,50.674545203414574],[3.118888008639161,50.67451386704447],[3.118818744754188,50.67448611471268],[3.118853845779882,50.674399933277506],[3.118911654576687,50.67436129090283],[3.118929830254769,50.67428409936354],[3.118969452645936,50.67431816164027],[3.119991171772786,50.67520019449408],[3.12087567714436,50.675973769410824],[3.121753157165436,50.676750933532425],[3.122328185098058,50.67742608853682],[3.122339509644564,50.67743684582507],[3.122822147166052,50.67786441495803],[3.123309014406748,50.678285696175514],[3.123376944324217,50.67834216297136],[3.124088750984013,50.67891307775439],[3.124208605580471,50.67883488702499],[3.124314741244246,50.678920030840615],[3.124524126623465,50.679065194769805],[3.125469054653513,50.67966009615545],[3.12593724494866,50.679939600967856],[3.126399707350287,50.680185907187244],[3.126782968150641,50.680387424133045],[3.12679428071324,50.68039279678695],[3.12737828878306,50.680667690838035],[3.129654936366708,50.681717945481076],[3.130154418874067,50.68179325066782],[3.130897786383064,50.68169061913954],[3.131265579069729,50.68136718005735],[3.131591188389961,50.68111736832472],[3.13165044282646,50.68109217935288]]],"type":"Polygon"},"properties":{"geo_point_2d":{"lon":3.1252187527263486,"lat":50.685221602363185},"year":"2021","reg_code":["32"],"reg_name":["Hauts-de-France"],"dep_code":["59"],"dep_name":["Nord"],"arrdep_code":["595"],"arrdep_name":["Lille"],"ze2020_code":["3216"],"ze2020_name":["Lille"],"bv2022_code":["59350"],"bv2022_name":null,"epci_code":["200093201"],"epci_name":["M\u00e9tropole Europ\u00e9enne de Lille"],"ept_code":null,"ept_name":null,"com_code":["59646"],"com_name":["Wasquehal"],"com_arm_code":["59646"],"com_arm_name":["Wasquehal"],"iris_code":["596460102"],"iris_name":["Le Vivier"],"iris_name_upper":"LE VIVIER","iris_name_lower":"le vivier","iris_area_code":"FXX","iris_type":"iris d'habitat","iris_grd_quart_code":"5964601","iris_grd_quart_name":"Capreau","iris_in_ctu":"Non","ze2010_code":null,"ze2010_name":null}},{"type":"Feature","geometry":{"coordinates":[[[3.13165044282646,50.68109217935288],[3.131591188389961,50.68111736832472],[3.131265579069729,50.68136718005735],[3.130897786383064,50.68169061913954],[3.130154418874067,50.68179325066782],[3.129654936366708,50.681717945481076],[3.12737828878306,50.680667690838035],[3.12679428071324,50.68039279678695],[3.126782968150641,50.680387424133045],[3.126399707350287,50.680185907187244],[3.12593724494866,50.679939600967856],[3.125469054653513,50.67966009615545],[3.124524126623465,50.679065194769805],[3.124314741244246,50.678920030840615],[3.124208605580471,50.67883488702499],[3.124367980393744,50.67874678557967],[3.125008283025045,50.67838809323408],[3.125148892064839,50.67813848323879],[3.127068329839064,50.67539327335661],[3.128674950584125,50.674647697889164],[3.128981035197844,50.67450559553171],[3.129232104691226,50.67438777871054],[3.129705961469394,50.67413871239172],[3.12939317711695,50.6738716209142],[3.12718579062708,50.6721473490302],[3.125400218663428,50.67189700092048],[3.123095547343048,50.67158118516646],[3.121496653263383,50.672303801260256],[3.11985013274619,50.67350339682707],[3.119761322023695,50.67356899081701],[3.119314449089879,50.67390055191961],[3.119187578207633,50.67399579534808],[3.118991728611,50.67418353422977],[3.118932626998829,50.67427243082691],[3.118929830254769,50.67428409936354],[3.118911654576687,50.67436129090283],[3.118853845779882,50.674399933277506],[3.118818744754188,50.67448611471268],[3.118735395018565,50.67447363115212],[3.116218795744287,50.673843361666805],[3.116033647958664,50.673778026359685],[3.116222423284446,50.67358042753068],[3.117473174668512,50.672185626971604],[3.119593260117496,50.671193797386216],[3.119725855080485,50.67113354536841],[3.119889516088251,50.67107326323266],[3.120099763304742,50.67100755158654],[3.122110709961179,50.6704698565726],[3.123128173134776,50.670202330872115],[3.123204377135182,50.67018251298817],[3.124087819135604,50.66997074966532],[3.124492853489166,50.66987701701149],[3.126122872618004,50.669506998608604],[3.127513201831115,50.66928796477782],[3.130103365341584,50.668914661258725],[3.130291069652972,50.66887677455684],[3.130444942936102,50.668861357624074],[3.130590367210873,50.66885492319381],[3.131248307268981,50.668826411111034],[3.131128429683518,50.669422847320824],[3.131105501959351,50.66983521774948],[3.132268162519126,50.67030107165234],[3.13445925477944,50.670125525643755],[3.135177132025482,50.67006327621046],[3.135326773631129,50.67004875524497],[3.135514466123587,50.67000637383005],[3.13558632444352,50.66994796574468],[3.135832526715135,50.669611179279755],[3.13605621063822,50.66930313300089],[3.136057557002459,50.66927890224454],[3.136101432974391,50.66931654418526],[3.136864338215104,50.669977972874],[3.136156895381744,50.669981442252414],[3.135650859995713,50.67031492359697],[3.135800269272548,50.67125790552604],[3.136213159715135,50.67198163739845],[3.136777861161984,50.67270250799074],[3.137645615083016,50.67321125932461],[3.137846455892793,50.6733250033809],[3.137969475090077,50.67338319625374],[3.138067107548873,50.67345308308891],[3.136407640699872,50.67495353086116],[3.136980853707693,50.67593372858293],[3.13801472281425,50.67699821302585],[3.138831890351195,50.67782333189885],[3.139018542289013,50.6784153868301],[3.138654661395074,50.67859526706007],[3.138148313580023,50.678840812499686],[3.13810598827789,50.678857012167974],[3.137830811516412,50.67893987552083],[3.137723553391771,50.67896871020536],[3.137459573234302,50.67901476823166],[3.137215328422579,50.679047343388135],[3.134346576891711,50.67999091844387],[3.131826795749965,50.681017511122924],[3.131719572141825,50.68106249306134],[3.13165044282646,50.68109217935288]]],"type":"Polygon"},"properties":{"geo_point_2d":{"lon":3.130121382837466,"lat":50.674957641800454},"year":"2021","reg_code":["32"],"reg_name":["Hauts-de-France"],"dep_code":["59"],"dep_name":["Nord"],"arrdep_code":["595"],"arrdep_name":["Lille"],"ze2020_code":["3216"],"ze2020_name":["Lille"],"bv2022_code":["59350"],"bv2022_name":null,"epci_code":["200093201"],"epci_name":["M\u00e9tropole Europ\u00e9enne de Lille"],"ept_code":null,"ept_name":null,"com_code":["59646"],"com_name":["Wasquehal"],"com_arm_code":["59646"],"com_arm_name":["Wasquehal"],"iris_code":["596460202"],"iris_name":["Noir Bonnet"],"iris_name_upper":"NOIR BONNET","iris_name_lower":"noir bonnet","iris_area_code":"FXX","iris_type":"iris d'habitat","iris_grd_quart_code":"5964602","iris_grd_quart_name":"Centre-Noir Bonnet","iris_in_ctu":"Non","ze2010_code":null,"ze2010_name":null}},{"type":"Feature","geometry":{"coordinates":[[[3.116033647958664,50.673778026359685],[3.116004064714827,50.67380946208576],[3.11422973576133,50.67353650921157],[3.114088334675906,50.67283489169598],[3.113327660854306,50.671171851216606],[3.112103214280458,50.669843046619846],[3.111169077153026,50.66886484401709],[3.111336133020996,50.66776443689019],[3.113666652391001,50.66497511859675],[3.11378353382274,50.66483860889383],[3.113784945754893,50.66483860760071],[3.113813182362811,50.664837684350374],[3.113899302075735,50.66483401588188],[3.114883297475719,50.664780164078536],[3.11809502840525,50.66460261097164],[3.119175009604131,50.664541903471445],[3.11940229942236,50.664529121819534],[3.122282218280192,50.664360304004845],[3.125721150129106,50.664156754211604],[3.129387357191388,50.66394748831909],[3.130248489813026,50.66389633477473],[3.130254193330733,50.6639178661044],[3.130335105431516,50.664084695370626],[3.130693820245693,50.66466088985366],[3.130992834133695,50.66508100057213],[3.130652092381823,50.66761467620977],[3.130111251287297,50.668688512899344],[3.130291069652972,50.66887677455684],[3.130103365341584,50.668914661258725],[3.127513201831115,50.66928796477782],[3.126122872618004,50.669506998608604],[3.124492853489166,50.66987701701149],[3.124087819135604,50.66997074966532],[3.123204377135182,50.67018251298817],[3.123128173134776,50.670202330872115],[3.122110709961179,50.6704698565726],[3.120099763304742,50.67100755158654],[3.119889516088251,50.67107326323266],[3.119725855080485,50.67113354536841],[3.119593260117496,50.671193797386216],[3.117473174668512,50.672185626971604],[3.116222423284446,50.67358042753068],[3.116033647958664,50.673778026359685]]],"type":"Polygon"},"properties":{"geo_point_2d":{"lon":3.12057958701433,"lat":50.667816905932696},"year":"2021","reg_code":["32"],"reg_name":["Hauts-de-France"],"dep_code":["59"],"dep_name":["Nord"],"arrdep_code":["595"],"arrdep_name":["Lille"],"ze2020_code":["3216"],"ze2020_name":["Lille"],"bv2022_code":["59350"],"bv2022_name":null,"epci_code":["200093201"],"epci_name":["M\u00e9tropole Europ\u00e9enne de Lille"],"ept_code":null,"ept_name":null,"com_code":["59646"],"com_name":["Wasquehal"],"com_arm_code":["59646"],"com_arm_name":["Wasquehal"],"iris_code":["596460203"],"iris_name":["La ville"],"iris_name_upper":"LA VILLE","iris_name_lower":"la ville","iris_area_code":"FXX","iris_type":"iris d'habitat","iris_grd_quart_code":"5964602","iris_grd_quart_name":"Centre-Noir Bonnet","iris_in_ctu":"Non","ze2010_code":null,"ze2010_name":null}},{"type":"Feature","geometry":{"coordinates":[[[3.118929830254769,50.67428409936354],[3.118932626998829,50.67427243082691],[3.118991728611,50.67418353422977],[3.119187578207633,50.67399579534808],[3.119314449089879,50.67390055191961],[3.119761322023695,50.67356899081701],[3.11985013274619,50.67350339682707],[3.121496653263383,50.672303801260256],[3.123095547343048,50.67158118516646],[3.125400218663428,50.67189700092048],[3.12718579062708,50.6721473490302],[3.12939317711695,50.6738716209142],[3.129705961469394,50.67413871239172],[3.129232104691226,50.67438777871054],[3.128981035197844,50.67450559553171],[3.128674950584125,50.674647697889164],[3.127068329839064,50.67539327335661],[3.125148892064839,50.67813848323879],[3.125008283025045,50.67838809323408],[3.124367980393744,50.67874678557967],[3.124208605580471,50.67883488702499],[3.124088750984013,50.67891307775439],[3.123376944324217,50.67834216297136],[3.123309014406748,50.678285696175514],[3.122822147166052,50.67786441495803],[3.122339509644564,50.67743684582507],[3.122328185098058,50.67742608853682],[3.121753157165436,50.676750933532425],[3.12087567714436,50.675973769410824],[3.119991171772786,50.67520019449408],[3.118969452645936,50.67431816164027],[3.118929830254769,50.67428409936354]]],"type":"Polygon"},"properties":{"geo_point_2d":{"lon":3.124115178031777,"lat":50.67464874061416},"year":"2021","reg_code":["32"],"reg_name":["Hauts-de-France"],"dep_code":["59"],"dep_name":["Nord"],"arrdep_code":["595"],"arrdep_name":["Lille"],"ze2020_code":["3216"],"ze2020_name":["Lille"],"bv2022_code":["59350"],"bv2022_name":null,"epci_code":["200093201"],"epci_name":["M\u00e9tropole Europ\u00e9enne de Lille"],"ept_code":null,"ept_name":null,"com_code":["59646"],"com_name":["Wasquehal"],"com_arm_code":["59646"],"com_arm_name":["Wasquehal"],"iris_code":["596460201"],"iris_name":["Centre-Noir Bonnet"],"iris_name_upper":"CENTRE-NOIR BONNET","iris_name_lower":"centre-noir bonnet","iris_area_code":"FXX","iris_type":"iris d'activit\u00e9","iris_grd_quart_code":"5964602","iris_grd_quart_name":"Centre-Noir Bonnet","iris_in_ctu":"Non","ze2010_code":null,"ze2010_name":null}},{"type":"Feature","geometry":{"coordinates":[[[3.118929830254769,50.67428409936354],[3.118932626998829,50.67427243082691],[3.118991728611,50.67418353422977],[3.119187578207633,50.67399579534808],[3.119314449089879,50.67390055191961],[3.119761322023695,50.67356899081701],[3.11985013274619,50.67350339682707],[3.120955344669877,50.672700072284925],[3.121496653263383,50.672303801260256],[3.121792678158525,50.67208724368364],[3.121832156957206,50.67206207843036],[3.122121188219718,50.671874242915344],[3.122287576796811,50.67177447040881],[3.122624689206261,50.6716161997671],[3.122863076459006,50.67150917635471],[3.122916686445864,50.671488483648844],[3.122984404376556,50.67146239269037],[3.12300279930932,50.6714776299026],[3.123045248688995,50.67151258560166],[3.123145846134627,50.67164978470388],[3.12315865215689,50.671689256617206],[3.12381009160052,50.67244330318305],[3.123970918816734,50.67237942910622],[3.125400218663428,50.67189700092048],[3.125465136276051,50.671880782600056],[3.125520186897994,50.671871753230356],[3.12560633130405,50.671873460934734],[3.126103470891218,50.671900776094304],[3.126328029014306,50.671912213899354],[3.127025751128444,50.67196265308538],[3.127166989368941,50.671972379767865],[3.127151583251277,50.67202264864763],[3.12716448803459,50.67209980985913],[3.127207093259937,50.67219488819427],[3.127326074969389,50.6723374492233],[3.127449307470958,50.67248539000731],[3.127755089744666,50.672783004893326],[3.127864017786842,50.6728582724327],[3.128035172766583,50.6729693707975],[3.128093160690747,50.67300430868769],[3.12815959875069,50.67303026407741],[3.128197772985399,50.67304817221254],[3.128237380051193,50.6730741552374],[3.12833215336635,50.673135976309254],[3.128385900599088,50.673169123683145],[3.128442483722376,50.673206754978175],[3.128504727094568,50.673248867268924],[3.12857263074659,50.67329546054603],[3.128650435827435,50.67334832515894],[3.128728243374415,50.67340208709178],[3.12880887313293,50.67345494867119],[3.128885266534296,50.67350781458836],[3.128963074580199,50.67356157636138],[3.129026737930444,50.673606379020356],[3.129038053819954,50.67361354626933],[3.12911585988438,50.67366641056578],[3.129190839439034,50.6737183803734],[3.129265816837183,50.67376945275947],[3.12932809397952,50.67382412781376],[3.12939317711695,50.6738716209142],[3.129455426742232,50.673915527431234],[3.12950925893466,50.67398097967402],[3.129563019435881,50.67401861335689],[3.129705961469394,50.67413871239172],[3.129232104691226,50.67438777871054],[3.128981035197844,50.67450559553171],[3.128899224202354,50.67454337011619],[3.128674950584125,50.674647697889164],[3.128343471969218,50.674800594170684],[3.127669224613196,50.675111779807466],[3.127554967038094,50.67516394476687],[3.127484440282564,50.67519721993341],[3.127068329839064,50.67539327335661],[3.12645897751928,50.67568374620318],[3.126378563640762,50.675717030775935],[3.12635034825915,50.675728725304],[3.126313670728416,50.67574491528729],[3.126289687515767,50.67575481075515],[3.126148612522547,50.675814180594784],[3.12610629041056,50.67583217098836],[3.126073842685874,50.67584566449013],[3.126042802677125,50.67585736181164],[3.125877739224762,50.675924832008796],[3.125852343596065,50.675934728820124],[3.125759259193523,50.675984178500705],[3.125646450342506,50.676052492856094],[3.125561888416339,50.676121675935555],[3.125492874487903,50.676196227478265],[3.125443665557631,50.67628421955273],[3.125409986789179,50.67637040118187],[3.125390405823802,50.676446697485],[3.125372284148072,50.676541837093794],[3.125362532848161,50.67659568918465],[3.125347210935919,50.67668095486608],[3.12529710219126,50.67697444556663],[3.125277612684823,50.67708753386969],[3.125267870139132,50.677144975380784],[3.125232977557194,50.67731102399949],[3.125143697155874,50.677754414519484],[3.125141215015091,50.67789171450792],[3.125128871357709,50.67803889545619],[3.125148892064839,50.67813848323879],[3.125008283025045,50.67838809323408],[3.124367980393744,50.67874678557967],[3.124208605580471,50.67883488702499],[3.124088750984013,50.67891307775439],[3.123766098237358,50.67865316281184],[3.123376944324217,50.67834216297136],[3.123314674675967,50.67829017740185],[3.123309014406748,50.678285696175514],[3.122822147166052,50.67786441495803],[3.122339509644564,50.67743684582507],[3.122328185098058,50.67742608853682],[3.12247634370986,50.67737210042344],[3.122446624412068,50.67734700335597],[3.12194563117117,50.67691765571583],[3.12194280226549,50.67691586375108],[3.121753157165436,50.676750933532425],[3.12087567714436,50.675973769410824],[3.120476585774798,50.67562507932411],[3.119991171772786,50.67520019449408],[3.119276531201301,50.67458348985508],[3.119228420234153,50.67454315421978],[3.119170400472326,50.67449295695749],[3.119127944879102,50.674455307975165],[3.119014736660863,50.6743576027228],[3.118979359316073,50.67432712589307],[3.118969452645936,50.67431816164027],[3.118929830254769,50.67428409936354]]],"type":"Polygon"},"properties":{"geo_point_2d":{"lon":3.124033043352762,"lat":50.67460937111172},"year":"2023","reg_code":["32"],"reg_name":["Hauts-de-France"],"dep_code":["59"],"dep_name":["Nord"],"arrdep_code":["595"],"arrdep_name":["Lille"],"ze2020_code":["3216"],"ze2020_name":["Lille"],"bv2022_code":["59350"],"bv2022_name":["Lille"],"epci_code":["200093201"],"epci_name":["M\u00e9tropole Europ\u00e9enne de Lille"],"ept_code":null,"ept_name":null,"com_code":["59646"],"com_name":["Wasquehal"],"com_arm_code":["59646"],"com_arm_name":["Wasquehal"],"iris_code":["596460201"],"iris_name":["Centre-Noir Bonnet"],"iris_name_upper":"CENTRE-NOIR BONNET","iris_name_lower":"centre-noir bonnet","iris_area_code":"FXX","iris_type":"iris d'activit\u00e9","iris_grd_quart_code":"5964602","iris_grd_quart_name":"Centre-Noir Bonnet","iris_in_ctu":"Non","ze2010_code":null,"ze2010_name":null}},{"type":"Feature","geometry":{"coordinates":[[[3.116033647958664,50.673778026359685],[3.116004064714827,50.67380946208576],[3.11422973576133,50.67353650921157],[3.114088334675906,50.67283489169598],[3.113327660854306,50.671171851216606],[3.112103214280458,50.669843046619846],[3.111169077153026,50.66886484401709],[3.111336133020996,50.66776443689019],[3.113666652391001,50.66497511859675],[3.113784239788817,50.66483860824727],[3.113813182362811,50.664837684350374],[3.113899302075735,50.66483401588188],[3.114883297475719,50.664780164078536],[3.11809502840525,50.66460261097164],[3.119175009604131,50.664541903471445],[3.11940229942236,50.664529121819534],[3.122282218280192,50.664360304004845],[3.125721150129106,50.664156754211604],[3.129387357191388,50.66394748831909],[3.130248489813026,50.66389633477473],[3.130254193330733,50.6639178661044],[3.130335105431516,50.664084695370626],[3.130693820245693,50.66466088985366],[3.130992834133695,50.66508100057213],[3.130652092381823,50.66761467620977],[3.130111251287297,50.668688512899344],[3.130291069652972,50.66887677455684],[3.130103365341584,50.668914661258725],[3.127513201831115,50.66928796477782],[3.126122872618004,50.669506998608604],[3.124492853489166,50.66987701701149],[3.124087819135604,50.66997074966532],[3.123204377135182,50.67018251298817],[3.123128173134776,50.670202330872115],[3.122110709961179,50.6704698565726],[3.120099763304742,50.67100755158654],[3.119889516088251,50.67107326323266],[3.119725855080485,50.67113354536841],[3.119593260117496,50.671193797386216],[3.117473174668512,50.672185626971604],[3.116222423284446,50.67358042753068],[3.116033647958664,50.673778026359685]]],"type":"Polygon"},"properties":{"geo_point_2d":{"lon":3.1205795897595388,"lat":50.66781690711048},"year":"2016","reg_code":["32"],"reg_name":["Nord-Pas-de-Calais-Picardie"],"dep_code":["59"],"dep_name":["Nord"],"arrdep_code":["595"],"arrdep_name":["Lille"],"ze2020_code":null,"ze2020_name":null,"bv2022_code":["59350"],"bv2022_name":null,"epci_code":["245900410"],"epci_name":["M\u00e9tropole Europ\u00e9enne de Lille"],"ept_code":null,"ept_name":null,"com_code":["59646"],"com_name":["Wasquehal"],"com_arm_code":["59646"],"com_arm_name":["Wasquehal"],"iris_code":["596460203"],"iris_name":["La ville"],"iris_name_upper":"LA VILLE","iris_name_lower":"la ville","iris_area_code":"FXX","iris_type":"iris d'habitat","iris_grd_quart_code":"5964602","iris_grd_quart_name":"CENTRE -NOIR BONNET","iris_in_ctu":"Non","ze2010_code":["3110"],"ze2010_name":null}},{"type":"Feature","geometry":{"coordinates":[[[3.144597408728109,50.69318941937705],[3.14461696959996,50.69311401930301],[3.144608338004198,50.693060188396025],[3.14258404557052,50.691373713498294],[3.140547220842248,50.6897033680752],[3.138673588502174,50.68799780642756],[3.138024894448561,50.687369481712096],[3.13709858224132,50.686457894533305],[3.137194529428311,50.686419202276596],[3.141788849139517,50.68767662782375],[3.141811465547506,50.687681986160975],[3.141835481848171,50.687682856115046],[3.141872191015077,50.68767653272715],[3.141900414574905,50.687666629590446],[3.143673451470477,50.68701445781842],[3.146953931146448,50.68550261197345],[3.147152645318792,50.68534892840374],[3.147152637421828,50.68534623633439],[3.147154057827235,50.68534892673143],[3.147280189980193,50.68549145749183],[3.147477191381933,50.68571646106736],[3.148772543513457,50.68716818885523],[3.149497491808203,50.68821767479947],[3.149599249307911,50.688471504008334],[3.149485221811743,50.688840454170276],[3.148951770763101,50.68901428402887],[3.148793688695149,50.689058443736144],[3.1485537385131,50.6891242376154],[3.147849407143362,50.689316213847334],[3.147904712597488,50.69039903153209],[3.14816481554602,50.69146514659872],[3.149622668405783,50.693244492337534],[3.149782888491497,50.69343902410713],[3.149828248844668,50.69349011832353],[3.149704075244798,50.6935396220966],[3.148575486891612,50.694082077050815],[3.148543075929005,50.694109933566054],[3.148479661339429,50.69416385019114],[3.148441599241004,50.69419171342579],[3.148428910980259,50.69420070205297],[3.148382396167912,50.69423665148891],[3.148347143554223,50.69425912725226],[3.148328809528784,50.694269917300495],[3.148249816999852,50.69431128951498],[3.148242763804971,50.6943148873161],[3.148200439311355,50.694334679425204],[3.148083044987362,50.69428905459205],[3.147408817707742,50.69393360880341],[3.146823374080717,50.69349998502725],[3.146223444432758,50.69318213330095],[3.144789519192976,50.693182016980444],[3.144597408728109,50.69318941937705]]],"type":"Polygon"},"properties":{"geo_point_2d":{"lon":3.144930483726277,"lat":50.68955388622204},"year":"2020","reg_code":["32"],"reg_name":["Hauts-de-France"],"dep_code":["59"],"dep_name":["Nord"],"arrdep_code":["595"],"arrdep_name":["Lille"],"ze2020_code":["3216"],"ze2020_name":["Lille"],"bv2022_code":["59350"],"bv2022_name":null,"epci_code":["245900410"],"epci_name":["M\u00e9tropole Europ\u00e9enne de Lille"],"ept_code":null,"ept_name":null,"com_code":["59646"],"com_name":["Wasquehal"],"com_arm_code":["59646"],"com_arm_name":["Wasquehal"],"iris_code":["596460101"],"iris_name":["L'Allumette"],"iris_name_upper":"L'ALLUMETTE","iris_name_lower":"l'allumette","iris_area_code":"FXX","iris_type":"iris d'habitat","iris_grd_quart_code":"5964601","iris_grd_quart_name":"Capreau","iris_in_ctu":"Non","ze2010_code":["3110"],"ze2010_name":["Roubaix - Tourcoing"]}},{"type":"Feature","geometry":{"coordinates":[[[3.13709858224132,50.686457894533305],[3.137194529428311,50.686419202276596],[3.137249557064797,50.68639670757772],[3.13727777099419,50.686383216050686],[3.137372295533674,50.686340935791236],[3.137489405724731,50.68629324632739],[3.137528912430495,50.68627705017473],[3.137847718709255,50.686121454042215],[3.13807906495352,50.68600902745303],[3.138266621912083,50.68589664913268],[3.138365300590021,50.685824750626246],[3.138459756285837,50.68575824089082],[3.138674079819685,50.68562070603919],[3.139084338357829,50.685337579482095],[3.139370526580591,50.68513894244545],[3.13944848613363,50.68523666720275],[3.139750279772711,50.685570145916955],[3.140067600157888,50.68589822208862],[3.140288656600543,50.686149233168216],[3.140577720787527,50.68647285286094],[3.140764755272143,50.686679033476864],[3.141086374926754,50.687024151437726],[3.141371052280275,50.687291240374776],[3.141763377155928,50.687660504463025],[3.141788849139517,50.68767662782375],[3.141811465547506,50.687681986160975],[3.141835481848171,50.687682856115046],[3.141853835163954,50.68767924574575],[3.141872191015077,50.68767653272715],[3.141900414574905,50.687666629590446],[3.142044306530718,50.68759916350961],[3.142150127367054,50.68755596942558],[3.14262702005501,50.687359799379976],[3.142941625746015,50.68722034766933],[3.143331118303214,50.68708888501407],[3.143504721689363,50.687039330060244],[3.143633207771888,50.687019439793914],[3.143713695161073,50.68700947582987],[3.14387743832903,50.68696980267959],[3.143983269137724,50.686931093766326],[3.144014296356897,50.68691400803074],[3.144053742174476,50.68687717066686],[3.144083323277774,50.6868484209413],[3.144259394058967,50.68667502669877],[3.144457976416753,50.686471095827926],[3.14453684596111,50.686390241914495],[3.144588946911118,50.686333647754495],[3.14463682307641,50.68628154527529],[3.14468897039005,50.68624110345987],[3.144724208652317,50.68621503904318],[3.144927289320878,50.686102632614414],[3.145509867585531,50.685827360201806],[3.145634007997307,50.68577157855634],[3.145693255666685,50.68574458835278],[3.145823037916268,50.68568610782059],[3.146007863598504,50.685612307394024],[3.146175822246589,50.68556724201819],[3.146405936418094,50.68552389793281],[3.146453951394142,50.685520251929105],[3.146622006378181,50.68550838812621],[3.146953931146448,50.68550261197345],[3.14702172912967,50.685501634436974],[3.147185570076089,50.685497851090425],[3.147152645318792,50.68534892840374],[3.147152637421828,50.68534623633439],[3.147154057827235,50.68534892673143],[3.147280189980193,50.68549145749183],[3.147477191381933,50.68571646106736],[3.147565065834374,50.685817758339944],[3.14760758935038,50.6858679599468],[3.148213816891631,50.68643167703899],[3.148325712600877,50.686534739738995],[3.148433363169937,50.68663511531892],[3.148439127530716,50.68667369482229],[3.148450488975323,50.68669432048299],[3.148673234811599,50.68702338448181],[3.148871852788668,50.687312993117985],[3.148992475092256,50.68749949881421],[3.149026536704167,50.68755329938225],[3.149323123600741,50.68800969782159],[3.149360029787019,50.68806977633259],[3.149365704175453,50.688077845717714],[3.149408215372572,50.68812266242296],[3.149447893449596,50.68816479044959],[3.149497491808203,50.68821767479947],[3.149508829966091,50.6882302241431],[3.149576829598265,50.68829564930136],[3.149632089300846,50.688352116197215],[3.149644840116076,50.68836466382543],[3.149674598290813,50.68839603544068],[3.149707195083779,50.68843189040607],[3.149676152799128,50.68844359341049],[3.149664862744807,50.688447196426665],[3.149635230359845,50.688458000367504],[3.14960700788194,50.68846790524873],[3.149573143034372,50.68848050897932],[3.149522345731111,50.688499414557434],[3.149489888089834,50.688510221861215],[3.149474368236743,50.68851652201266],[3.149454613260197,50.688523724609674],[3.149437678127186,50.68852912910274],[3.149424980784742,50.688534528499176],[3.149422158261687,50.6885354292475],[3.149408045644891,50.68853993298811],[3.149382648273036,50.688549834421316],[3.149375590625025,50.68855163761347],[3.149372770772328,50.688553435712755],[3.1493628932702,50.688557037003406],[3.149330435557284,50.68856784426459],[3.149360233735695,50.68861267622612],[3.149381521617358,50.68864585278783],[3.149404230147651,50.688681719702195],[3.149419856982879,50.68871131363774],[3.149485221811743,50.688840454170276],[3.148951770763101,50.68901428402887],[3.148872707125985,50.68902873642047],[3.148793688695149,50.689058443736144],[3.1485537385131,50.6891242376154],[3.147849407143362,50.689316213847334],[3.147606608120408,50.68937483042506],[3.147112587889682,50.68951091654216],[3.146778039811737,50.68959476594113],[3.146680657697603,50.68962539092215],[3.146408222001638,50.6896948083415],[3.146772368314442,50.69007037001727],[3.146875782802784,50.69016985406973],[3.147176111197776,50.690458446484854],[3.147591203881889,50.690860865583296],[3.147749900646595,50.6910230977865],[3.147997948973493,50.69130457117488],[3.148087186011467,50.691385226539204],[3.148452820319613,50.69177783026873],[3.148496749184407,50.69182354269853],[3.148536426766114,50.69186477343539],[3.148580347808627,50.69190779378685],[3.148673910058828,50.69201715871152],[3.149082297524223,50.69253174869803],[3.149147525037848,50.692613329299014],[3.149306341902301,50.69281235029336],[3.149385772188543,50.692919039462275],[3.149425472754765,50.69296744861732],[3.149409951514382,50.692973748718764],[3.149446813329479,50.69301767452828],[3.149529042941902,50.69311538671637],[3.149546057204548,50.6931360052811],[3.149570159206253,50.693164691457625],[3.149599933564784,50.693200549595],[3.149573121141066,50.6932104526982],[3.149645403286619,50.69328843507305],[3.149685088327533,50.69333146004431],[3.149782888491497,50.69343902410713],[3.149828248844668,50.69349011832353],[3.149704075244798,50.6935396220966],[3.149464190390077,50.693634132342204],[3.149165073449655,50.6937637097823],[3.149109858998306,50.693724292694206],[3.149043588014929,50.69376744488575],[3.14891947689904,50.693838484135455],[3.148764367452856,50.69393737814285],[3.148624800337693,50.69403715070877],[3.14859662237587,50.69406320748332],[3.148575486891612,50.694082077050815],[3.148543075929005,50.694109933566054],[3.148479661339429,50.69416385019114],[3.148441599241004,50.69419171342579],[3.148428910980259,50.69420070205297],[3.148382396167912,50.69423665148891],[3.148376753097156,50.69423935026725],[3.148347143554223,50.69425912725226],[3.148328809528784,50.694269917300495],[3.148285080306026,50.694292403158684],[3.148249816999852,50.69431128951498],[3.148242763804971,50.6943148873161],[3.148200439311355,50.694334679425204],[3.148173535869008,50.6943140725008],[3.148115525221657,50.69428452916017],[3.148101405570316,50.694287238024835],[3.148083044987362,50.69428905459205],[3.148020780254237,50.6942541321877],[3.147945729315395,50.694194996579675],[3.147886253265053,50.69414750791569],[3.14781552024722,50.694115287518535],[3.147621713934357,50.69402757771681],[3.147522686625913,50.693981930523336],[3.147294949008986,50.69388528697567],[3.14723975960248,50.69385394516956],[3.147156170517667,50.69377328280554],[3.147098155831502,50.693741944275885],[3.146823374080717,50.69349998502725],[3.146602026969715,50.693171816579024],[3.146223444432758,50.69318213330095],[3.145761482020333,50.693182675823614],[3.145647014481371,50.69317024710092],[3.14540830234263,50.69318398678434],[3.144789519192976,50.693182016980444],[3.144597408728109,50.69318941937705],[3.14461696959996,50.69311401930301],[3.144608338004198,50.693060188396025],[3.143352316222253,50.692035074918856],[3.143182641461192,50.69198232678565],[3.143037934917889,50.691768026552495],[3.142846749064618,50.69160223646337],[3.142321344470212,50.691145189899956],[3.141661521289417,50.690608429713095],[3.140748272754863,50.68986645892383],[3.140547220842248,50.6897033680752],[3.13997527574042,50.689258925917116],[3.139854877887335,50.68914240538364],[3.138673588502174,50.68799780642756],[3.138024894448561,50.687369481712096],[3.13709858224132,50.686457894533305]]],"type":"Polygon"},"properties":{"geo_point_2d":{"lon":3.144459093570586,"lat":50.689255141236515},"year":"2024","reg_code":["32"],"reg_name":["Hauts-de-France"],"dep_code":["59"],"dep_name":["Nord"],"arrdep_code":["595"],"arrdep_name":["Lille"],"ze2020_code":["3216"],"ze2020_name":["Lille"],"bv2022_code":["59350"],"bv2022_name":["Lille"],"epci_code":["200093201"],"epci_name":["M\u00e9tropole Europ\u00e9enne de Lille"],"ept_code":null,"ept_name":null,"com_code":["59646"],"com_name":["Wasquehal"],"com_arm_code":["59646"],"com_arm_name":["Wasquehal"],"iris_code":["596460101"],"iris_name":["L'Allumette"],"iris_name_upper":"L'ALLUMETTE","iris_name_lower":"l'allumette","iris_area_code":"FXX","iris_type":"iris d'habitat","iris_grd_quart_code":"5964601","iris_grd_quart_name":"Capreau","iris_in_ctu":"Non","ze2010_code":null,"ze2010_name":null}},{"type":"Feature","geometry":{"coordinates":[[[3.127041098853716,50.652367226132945],[3.127085016894653,50.65242999942544],[3.127437715262297,50.65290795374415],[3.128020405619076,50.653897188758414],[3.128484466686194,50.654857825581814],[3.128256040642701,50.65661786057655],[3.127957894141859,50.658724356840175],[3.127955118663919,50.658743204988646],[3.127944041893825,50.658828468891606],[3.127904700055741,50.65890209576024],[3.127901885673207,50.658905688236075],[3.127839966869909,50.65898382529125],[3.128407642602818,50.66179925758299],[3.130239939203208,50.66386583254948],[3.130248489813026,50.66389633477473],[3.129387357191388,50.66394748831909],[3.125721150129106,50.664156754211604],[3.122282218280192,50.664360304004845],[3.11940229942236,50.664529121819534],[3.119175009604131,50.664541903471445],[3.11809502840525,50.66460261097164],[3.114883297475719,50.664780164078536],[3.113899302075735,50.66483401588188],[3.113813182362811,50.664837684350374],[3.113784945754893,50.66483860760071],[3.11378353382274,50.66483860889383],[3.113831415354804,50.66478382446228],[3.11392435832444,50.664676052889334],[3.114289080939174,50.66425125392104],[3.114429898063095,50.66408690243066],[3.114901628810996,50.6635363683517],[3.115288865227052,50.66308552061655],[3.115532249195277,50.66270659636959],[3.117623383712284,50.660359751846286],[3.118847446739057,50.65917761736235],[3.1191342257591,50.65866223831364],[3.119131397982696,50.65866044623619],[3.118995735160395,50.658604040398394],[3.118128266077188,50.65832847070778],[3.116983763255179,50.65730068955096],[3.115763935283747,50.655421335494275],[3.115881748406459,50.65386603148241],[3.115990466222572,50.65387580141688],[3.118804685225988,50.65363712501179],[3.118929985333538,50.65349611307063],[3.118941222953206,50.653472769869246],[3.11951011218946,50.65229034486379],[3.119532586338977,50.65224365827076],[3.120573259443989,50.651796642822916],[3.124123043874262,50.651528411864],[3.126943388866887,50.652244381786275],[3.127041098853716,50.652367226132945]]],"type":"Polygon"},"properties":{"geo_point_2d":{"lon":3.1224564616542523,"lat":50.658515838774825},"year":"2021","reg_code":["32"],"reg_name":["Hauts-de-France"],"dep_code":["59"],"dep_name":["Nord"],"arrdep_code":["595"],"arrdep_name":["Lille"],"ze2020_code":["3216"],"ze2020_name":["Lille"],"bv2022_code":["59350"],"bv2022_name":null,"epci_code":["200093201"],"epci_name":["M\u00e9tropole Europ\u00e9enne de Lille"],"ept_code":null,"ept_name":null,"com_code":["59646"],"com_name":["Wasquehal"],"com_arm_code":["59646"],"com_arm_name":["Wasquehal"],"iris_code":["596460302"],"iris_name":["Le haut Vinage"],"iris_name_upper":"LE HAUT VINAGE","iris_name_lower":"le haut vinage","iris_area_code":"FXX","iris_type":"iris d'habitat","iris_grd_quart_code":"5964603","iris_grd_quart_name":"Pharos-Haut Vinage","iris_in_ctu":"Non","ze2010_code":null,"ze2010_name":null}},{"type":"Feature","geometry":{"coordinates":[[[3.111884996398567,50.68406925213075],[3.111523093981892,50.683930486477315],[3.111460540581939,50.68374837832268],[3.109991364849826,50.68300846656583],[3.110386090840839,50.682663529510265],[3.11043253127932,50.682586315077074],[3.110502899859838,50.68247139011118],[3.110525417658431,50.68243457821507],[3.11060844619065,50.68229631046702],[3.110164744192979,50.6822051735228],[3.109853870090982,50.682140838544804],[3.109671573850612,50.68209792610764],[3.109414412003366,50.68205148987849],[3.110210078618846,50.681624539159],[3.110405071428683,50.68166115801061],[3.11046724494181,50.681673665857566],[3.111009831245732,50.68177368714324],[3.111602739521179,50.68163675684887],[3.11194154050849,50.68155748412706],[3.11228612057704,50.68153653391405],[3.113564169779786,50.68145819934798],[3.113872030180761,50.681439073009415],[3.114515998243473,50.681400792017925],[3.114925361442446,50.681299011982],[3.115173683453938,50.68118571418518],[3.115467072739971,50.68101673739598],[3.115524906234335,50.68098437851827],[3.115718148595079,50.68087382285944],[3.115871897343533,50.68078663520143],[3.115933957083164,50.680749785355765],[3.115996020881207,50.68071473020357],[3.116739358973291,50.68029047768821],[3.118304978616666,50.67939522027218],[3.119871954702265,50.678499940576],[3.11993809760252,50.67840116624827],[3.120002692711292,50.678245859148696],[3.120043820029423,50.676546201235425],[3.119924218440228,50.676139807605985],[3.119690563547307,50.67587441089688],[3.119229210754578,50.67547013963697],[3.118998489260231,50.67524781243732],[3.118948661442135,50.67507915408357],[3.118943624926989,50.67474174665848],[3.118962929931344,50.674545203414574],[3.118888008639161,50.67451386704447],[3.118818744754188,50.67448611471268],[3.118853845779882,50.674399933277506],[3.118862265841563,50.67437749088147],[3.118911654576687,50.67436129090283],[3.118929830254769,50.67428409936354],[3.118969452645936,50.67431816164027],[3.118979359316073,50.67432712589307],[3.119014736660863,50.6743576027228],[3.119127944879102,50.674455307975165],[3.119170400472326,50.67449295695749],[3.119228420234153,50.67454315421978],[3.119276531201301,50.67458348985508],[3.119991171772786,50.67520019449408],[3.120476585774798,50.67562507932411],[3.12087567714436,50.675973769410824],[3.121753157165436,50.676750933532425],[3.12194280226549,50.67691586375108],[3.12194563117117,50.67691765571583],[3.122446624412068,50.67734700335597],[3.12247634370986,50.67737210042344],[3.122328185098058,50.67742608853682],[3.122339509644564,50.67743684582507],[3.122822147166052,50.67786441495803],[3.123309014406748,50.678285696175514],[3.123314674675967,50.67829017740185],[3.123376944324217,50.67834216297136],[3.123766098237358,50.67865316281184],[3.124088750984013,50.67891307775439],[3.124208605580471,50.67883488702499],[3.124314741244246,50.678920030840615],[3.124391162705023,50.67898277010972],[3.124408144041608,50.67899621362601],[3.124439235339551,50.679004258806366],[3.124500079119554,50.67904996361469],[3.124524126623465,50.679065194769805],[3.124843811657896,50.67926498696782],[3.124944244079028,50.67932770174292],[3.125469054653513,50.67966009615545],[3.12593724494866,50.679939600967856],[3.126399707350287,50.680185907187244],[3.126782968150641,50.680387424133045],[3.12679428071324,50.68039279678695],[3.12737828878306,50.680667690838035],[3.127758661587859,50.680841389276715],[3.12822811832659,50.68105447868648],[3.128857373195364,50.68134277930895],[3.128978984613599,50.68139918712669],[3.128987468229208,50.68140276778014],[3.129654936366708,50.681717945481076],[3.129783646454646,50.68178780553604],[3.129886873102797,50.68183436062405],[3.129903840612003,50.68184152180177],[3.12996324320506,50.68187286743518],[3.130002751184765,50.681857570929346],[3.130022501676987,50.681848576629385],[3.130032376920445,50.68184407947818],[3.130276460580388,50.681742421733766],[3.130277870657528,50.681741522891606],[3.130390746634132,50.68169653631546],[3.130579794172009,50.68161378032931],[3.1306179968293,50.68163976374758],[3.130697163954264,50.681667498809674],[3.130789017087783,50.681685349465326],[3.130897786383064,50.68169061913954],[3.131013582579946,50.68168242084914],[3.131108134028201,50.681651810759476],[3.131181480529619,50.681614044066166],[3.131216708476566,50.68158259912843],[3.131246300856914,50.681556544316635],[3.131278640519361,50.68150087357029],[3.131281291551626,50.68143446580108],[3.131265579069729,50.68136718005735],[3.131228683053099,50.68130081403896],[3.131280859479507,50.681269351171125],[3.131357023029063,50.68122888928193],[3.131361255508592,50.68122709007889],[3.131427548642717,50.68119292012978],[3.131499484194038,50.68115605207893],[3.131567203650018,50.68112726473181],[3.131585545891741,50.68112006639368],[3.131591188389961,50.68111736832472],[3.13165044282646,50.68109217935288],[3.131867099722984,50.68130552248736],[3.132119160654686,50.681553824757245],[3.134209370600855,50.683609238561004],[3.134369408804344,50.683769693358656],[3.134818346519792,50.684210708876435],[3.136097235935816,50.68547100326323],[3.13709858224132,50.686457894533305],[3.138024894448561,50.687369481712096],[3.138673588502174,50.68799780642756],[3.139854877887335,50.68914240538364],[3.13997527574042,50.689258925917116],[3.140547220842248,50.6897033680752],[3.140748272754863,50.68986645892383],[3.141661521289417,50.690608429713095],[3.142321344470212,50.691145189899956],[3.142846749064618,50.69160223646337],[3.143037934917889,50.691768026552495],[3.143182641461192,50.69198232678565],[3.143352316222253,50.692035074918856],[3.144608338004198,50.693060188396025],[3.14461696959996,50.69311401930301],[3.144597408728109,50.69318941937705],[3.144593170540108,50.693189424306695],[3.144419443588846,50.693203086487216],[3.14425133133183,50.693204179024036],[3.14367361996018,50.693238049957245],[3.14356348603868,50.69325881621842],[3.143380025924291,50.69332722646245],[3.142791697892657,50.69360249229756],[3.142627817381074,50.69360178307907],[3.142622031177135,50.6935542302505],[3.14259786918078,50.69350310910389],[3.142546798925655,50.693428687742305],[3.142460341653586,50.693330078492934],[3.142247734321779,50.693084448347676],[3.142001193316761,50.69282808832462],[3.141829802616066,50.69266855576765],[3.141665542454702,50.69253234590751],[3.141703571565112,50.69249192182078],[3.141727519169214,50.692467666073505],[3.141768368523821,50.69242544404763],[3.141814830578633,50.69236975535228],[3.141862636707843,50.692289836647454],[3.141920176714352,50.69215516843434],[3.14193838437584,50.6920995119234],[3.141950933589474,50.69204116981521],[3.141949340582098,50.69197745974695],[3.141927974948301,50.69191556695033],[3.141844565124418,50.69189412573731],[3.141752653857274,50.69186372065519],[3.14164661578923,50.691833331601586],[3.141266354163608,50.691745823934355],[3.140928499667651,50.69166724053441],[3.140870541713916,50.691653845962584],[3.140688189410982,50.69161277432838],[3.140570843500114,50.69157970509108],[3.140478951174015,50.69155558049079],[3.14041392502982,50.69154039898927],[3.140351674070734,50.691507267297034],[3.14009136962985,50.69137475293671],[3.139647176519606,50.69115540161962],[3.139437816647575,50.69105333854424],[3.139364295509897,50.69103098719774],[3.139268144341252,50.69099879029261],[3.139143749915347,50.690970214336396],[3.138954345640367,50.69093184007031],[3.138731050108411,50.690897990101796],[3.138625070473846,50.69088734010955],[3.138499340838636,50.69088658290485],[3.138308655851463,50.6908957687328],[3.137884895836433,50.69091059713016],[3.137834042349165,50.6909115508795],[3.137657464099874,50.69091354125019],[3.137634856527922,50.69091177157978],[3.137523238738263,50.6909056136507],[3.137369223820928,50.69089322101708],[3.137219410149795,50.690867363275665],[3.137080848892231,50.690823545904536],[3.13677122123109,50.69073056234695],[3.136622759908177,50.69068226858847],[3.13582576824387,50.69163343727278],[3.135644116625077,50.69184989715283],[3.135270827150979,50.69172467481962],[3.134155217546017,50.691352585774666],[3.13386811102419,50.69122816345607],[3.133554165178958,50.69110376929127],[3.133278429675138,50.69100445919839],[3.132625269219413,50.69081312448803],[3.132396254413691,50.69075145132914],[3.132318858693297,50.69086549743429],[3.132141390179517,50.69106579564975],[3.132076591670106,50.6911358579355],[3.131952696746915,50.691295718059095],[3.131842871233155,50.691434026672866],[3.13171626492664,50.691637859555385],[3.131588313171288,50.69186771683534],[3.131381723940354,50.691739614213276],[3.131193531186418,50.69162315737153],[3.131044960057641,50.691531784290426],[3.130786020223818,50.69137143115219],[3.130609150329982,50.69126214026164],[3.13055820992543,50.69122988912573],[3.13015212267086,50.6909799538951],[3.129955445686695,50.690858119824576],[3.129120640960348,50.69034121755531],[3.129028675619327,50.69028567719046],[3.128642486469975,50.69007699426829],[3.128857622538147,50.68968821753747],[3.128200143534757,50.68945199602853],[3.128119575800916,50.689433234667845],[3.12729529861836,50.689151415041025],[3.126842664655265,50.68891587358567],[3.126414121560126,50.688709021255136],[3.126346348226146,50.68872165312664],[3.126231979236254,50.688742408480316],[3.12610066791241,50.68876677033495],[3.125799924755214,50.688823608401115],[3.12569564818646,50.68892601229394],[3.125310850844484,50.68926470330959],[3.125121969473957,50.68942910931892],[3.124565235368941,50.68993398103349],[3.124025263633556,50.689795431238075],[3.123965895288343,50.689780235455],[3.12387825657936,50.68975788899429],[3.123659159042409,50.68970157389342],[3.123574328183853,50.68967204559632],[3.123400521598783,50.68965068178083],[3.12333977187579,50.689648050013965],[3.122681038447232,50.68946564178672],[3.12259476962081,50.68942534598747],[3.122142445877329,50.68930913528928],[3.122084478194005,50.68928855309862],[3.121726871882785,50.68920096312957],[3.120985114123251,50.689732023242314],[3.120889200002641,50.689792239218605],[3.120753800970989,50.68988120877437],[3.120533778946009,50.690026793482254],[3.120181175560416,50.69025954921518],[3.120124759918507,50.690297292548294],[3.119889267987357,50.69047340094433],[3.119817346981145,50.690525516712555],[3.119296926477287,50.690289116254874],[3.118854289101624,50.690087635946846],[3.118629436964091,50.689985552523254],[3.11818821758266,50.68978406840386],[3.117861610208565,50.6896614411306],[3.117612772576548,50.68957014678695],[3.117297483689251,50.68945378875966],[3.117034540733992,50.68937058272402],[3.116761710309271,50.68928738541063],[3.116609063876465,50.689251634552825],[3.11647054384378,50.68921587027042],[3.11639421664823,50.689196199980735],[3.116323537900139,50.68917562700411],[3.115995594911967,50.68908260865597],[3.115842933069215,50.68903967802972],[3.115581427985703,50.68896544107431],[3.1155192338264,50.688948449160854],[3.114163567929405,50.68852256094563],[3.113822907633457,50.68842416433283],[3.113596770337228,50.68837052991077],[3.113483602392686,50.68829974224217],[3.113397342960568,50.68825943998984],[3.113019932365927,50.6881494090449],[3.112871513671448,50.68810647085621],[3.112836172752466,50.688094837324655],[3.112778216343962,50.68807694281721],[3.112672167560324,50.68803037651524],[3.112516634262933,50.687964113104336],[3.112308817788352,50.6878898205436],[3.112257922699209,50.68787102205263],[3.112212675960652,50.68785132108578],[3.112190038555719,50.68783518911962],[3.112178689756805,50.687813662828006],[3.112191328706963,50.68778044926254],[3.112195494185446,50.68774814069845],[3.1122180612905,50.687732865279784],[3.112335138352112,50.687658278997986],[3.113029122083025,50.68721256123346],[3.113177222424663,50.687115511970056],[3.11369203976736,50.686776738633085],[3.114302743392686,50.68636788095808],[3.114684979087195,50.68612165284079],[3.114794949111605,50.68603091816861],[3.114927554105131,50.68595541754797],[3.115232272290044,50.68578643206687],[3.115312684951504,50.68574238692888],[3.115387494869367,50.68571898618232],[3.115549699007463,50.68561653662173],[3.11556380763857,50.68560934463592],[3.115806553352459,50.68551938283424],[3.114745792441715,50.68491913602419],[3.114582239956631,50.685049404026444],[3.113105019096841,50.68453746733458],[3.111884996398567,50.68406925213075]]],"type":"Polygon"},"properties":{"geo_point_2d":{"lon":3.1253271006756567,"lat":50.685302045246104},"year":"2023","reg_code":["32"],"reg_name":["Hauts-de-France"],"dep_code":["59"],"dep_name":["Nord"],"arrdep_code":["595"],"arrdep_name":["Lille"],"ze2020_code":["3216"],"ze2020_name":["Lille"],"bv2022_code":["59350"],"bv2022_name":["Lille"],"epci_code":["200093201"],"epci_name":["M\u00e9tropole Europ\u00e9enne de Lille"],"ept_code":null,"ept_name":null,"com_code":["59646"],"com_name":["Wasquehal"],"com_arm_code":["59646"],"com_arm_name":["Wasquehal"],"iris_code":["596460102"],"iris_name":["Le Vivier"],"iris_name_upper":"LE VIVIER","iris_name_lower":"le vivier","iris_area_code":"FXX","iris_type":"iris d'habitat","iris_grd_quart_code":"5964601","iris_grd_quart_name":"Capreau","iris_in_ctu":"Non","ze2010_code":null,"ze2010_name":null}},{"type":"Feature","geometry":{"coordinates":[[[3.118406048862176,50.6743456209833],[3.117644093467512,50.674134205502774],[3.116349970849541,50.67377503846423],[3.115855675870756,50.67357870605504],[3.116086777289037,50.673669394425644],[3.116243198488304,50.67340452263527],[3.116814994811149,50.67273992861084],[3.117809067759469,50.67210185294127],[3.119641378864556,50.67123861996765],[3.119995454187118,50.671085724272096],[3.120362300857068,50.67095973650951],[3.12278951699426,50.670302275109655],[3.124154184500261,50.66996978599717],[3.126393538620897,50.669440137951604],[3.126753062331675,50.66938897997208],[3.127421763202153,50.6693127365587],[3.13003598114205,50.6689578061029],[3.130275443968472,50.66884089569706],[3.130580520259727,50.66886929165045],[3.131152215236373,50.66917676043258],[3.131429889173663,50.669740111717374],[3.13178948933721,50.670041788906694],[3.132482568468273,50.670480767782756],[3.135559979853555,50.670127470458496],[3.135686751642315,50.67001067271505],[3.135962550930731,50.669548938349195],[3.136071558334353,50.669234915256624],[3.135829608498516,50.66994159785316],[3.135529368227333,50.67081848585734],[3.135881521016653,50.67148682757945],[3.136329922494619,50.67233776801816],[3.136774431068322,50.67273930419952],[3.137909483147217,50.67313558720409],[3.137568174731012,50.67380989435413],[3.137915502426349,50.674349369821996],[3.138450194846457,50.67517992261986],[3.138984904968404,50.67601047208926],[3.139519632793015,50.67684101823001],[3.140054378321125,50.67767156104169],[3.14058928278515,50.67850210036432],[3.138972231734975,50.67852222549761],[3.138859298073236,50.67854101700142],[3.136036827363124,50.67934207820759],[3.134585193174793,50.67996373927981],[3.133978433279253,50.680224631115024],[3.132482326732632,50.680872338279165],[3.131903345407153,50.68112421634264],[3.131775876750137,50.68098974681248],[3.131155060221482,50.681232692043835],[3.127990429617407,50.68089499272509],[3.126491583392013,50.68021452943018],[3.125303471401653,50.67952476082903],[3.124666823463614,50.679085691166335],[3.124610218711722,50.67904087955911],[3.124270636777973,50.678789956625195],[3.12441166895538,50.67870905240239],[3.12497577076355,50.67837646015106],[3.125114786366665,50.678054164915686],[3.125156289376763,50.67765030699832],[3.125197993249158,50.677327211914374],[3.125268172914494,50.67703998277047],[3.125437124770992,50.676492416264914],[3.125535964097459,50.67625899995807],[3.125889058060723,50.675989431313404],[3.126276843975084,50.675814050363],[3.126720173369644,50.67565655896934],[3.127000935807132,50.67554858768198],[3.128483419756351,50.674854650903455],[3.129061702080708,50.674572096909976],[3.129527141070467,50.67434350021284],[3.129907921389472,50.67414478304804],[3.129632035913601,50.67394854617925],[3.128874704881227,50.673464392595854],[3.127078261372496,50.67206579775711],[3.126809514518813,50.67200325592563],[3.126384541370632,50.671922924964726],[3.125904445407943,50.67187854349585],[3.125481252510326,50.67188794535025],[3.122748486230207,50.671424038736426],[3.121213096693411,50.67242163451185],[3.120606823233689,50.67281706992461],[3.11991600531817,50.67329424490005],[3.11926672146326,50.67378358011911],[3.118965192645756,50.674308294613944],[3.11888800863916,50.67451386705139],[3.118406048862176,50.6743456209833]]],"type":"Polygon"},"properties":{"geo_point_2d":{"lon":3.1305324082446235,"lat":50.6750380054805},"year":"2015","reg_code":["31"],"reg_name":["Nord-Pas-de-Calais"],"dep_code":["59"],"dep_name":["Nord"],"arrdep_code":["595"],"arrdep_name":["Lille"],"ze2020_code":null,"ze2020_name":null,"bv2022_code":["59350"],"bv2022_name":null,"epci_code":["245900410"],"epci_name":["M\u00e9tropole Europ\u00e9enne de Lille"],"ept_code":null,"ept_name":null,"com_code":["59646"],"com_name":["Wasquehal"],"com_arm_code":["59646"],"com_arm_name":["Wasquehal"],"iris_code":["596460202"],"iris_name":["Noir Bonnet"],"iris_name_upper":"NOIR BONNET","iris_name_lower":"noir bonnet","iris_area_code":"FXX","iris_type":"iris d'habitat","iris_grd_quart_code":"5964602","iris_grd_quart_name":"CENTRE -NOIR BONNET","iris_in_ctu":"Non","ze2010_code":["3110"],"ze2010_name":null}},{"type":"Feature","geometry":{"coordinates":[[[3.116033647958664,50.673778026359685],[3.116004064714827,50.67380946208576],[3.11422973576133,50.67353650921157],[3.114088334675906,50.67283489169598],[3.113327660854306,50.671171851216606],[3.112103214280458,50.669843046619846],[3.111169077153026,50.66886484401709],[3.111336133020996,50.66776443689019],[3.113666652391001,50.66497511859675],[3.11378353382274,50.66483860889383],[3.113784945754893,50.66483860760071],[3.113813182362811,50.664837684350374],[3.113899302075735,50.66483401588188],[3.114883297475719,50.664780164078536],[3.11809502840525,50.66460261097164],[3.119175009604131,50.664541903471445],[3.11940229942236,50.664529121819534],[3.122282218280192,50.664360304004845],[3.125721150129106,50.664156754211604],[3.129387357191388,50.66394748831909],[3.130248489813026,50.66389633477473],[3.130254193330733,50.6639178661044],[3.130335105431516,50.664084695370626],[3.130693820245693,50.66466088985366],[3.130992834133695,50.66508100057213],[3.130652092381823,50.66761467620977],[3.130111251287297,50.668688512899344],[3.130291069652972,50.66887677455684],[3.130103365341584,50.668914661258725],[3.127513201831115,50.66928796477782],[3.126122872618004,50.669506998608604],[3.124492853489166,50.66987701701149],[3.124087819135604,50.66997074966532],[3.123204377135182,50.67018251298817],[3.123128173134776,50.670202330872115],[3.122110709961179,50.6704698565726],[3.120099763304742,50.67100755158654],[3.119889516088251,50.67107326323266],[3.119725855080485,50.67113354536841],[3.119593260117496,50.671193797386216],[3.117473174668512,50.672185626971604],[3.116222423284446,50.67358042753068],[3.116033647958664,50.673778026359685]]],"type":"Polygon"},"properties":{"geo_point_2d":{"lon":3.12057958701433,"lat":50.667816905932696},"year":"2022","reg_code":["32"],"reg_name":["Hauts-de-France"],"dep_code":["59"],"dep_name":["Nord"],"arrdep_code":["595"],"arrdep_name":["Lille"],"ze2020_code":["3216"],"ze2020_name":["Lille"],"bv2022_code":["59350"],"bv2022_name":null,"epci_code":["200093201"],"epci_name":["M\u00e9tropole Europ\u00e9enne de Lille"],"ept_code":null,"ept_name":null,"com_code":["59646"],"com_name":["Wasquehal"],"com_arm_code":["59646"],"com_arm_name":["Wasquehal"],"iris_code":["596460203"],"iris_name":["La ville"],"iris_name_upper":"LA VILLE","iris_name_lower":"la ville","iris_area_code":"FXX","iris_type":"iris d'habitat","iris_grd_quart_code":"5964602","iris_grd_quart_name":"Centre-Noir Bonnet","iris_in_ctu":"Non","ze2010_code":null,"ze2010_name":null}},{"type":"Feature","geometry":{"coordinates":[[[3.116033647958664,50.673778026359685],[3.116004064714827,50.67380946208576],[3.115066022277984,50.67365688320777],[3.114818798327226,50.67361673003214],[3.114767945510713,50.67361049538754],[3.114573003342506,50.67358375404268],[3.11422973576133,50.67353650921157],[3.114088334675906,50.67283489169598],[3.113976926715589,50.672280415532235],[3.113924076449466,50.67201573790076],[3.11390837593263,50.671942167394725],[3.113879805402573,50.671797715889795],[3.113709760321627,50.671537632217856],[3.113654502655583,50.671456021423595],[3.113589394890059,50.6713896750195],[3.113527158221677,50.67134396563845],[3.113476249018089,50.67131170654476],[3.113416883425816,50.67128663416975],[3.113395602355067,50.67124268208177],[3.113327660854306,50.671171851216606],[3.113009277180398,50.670879595936185],[3.112720500792835,50.67056487839353],[3.112570464595347,50.67040707574411],[3.112465720626741,50.67029589560227],[3.112365219398384,50.67018740365498],[3.112345395995883,50.67016319234157],[3.112208044791231,50.66999371175951],[3.111998384399178,50.66969238135795],[3.111965802699932,50.66964574696854],[3.111838314632749,50.66946548839964],[3.111756173195301,50.6693569793013],[3.111679720280776,50.66926641262712],[3.111596225331693,50.66918392864374],[3.111425055899296,50.669044090887525],[3.111311894792318,50.668955351621435],[3.111227054557265,50.66890248212814],[3.111204428005865,50.668887246905875],[3.111169077153026,50.66886484401709],[3.110959854325078,50.66875644793604],[3.110732240245745,50.668631915015695],[3.111210243298912,50.66832548101467],[3.111757335649076,50.66797680594552],[3.111834890784227,50.667929174907066],[3.111949144222064,50.66787522908012],[3.112001328789801,50.66784826058071],[3.111814498676511,50.667649209955194],[3.111766374373358,50.66759720506379],[3.111691362093127,50.66751830284195],[3.11165314804164,50.66747795496402],[3.111573894119457,50.667396364320545],[3.111535676266313,50.66735422163683],[3.111455002757713,50.667269042644925],[3.111329040069545,50.66713634286891],[3.11208085274192,50.6667856873694],[3.11239689262057,50.66667592104104],[3.112591613515397,50.666616517394644],[3.112807437004056,50.66652299368422],[3.112939934873363,50.666421468900324],[3.113343348775468,50.666238932505756],[3.113513994352984,50.66614903825782],[3.113779057965422,50.665978292701354],[3.113344940433326,50.665693321067295],[3.112848605252303,50.665365329819444],[3.112743965942236,50.665296326122984],[3.112856727816836,50.66521007470778],[3.112911700705367,50.66516874500899],[3.113045604705572,50.665066321240595],[3.113315530144106,50.665174659043785],[3.113357928932104,50.66519256808346],[3.113448376399983,50.66522927834491],[3.113666652391001,50.66497511859675],[3.11378353382274,50.66483860889383],[3.113784945754893,50.66483860760071],[3.113813182362811,50.664837684350374],[3.113834359309198,50.664836767562264],[3.113899302075735,50.66483401588188],[3.113998116932849,50.6648249513873],[3.114023527626828,50.6648231332957],[3.114039056836497,50.66482222165593],[3.11417035015091,50.66481492198055],[3.114250824116111,50.66481215584272],[3.114256471841691,50.66481215064887],[3.114279060700575,50.664811232486436],[3.114341177502564,50.664807585787905],[3.114403298386831,50.66480573382736],[3.114485182208475,50.66480206885299],[3.114771769333322,50.6647865488639],[3.114883297475719,50.664780164078536],[3.114975058565579,50.66477379748778],[3.115025881885893,50.66477105828402],[3.11510211582689,50.66476650074709],[3.115254587789088,50.66475918030196],[3.11546635042955,50.66474731764674],[3.115761406442932,50.66473089011519],[3.116368456866171,50.664696222310624],[3.116756689067203,50.66467521817129],[3.117905856754502,50.6646140079802],[3.118017384114653,50.66460762037977],[3.118172672680346,50.66459760151495],[3.118233377009773,50.66459395421223],[3.118851719461976,50.66455926351693],[3.119031010417306,50.66454922061406],[3.119175009604131,50.664541903471445],[3.119248423237631,50.6645391408671],[3.119333125849697,50.664533675215985],[3.11940229942236,50.664529121819534],[3.121332129474586,50.664415976123536],[3.122282218280192,50.664360304004845],[3.124741429945703,50.664216969345794],[3.125334348811595,50.66418227188162],[3.126107951053267,50.664131235336335],[3.126196876682298,50.66412127377656],[3.126315454672994,50.66411217939545],[3.12735451211678,50.66406804400019],[3.128060354956718,50.6640233464406],[3.128694200760093,50.66398320640682],[3.129288535284423,50.66395207813838],[3.129387357191388,50.66394748831909],[3.130248489813026,50.66389633477473],[3.130254193330733,50.6639178661044],[3.130258512896365,50.663950167538204],[3.130261376305674,50.663965420128925],[3.130268542989113,50.66400669245252],[3.130335105431516,50.664084695370626],[3.130492469154772,50.6643313117426],[3.13066262585324,50.66461022030386],[3.130725014701135,50.664711559391804],[3.130845547992733,50.664910652352624],[3.130875374115118,50.664977924925566],[3.130879635664923,50.664987791687416],[3.130992834133695,50.66508100057213],[3.131005581403159,50.665096242698816],[3.131036765900059,50.665142873898866],[3.131053770111131,50.66516618800536],[3.131103375584855,50.66523792656332],[3.131148747710728,50.665310566948875],[3.131191293728102,50.66538231290846],[3.131232423224933,50.665452265570536],[3.131249481610663,50.66549621945595],[3.131262259576366,50.66552312752954],[3.131287864848509,50.66559578871646],[3.131305003160544,50.66567025361015],[3.131316491346687,50.66574382707988],[3.131320922118703,50.66581830538567],[3.131312645251957,50.66589279711465],[3.131312689865095,50.665909847387226],[3.131315657023647,50.66596458474843],[3.131310187619686,50.66603279179817],[3.131308947058394,50.66609830221647],[3.131309113766795,50.66616201637126],[3.131313516387695,50.666225726043095],[3.131324974185594,50.6662876334821],[3.131346311133613,50.66634773570144],[3.131380348867173,50.66640513232828],[3.131256289809258,50.66647974636836],[3.131230946953523,50.66650759205742],[3.131201422091749,50.666556081997335],[3.131179053253539,50.66664135712699],[3.131153911965446,50.6667463776193],[3.131128920640526,50.666908830503864],[3.131097030935216,50.66713321009437],[3.13108171696754,50.66721668292171],[3.131052264191876,50.66729299158398],[3.131025621274416,50.6673639129676],[3.131000308297256,50.6674034245231],[3.130973550486336,50.667430374229454],[3.130970733503196,50.66743306934855],[3.130862191669201,50.66750317960412],[3.130652092381823,50.66761467620977],[3.130492780290228,50.66770906883704],[3.130408211121115,50.66776748751012],[3.130222244416201,50.667929211434235],[3.129982786986089,50.668155602534114],[3.129927913175679,50.668231040030726],[3.129895643282912,50.66831094077514],[3.129884595569681,50.6684069721924],[3.129898871524725,50.668467081851134],[3.130012141118169,50.668585417765556],[3.130111251287297,50.668688512899344],[3.130291069652972,50.66887677455684],[3.130103365341584,50.668914661258725],[3.129893165545818,50.66899026120121],[3.129729567427997,50.669067606892625],[3.12953640603679,50.66917998103752],[3.129367258003789,50.669295919385185],[3.129260128893903,50.66936871871119],[3.129134698099742,50.66946307409033],[3.129103771262655,50.66951694905406],[3.128927346342317,50.66954943793739],[3.128880755135191,50.66955217841443],[3.128824258738319,50.669546852721176],[3.12871689582173,50.669529016382576],[3.127513201831115,50.66928796477782],[3.127318260558321,50.66925765374273],[3.127213747931099,50.66924968436591],[3.126869378715525,50.669318237401505],[3.126695781696102,50.669352514998614],[3.126498174899084,50.669385022036636],[3.126357066089064,50.66942375297873],[3.126210313327535,50.66946428425203],[3.126035431759612,50.66954971290092],[3.12598750493196,50.669582964576435],[3.125972003751714,50.669595543616474],[3.125852036685053,50.66961899707255],[3.125751858683258,50.669650506806676],[3.125685549961727,50.669673905781835],[3.125641814053512,50.669689205476615],[3.125591004299412,50.669699128025506],[3.125475266283258,50.6697198846989],[3.125142107470765,50.66975611589343],[3.125031997297341,50.66976879006383],[3.124776521859969,50.66981301849844],[3.124492853489166,50.66987701701149],[3.124087819135604,50.66997074966532],[3.123950925317491,50.67000229459099],[3.123753354018997,50.67005095002496],[3.123204377135182,50.67018251298817],[3.123128173134776,50.670202330872115],[3.122110709961179,50.6704698565726],[3.122061321723268,50.67048426316294],[3.121042452364238,50.67075896040246],[3.120962014663706,50.67078057582051],[3.120099763304742,50.67100755158654],[3.119889516088251,50.67107326323266],[3.119725855080485,50.67113354536841],[3.119593260117496,50.671193797386216],[3.119473388804823,50.67126031866869],[3.11936197491957,50.67132055006002],[3.119229468579088,50.67141849144984],[3.11915050295187,50.671466128210604],[3.118971389429961,50.671561421854165],[3.118859946640411,50.67160998688864],[3.118782362745518,50.67164505879666],[3.118538332477035,50.671758361373314],[3.118370473563964,50.67183659320541],[3.118091127571111,50.671945441622604],[3.117828709129654,50.672047094328036],[3.117473174668512,50.672185626971604],[3.117334934052161,50.672249471323305],[3.117255984191444,50.6723051831914],[3.117130596801648,50.67243093414027],[3.117110866555154,50.672448002886206],[3.11707140811558,50.672483037741586],[3.117030541658652,50.67251986866101],[3.116970018013337,50.67260517637861],[3.116909479526678,50.67268420243814],[3.116908071555379,50.67268599851469],[3.116861612625923,50.672747063777045],[3.116571544761766,50.67310718385479],[3.116344897840885,50.67341429857403],[3.116222423284446,50.67358042753068],[3.116033647958664,50.673778026359685]]],"type":"Polygon"},"properties":{"geo_point_2d":{"lon":3.1207169599336098,"lat":50.66780727272746},"year":"2024","reg_code":["32"],"reg_name":["Hauts-de-France"],"dep_code":["59"],"dep_name":["Nord"],"arrdep_code":["595"],"arrdep_name":["Lille"],"ze2020_code":["3216"],"ze2020_name":["Lille"],"bv2022_code":["59350"],"bv2022_name":["Lille"],"epci_code":["200093201"],"epci_name":["M\u00e9tropole Europ\u00e9enne de Lille"],"ept_code":null,"ept_name":null,"com_code":["59646"],"com_name":["Wasquehal"],"com_arm_code":["59646"],"com_arm_name":["Wasquehal"],"iris_code":["596460203"],"iris_name":["La ville"],"iris_name_upper":"LA VILLE","iris_name_lower":"la ville","iris_area_code":"FXX","iris_type":"iris d'habitat","iris_grd_quart_code":"5964602","iris_grd_quart_name":"Centre-Noir Bonnet","iris_in_ctu":"Non","ze2010_code":null,"ze2010_name":null}},{"type":"Feature","geometry":{"coordinates":[[[3.118406048862176,50.6743456209833],[3.11888800863916,50.67451386705139],[3.118965192645756,50.674308294613944],[3.119049833311798,50.6743887977159],[3.122275978623903,50.6774458820556],[3.122614260773136,50.67775065436404],[3.123394999846334,50.67833317136693],[3.123749002093542,50.678593056180105],[3.124143729633838,50.67887174393627],[3.124270636777973,50.678789956625195],[3.124610218711722,50.67904087955911],[3.124666823463614,50.679085691166335],[3.125303471401653,50.67952476082903],[3.126491583392013,50.68021452943018],[3.127990429617407,50.68089499272509],[3.131155060221482,50.681232692043835],[3.131775876750137,50.68098974681248],[3.131903345407153,50.68112421634264],[3.132134682466381,50.68144100955494],[3.1360189248729,50.68524136500568],[3.137355467949098,50.68638582229518],[3.138133271571658,50.68722757895707],[3.138779785453353,50.6878339204506],[3.139229311581907,50.68820537173235],[3.141802577475826,50.69028432459509],[3.144607864547111,50.6928959740353],[3.14466639693449,50.69310768035629],[3.144655472680054,50.69318962103712],[3.144594880043652,50.69319435774462],[3.143189181404434,50.6932834763451],[3.142908305965873,50.69337443177596],[3.142691269153775,50.693062403662665],[3.142180090885604,50.69284457454923],[3.141006971668707,50.692344561454476],[3.139833876091682,50.691844626650195],[3.138660803651899,50.691344590667285],[3.137487754847422,50.69084463297567],[3.136782249630295,50.69083769405579],[3.135369686094795,50.69082389563072],[3.133957264363545,50.690809991266626],[3.132544702386717,50.69079616073941],[3.132196604923633,50.69111150188021],[3.13158831317129,50.69186771684222],[3.130690918710093,50.69130647321709],[3.129684310114967,50.69067695842557],[3.128677726556368,50.690047345155556],[3.128267639487087,50.68988310471468],[3.127072745655357,50.68940442735298],[3.125877874854681,50.688925827898146],[3.124683531326695,50.68927529476547],[3.123400521598783,50.68965068178769],[3.122473037161524,50.6896715203112],[3.121061326982208,50.689703233745625],[3.120893907830268,50.6896941539457],[3.119486459713783,50.68961807322277],[3.118078874393308,50.68954188695434],[3.117915879478814,50.6894914309466],[3.1166461416573,50.68909824199732],[3.115376282275245,50.68870495024289],[3.114106584269801,50.68831173489038],[3.11379942603896,50.6876004136113],[3.113425679199516,50.68673498568006],[3.113051945458151,50.68586964524203],[3.112678365659047,50.68500421269823],[3.112304657702967,50.684138867776944],[3.112354507350916,50.684007897809224],[3.112686033247331,50.68313563169973],[3.113017688857466,50.68226336344201],[3.113349332934741,50.681391093164045],[3.113389715551332,50.681385761878325],[3.114772603078185,50.681203135157375],[3.115685686538952,50.680883724102074],[3.1160233764133,50.68069541132376],[3.117084953265987,50.68010350048216],[3.117639074366251,50.6797635932843],[3.118655343639865,50.67914039292968],[3.119671446434671,50.67851718382164],[3.119948812565082,50.678157071679756],[3.119945821824678,50.677969434751155],[3.119931531181362,50.677072168759224],[3.119917240834692,50.67617481182881],[3.119718811060623,50.67593468707032],[3.119062490178598,50.67514015616294],[3.118406048862176,50.6743456209833]]],"type":"Polygon"},"properties":{"geo_point_2d":{"lon":3.125849512683871,"lat":50.685344138850574},"year":"2015","reg_code":["31"],"reg_name":["Nord-Pas-de-Calais"],"dep_code":["59"],"dep_name":["Nord"],"arrdep_code":["595"],"arrdep_name":["Lille"],"ze2020_code":null,"ze2020_name":null,"bv2022_code":["59350"],"bv2022_name":null,"epci_code":["245900410"],"epci_name":["M\u00e9tropole Europ\u00e9enne de Lille"],"ept_code":null,"ept_name":null,"com_code":["59646"],"com_name":["Wasquehal"],"com_arm_code":["59646"],"com_arm_name":["Wasquehal"],"iris_code":["596460102"],"iris_name":["Le vivier"],"iris_name_upper":"LE VIVIER","iris_name_lower":"le vivier","iris_area_code":"FXX","iris_type":"iris d'habitat","iris_grd_quart_code":"5964601","iris_grd_quart_name":"CAPREAU","iris_in_ctu":"Non","ze2010_code":["3110"],"ze2010_name":null}},{"type":"Feature","geometry":{"coordinates":[[[3.13165044282646,50.68109217935288],[3.131719572141825,50.68106249306134],[3.131826795749965,50.681017511122924],[3.134346576891711,50.67999091844387],[3.137215328422579,50.679047343388135],[3.137459573234302,50.67901476823166],[3.137723553391771,50.67896871020536],[3.137830811516412,50.67893987552083],[3.13810598827789,50.678857012167974],[3.138148313580023,50.678840812499686],[3.138654661395074,50.67859526706007],[3.139018542289013,50.6784153868301],[3.139209482930978,50.679024486149096],[3.140428081622698,50.67994560870691],[3.142608617927344,50.68039001415981],[3.142753920854672,50.680329723810146],[3.143097550980812,50.68047829139663],[3.143325224778935,50.68057673929501],[3.144197050138721,50.68120298927775],[3.144439109102606,50.681390257466425],[3.145701034068488,50.68258676545707],[3.146167650699195,50.68324757394702],[3.14675024636793,50.683957598043435],[3.146544000082564,50.68443254541115],[3.146808027031945,50.68487822199299],[3.147091691694689,50.68527541706469],[3.147152637421828,50.68534623633439],[3.147152645318792,50.68534892840374],[3.146953931146448,50.68550261197345],[3.143674159033296,50.68701490567919],[3.141900414574905,50.687666629590446],[3.141872191015077,50.68767653272715],[3.141835481848171,50.687682856115046],[3.141811465547506,50.687681986160975],[3.141788849139517,50.68767662782375],[3.137194529428311,50.686419202276596],[3.13709858224132,50.686457894533305],[3.136097235935816,50.68547100326323],[3.134209370600855,50.683609238561004],[3.131867099722984,50.68130552248736],[3.13165044282646,50.68109217935288]]],"type":"Polygon"},"properties":{"geo_point_2d":{"lon":3.1397649129420695,"lat":50.68320284317165},"year":"2019","reg_code":["32"],"reg_name":["Hauts-de-France"],"dep_code":["59"],"dep_name":["Nord"],"arrdep_code":["595"],"arrdep_name":["Lille"],"ze2020_code":null,"ze2020_name":null,"bv2022_code":["59350"],"bv2022_name":null,"epci_code":["245900410"],"epci_name":["M\u00e9tropole Europ\u00e9enne de Lille"],"ept_code":null,"ept_name":null,"com_code":["59646"],"com_name":["Wasquehal"],"com_arm_code":["59646"],"com_arm_name":["Wasquehal"],"iris_code":["596460103"],"iris_name":["Louise Michel"],"iris_name_upper":"LOUISE MICHEL","iris_name_lower":"louise michel","iris_area_code":"FXX","iris_type":"iris d'habitat","iris_grd_quart_code":"5964601","iris_grd_quart_name":"CAPREAU","iris_in_ctu":"Non","ze2010_code":["3110"],"ze2010_name":["Roubaix - Tourcoing"]}},{"type":"Feature","geometry":{"coordinates":[[[3.116033647958664,50.673778026359685],[3.116004064714827,50.67380946208576],[3.11422973576133,50.67353650921157],[3.114088334675906,50.67283489169598],[3.113327660854306,50.671171851216606],[3.112103214280458,50.669843046619846],[3.111169077153026,50.66886484401709],[3.111336138007638,50.66776443270113],[3.113666652391001,50.66497511859675],[3.11378353382274,50.66483860889383],[3.113784945754893,50.66483860760071],[3.113813182362811,50.664837684350374],[3.113899302075735,50.66483401588188],[3.114883297475719,50.664780164078536],[3.11809502840525,50.66460261097164],[3.119175009604131,50.664541903471445],[3.11940229942236,50.664529121819534],[3.122282218280192,50.664360304004845],[3.125721150129106,50.664156754211604],[3.129387357191388,50.66394748831909],[3.130248489813026,50.66389633477473],[3.130254193330733,50.6639178661044],[3.130335105431516,50.664084695370626],[3.130693820245694,50.66466088985366],[3.130992834133695,50.66508100057213],[3.130652092381823,50.66761467620977],[3.130111251287297,50.668688512899344],[3.130291069652972,50.66887677455684],[3.130103365341584,50.668914661258725],[3.127513201831115,50.66928796477782],[3.126122872618004,50.669506998608604],[3.124492853489166,50.66987701701149],[3.124087819135604,50.66997074966532],[3.123204377135182,50.67018251298817],[3.123128173134776,50.670202330872115],[3.122110709961179,50.6704698565726],[3.120099763304742,50.67100755158654],[3.119889516088251,50.67107326323266],[3.119725855080485,50.67113354536841],[3.119593260117496,50.671193797386216],[3.117473174668512,50.672185626971604],[3.116222423284446,50.67358042753068],[3.116033647958664,50.673778026359685]]],"type":"Polygon"},"properties":{"geo_point_2d":{"lon":3.1205795873486433,"lat":50.66781690594346},"year":"2018","reg_code":["32"],"reg_name":["Hauts-de-France"],"dep_code":["59"],"dep_name":["Nord"],"arrdep_code":["595"],"arrdep_name":["Lille"],"ze2020_code":null,"ze2020_name":null,"bv2022_code":["59350"],"bv2022_name":null,"epci_code":["245900410"],"epci_name":["M\u00e9tropole Europ\u00e9enne de Lille"],"ept_code":null,"ept_name":null,"com_code":["59646"],"com_name":["Wasquehal"],"com_arm_code":["59646"],"com_arm_name":["Wasquehal"],"iris_code":["596460203"],"iris_name":["La ville"],"iris_name_upper":"LA VILLE","iris_name_lower":"la ville","iris_area_code":"FXX","iris_type":"iris d'habitat","iris_grd_quart_code":"5964602","iris_grd_quart_name":"CENTRE -NOIR BONNET","iris_in_ctu":"Non","ze2010_code":["3110"],"ze2010_name":["Roubaix - Tourcoing"]}},{"type":"Feature","geometry":{"coordinates":[[[3.116033647958664,50.673778026359685],[3.116222423284446,50.67358042753068],[3.116344897840885,50.67341429857403],[3.116571544761766,50.67310718385479],[3.116861612625923,50.672747063777045],[3.116908071555379,50.67268599851469],[3.116909479526678,50.67268420243814],[3.116970018013337,50.67260517637861],[3.117030541658652,50.67251986866101],[3.11707140811558,50.672483037741586],[3.117110866555154,50.672448002886206],[3.117130596801648,50.67243093414027],[3.117255984191444,50.6723051831914],[3.117334934052161,50.672249471323305],[3.117473174668512,50.672185626971604],[3.117828709129654,50.672047094328036],[3.118091127571111,50.671945441622604],[3.118370473563964,50.67183659320541],[3.118538332477035,50.671758361373314],[3.118782362745518,50.67164505879666],[3.118859946640411,50.67160998688864],[3.118971389429961,50.671561421854165],[3.11915050295187,50.671466128210604],[3.119229468579088,50.67141849144984],[3.11936197491957,50.67132055006002],[3.119473388804823,50.67126031866869],[3.119593260117496,50.671193797386216],[3.119725855080485,50.67113354536841],[3.119889516088251,50.67107326323266],[3.120099763304742,50.67100755158654],[3.120962014663706,50.67078057582051],[3.121042452364238,50.67075896040246],[3.122061321723268,50.67048426316294],[3.122110709961179,50.6704698565726],[3.123128173134776,50.670202330872115],[3.123204377135182,50.67018251298817],[3.123753354018997,50.67005095002496],[3.123950925317491,50.67000229459099],[3.124087819135604,50.66997074966532],[3.124492853489166,50.66987701701149],[3.124776521859969,50.66981301849844],[3.125031997297341,50.66976879006383],[3.125142107470765,50.66975611589343],[3.125475266283258,50.6697198846989],[3.125591004299412,50.669699128025506],[3.125641814053512,50.669689205476615],[3.125685549961727,50.669673905781835],[3.125751858683258,50.669650506806676],[3.125852036685053,50.66961899707255],[3.125972003751714,50.669595543616474],[3.12598750493196,50.669582964576435],[3.126035431759612,50.66954971290092],[3.126210313327535,50.66946428425203],[3.126357066089064,50.66942375297873],[3.126498174899084,50.669385022036636],[3.126695781696102,50.669352514998614],[3.126869378715525,50.669318237401505],[3.127213747931099,50.66924968436591],[3.127318260558321,50.66925765374273],[3.127513201831115,50.66928796477782],[3.12871689582173,50.669529016382576],[3.128824258738319,50.669546852721176],[3.128880755135191,50.66955217841443],[3.128927346342317,50.66954943793739],[3.129103771262655,50.66951694905406],[3.129134698099742,50.66946307409033],[3.129260128893903,50.66936871871119],[3.129367258003789,50.669295919385185],[3.12953640603679,50.66917998103752],[3.129729567427997,50.669067606892625],[3.129893165545818,50.66899026120121],[3.130103365341584,50.668914661258725],[3.130291069652972,50.66887677455684],[3.130444942936102,50.668861357624074],[3.130590367210873,50.66885492319381],[3.130793680595145,50.66884663290575],[3.131172068628374,50.668830978527765],[3.131248307268981,50.668826411111034],[3.131118344782826,50.66934613192257],[3.131180503506888,50.669356834880126],[3.131138514615043,50.66949956270948],[3.131105501959351,50.66983521774948],[3.131355629017972,50.66990764134932],[3.13159016748193,50.66995854383304],[3.131676322938441,50.66996563159813],[3.131770915529263,50.66995924965854],[3.131859807917088,50.669933131339185],[3.131940572250364,50.67003803904108],[3.132189625124595,50.67023788998104],[3.132346700111428,50.67036425326803],[3.132375005769801,50.67038845235634],[3.132399068086966,50.67040996382122],[3.132933719453256,50.670209277363014],[3.13313551157391,50.670157910673126],[3.13338956931819,50.670113666590396],[3.133676307620761,50.6701456641026],[3.133865528856962,50.670146357765525],[3.133994100107745,50.67017314056901],[3.134332994904384,50.67017097988297],[3.13458551442576,50.67008007127315],[3.134821305104061,50.670069944472374],[3.134838247637787,50.670069028707786],[3.135003439119884,50.670060772914674],[3.135177132025482,50.67006327621046],[3.135326773631129,50.67004875524497],[3.135514466123587,50.67000637383005],[3.13558632444352,50.66994796574468],[3.135639684952394,50.66983752976455],[3.135753737492459,50.669717156264795],[3.135832526715135,50.669611179279755],[3.13605621063822,50.66930313300089],[3.136057557002459,50.66927890224454],[3.136101432974391,50.66931654418526],[3.136864338215104,50.669977972874],[3.136156895381744,50.669981442252414],[3.135677643522317,50.67029784414404],[3.135650859995713,50.67031492359697],[3.135800269272548,50.67125790552604],[3.135954473961299,50.671362730137886],[3.13604784630032,50.671426341777845],[3.136079136759213,50.67150886628166],[3.136099071934634,50.6715698661394],[3.136121914171159,50.671661373644696],[3.136140444637967,50.67172506715364],[3.136164618789928,50.67178695971444],[3.136213159715135,50.67198163739845],[3.136277241846225,50.67217899009487],[3.136341256209187,50.67235121622706],[3.136419321737877,50.67249740293793],[3.136485846423239,50.67255386460475],[3.136542415391833,50.67258431325577],[3.136573548626227,50.67260850820408],[3.136635805410786,50.67265330858014],[3.136706491215318,50.67268194687585],[3.136784203618326,50.67269801412774],[3.13684923116714,50.672723069064006],[3.136931209527282,50.6727499000395],[3.137001927488143,50.67279020401814],[3.137059879778441,50.67280988238474],[3.137147560979397,50.67285644919785],[3.137211250373455,50.672908426696836],[3.137272073844966,50.672945151934265],[3.137344165215385,50.672971096175104],[3.137403527552368,50.67298987544212],[3.137484040390449,50.672996965394184],[3.137540529291817,50.67299780025666],[3.137567466142866,50.673036357600324],[3.137584542498308,50.67308389961209],[3.137588924166555,50.67313683992943],[3.137645615083016,50.67321125932461],[3.137688009644028,50.673221980863424],[3.137730401759983,50.67323180501479],[3.137761526114009,50.67325241015083],[3.137795506867673,50.673284677992775],[3.137846455892793,50.6733250033809],[3.137969475090077,50.67338319625374],[3.138067107548873,50.67345308308891],[3.138113800677899,50.67348623408439],[3.13778751172668,50.67397297352633],[3.137563881581139,50.67430435243791],[3.137487881081758,50.674398660828594],[3.137434355107716,50.674448972982496],[3.137328675745418,50.67453523771137],[3.137234212679626,50.67459187661906],[3.137122829886357,50.67465840523201],[3.136995875739418,50.674711490302094],[3.136877399484695,50.67476636064693],[3.136837899184563,50.67478165949977],[3.136781493906496,50.674812232297484],[3.136706756684934,50.67485269634434],[3.136582638249448,50.67491026472278],[3.136407640699872,50.67495353086116],[3.136180417596928,50.67500672509916],[3.136087245306417,50.675019390394674],[3.136221776331739,50.675155643699824],[3.136980853707693,50.67593372858293],[3.137499188273222,50.676463502764555],[3.137799434908653,50.67677186583521],[3.137841921263584,50.676814892515736],[3.138187525627667,50.677181533245594],[3.138831890351195,50.67782333189885],[3.139018542289013,50.6784153868301],[3.138654661395074,50.67859526706007],[3.13849664272831,50.67865377220781],[3.138148313580023,50.678840812499686],[3.13810598827789,50.678857012167974],[3.137830811516412,50.67893987552083],[3.137723553391771,50.67896871020536],[3.137459573234302,50.67901476823166],[3.137215328422579,50.679047343388135],[3.13682706700559,50.679095331958706],[3.136513626809534,50.6791315713662],[3.136516566239588,50.679173744416566],[3.136498303542797,50.6792096591803],[3.136441893079567,50.67924023162209],[3.136371305509294,50.67925107750953],[3.136314802272204,50.67924755002879],[3.136261096907767,50.679234148411936],[3.136066311269043,50.67927743546871],[3.135703765200315,50.67943487116629],[3.135465321646475,50.67952486802322],[3.135421584977852,50.679541965664676],[3.135327054660709,50.67957796331874],[3.135211372855592,50.67962654705088],[3.134346576891711,50.67999091844387],[3.133146012901667,50.68050191442062],[3.13287372448262,50.68061527391269],[3.132780704817039,50.68068985467126],[3.132718629040243,50.6807159445766],[3.132600119697332,50.68076542617502],[3.132171125018425,50.68090587213437],[3.132133023743278,50.68091847576154],[3.131958025002213,50.680970708872394],[3.131918515957482,50.68098510865739],[3.131826795749965,50.681017511122924],[3.131726629370704,50.68106069085155],[3.131719572141825,50.68106249306134],[3.13165044282646,50.68109217935288],[3.131591188389961,50.68111736832472],[3.131585545891741,50.68112006639368],[3.131567203650018,50.68112726473181],[3.131499484194038,50.68115605207893],[3.131427548642717,50.68119292012978],[3.131361255508592,50.68122709007889],[3.131357023029063,50.68122888928193],[3.131280859479507,50.681269351171125],[3.131228683053099,50.68130081403896],[3.131265579069729,50.68136718005735],[3.131281291551626,50.68143446580108],[3.131278640519361,50.68150087357029],[3.131246300856914,50.681556544316635],[3.131216708476566,50.68158259912843],[3.131181480529619,50.681614044066166],[3.131108134028201,50.681651810759476],[3.131013582579946,50.68168242084914],[3.130897786383064,50.68169061913954],[3.130789017087783,50.681685349465326],[3.130697163954264,50.681667498809674],[3.1306179968293,50.68163976374758],[3.130579794172009,50.68161378032931],[3.130390746634132,50.68169653631546],[3.130277870657528,50.681741522891606],[3.130276460580388,50.681742421733766],[3.130032376920445,50.68184407947818],[3.130022501676987,50.681848576629385],[3.130002751184765,50.681857570929346],[3.12996324320506,50.68187286743518],[3.129903840612003,50.68184152180177],[3.129886873102797,50.68183436062405],[3.129783646454646,50.68178780553604],[3.129654936366708,50.681717945481076],[3.128987468229208,50.68140276778014],[3.128978984613599,50.68139918712669],[3.128857373195364,50.68134277930895],[3.12822811832659,50.68105447868648],[3.127758661587859,50.680841389276715],[3.12737828878306,50.680667690838035],[3.12679428071324,50.68039279678695],[3.126782968150641,50.680387424133045],[3.126399707350287,50.680185907187244],[3.12593724494866,50.679939600967856],[3.125469054653513,50.67966009615545],[3.124944244079028,50.67932770174292],[3.124843811657896,50.67926498696782],[3.124524126623465,50.679065194769805],[3.124500079119554,50.67904996361469],[3.124439235339551,50.679004258806366],[3.124408144041608,50.67899621362601],[3.124391162705023,50.67898277010972],[3.124314741244246,50.678920030840615],[3.124208605580471,50.67883488702499],[3.124367980393744,50.67874678557967],[3.125008283025045,50.67838809323408],[3.125148892064839,50.67813848323879],[3.125128871357709,50.67803889545619],[3.125141215015091,50.67789171450792],[3.125143697155874,50.677754414519484],[3.125232977557194,50.67731102399949],[3.125267870139132,50.677144975380784],[3.125277612684823,50.67708753386969],[3.12529710219126,50.67697444556663],[3.125347210935919,50.67668095486608],[3.125362532848161,50.67659568918465],[3.125372284148072,50.676541837093794],[3.125390405823802,50.676446697485],[3.125409986789179,50.67637040118187],[3.125443665557631,50.67628421955273],[3.125492874487903,50.676196227478265],[3.125561888416339,50.676121675935555],[3.125646450342506,50.676052492856094],[3.125759259193523,50.675984178500705],[3.125852343596065,50.675934728820124],[3.125877739224762,50.675924832008796],[3.126042802677125,50.67585736181164],[3.126073842685874,50.67584566449013],[3.12610629041056,50.67583217098836],[3.126148612522547,50.675814180594784],[3.126289687515767,50.67575481075515],[3.126313670728416,50.67574491528729],[3.12635034825915,50.675728725304],[3.126378563640762,50.675717030775935],[3.12645897751928,50.67568374620318],[3.127068329839064,50.67539327335661],[3.127484440282564,50.67519721993341],[3.127554967038094,50.67516394476687],[3.127669224613196,50.675111779807466],[3.128343471969218,50.674800594170684],[3.128674950584125,50.674647697889164],[3.128899224202354,50.67454337011619],[3.128981035197844,50.67450559553171],[3.129232104691226,50.67438777871054],[3.129705961469394,50.67413871239172],[3.129563019435881,50.67401861335689],[3.12950925893466,50.67398097967402],[3.129455426742232,50.673915527431234],[3.12939317711695,50.6738716209142],[3.12932809397952,50.67382412781376],[3.129265816837183,50.67376945275947],[3.129190839439034,50.6737183803734],[3.12911585988438,50.67366641056578],[3.129038053819954,50.67361354626933],[3.129026737930444,50.673606379020356],[3.128963074580199,50.67356157636138],[3.128885266534296,50.67350781458836],[3.12880887313293,50.67345494867119],[3.128728243374415,50.67340208709178],[3.128650435827435,50.67334832515894],[3.12857263074659,50.67329546054603],[3.128504727094568,50.673248867268924],[3.128442483722376,50.673206754978175],[3.128385900599088,50.673169123683145],[3.12833215336635,50.673135976309254],[3.128237380051193,50.6730741552374],[3.128197772985399,50.67304817221254],[3.12815959875069,50.67303026407741],[3.128093160690747,50.67300430868769],[3.128035172766583,50.6729693707975],[3.127864017786842,50.6728582724327],[3.127755089744666,50.672783004893326],[3.127449307470958,50.67248539000731],[3.127326074969389,50.6723374492233],[3.127207093259937,50.67219488819427],[3.12716448803459,50.67209980985913],[3.127151583251277,50.67202264864763],[3.127166989368941,50.671972379767865],[3.127025751128444,50.67196265308538],[3.126328029014306,50.671912213899354],[3.126103470891218,50.671900776094304],[3.12560633130405,50.671873460934734],[3.125520186897994,50.671871753230356],[3.125465136276051,50.671880782600056],[3.125400218663428,50.67189700092048],[3.123970918816734,50.67237942910622],[3.12381009160052,50.67244330318305],[3.12315865215689,50.671689256617206],[3.123145846134627,50.67164978470388],[3.123045248688995,50.67151258560166],[3.12300279930932,50.6714776299026],[3.122984404376556,50.67146239269037],[3.122916686445864,50.671488483648844],[3.122863076459006,50.67150917635471],[3.122624689206261,50.6716161997671],[3.122287576796811,50.67177447040881],[3.122121188219718,50.671874242915344],[3.121832156957206,50.67206207843036],[3.121792678158525,50.67208724368364],[3.121496653263383,50.672303801260256],[3.120955344669877,50.672700072284925],[3.11985013274619,50.67350339682707],[3.119761322023695,50.67356899081701],[3.119314449089879,50.67390055191961],[3.119187578207633,50.67399579534808],[3.118991728611,50.67418353422977],[3.118932626998829,50.67427243082691],[3.118929830254769,50.67428409936354],[3.118911654576687,50.67436129090283],[3.118862265841563,50.67437749088147],[3.118853845779882,50.674399933277506],[3.118818744754188,50.67448611471268],[3.118735395018565,50.67447363115212],[3.118667594411336,50.674467414302704],[3.118539026700277,50.67444330792661],[3.118441506365771,50.674410198091486],[3.118367985099618,50.67437347582541],[3.118276079966483,50.67432600252826],[3.118191271929918,50.674293777764724],[3.118082462985504,50.6742642678728],[3.117948217757621,50.674227603039554],[3.117651505047962,50.67416327339614],[3.117270007011,50.674075691355974],[3.117116044571532,50.67406147857335],[3.116895623518475,50.674010535796306],[3.116733119352505,50.67396671722459],[3.116218795744287,50.673843361666805],[3.116033647958664,50.673778026359685]]],"type":"Polygon"},"properties":{"geo_point_2d":{"lon":3.1300650267274746,"lat":50.67497499120354},"year":"2024","reg_code":["32"],"reg_name":["Hauts-de-France"],"dep_code":["59"],"dep_name":["Nord"],"arrdep_code":["595"],"arrdep_name":["Lille"],"ze2020_code":["3216"],"ze2020_name":["Lille"],"bv2022_code":["59350"],"bv2022_name":["Lille"],"epci_code":["200093201"],"epci_name":["M\u00e9tropole Europ\u00e9enne de Lille"],"ept_code":null,"ept_name":null,"com_code":["59646"],"com_name":["Wasquehal"],"com_arm_code":["59646"],"com_arm_name":["Wasquehal"],"iris_code":["596460202"],"iris_name":["Noir Bonnet"],"iris_name_upper":"NOIR BONNET","iris_name_lower":"noir bonnet","iris_area_code":"FXX","iris_type":"iris d'habitat","iris_grd_quart_code":"5964602","iris_grd_quart_name":"Centre-Noir Bonnet","iris_in_ctu":"Non","ze2010_code":null,"ze2010_name":null}},{"type":"Feature","geometry":{"coordinates":[[[3.13165044282646,50.68109217935288],[3.131867099722984,50.68130552248736],[3.134209370600855,50.683609238561004],[3.136097235935816,50.68547100326323],[3.13709858224132,50.686457894533305],[3.138024894448561,50.687369481712096],[3.138673588502174,50.68799780642756],[3.140547220842248,50.6897033680752],[3.142584045570522,50.691373713498294],[3.144608338004198,50.693060188396025],[3.14461696959996,50.69311401930301],[3.144597408728109,50.69318941937705],[3.144593170540108,50.693189424306695],[3.14425133133183,50.693204179024036],[3.14367361996018,50.693238049957245],[3.14356348603868,50.69325881621842],[3.143380025924291,50.69332722646245],[3.142791697892657,50.69360249229756],[3.142627817381074,50.69360178307907],[3.142622031177135,50.6935542302505],[3.14259786918078,50.69350310910389],[3.142546798925655,50.693428687742305],[3.141814830578633,50.69236975535228],[3.141266354163608,50.691745823934355],[3.139437816647575,50.69105333854424],[3.139268144341252,50.69099879029261],[3.139143749915347,50.690970214336396],[3.138954345640367,50.69093184007031],[3.138731050108411,50.690897990101796],[3.138625070473846,50.69088734010955],[3.136774397269895,50.69072966150027],[3.132396254413691,50.69075145132914],[3.131952696746915,50.691295718059095],[3.131842871233155,50.691434026672866],[3.13171626492664,50.691637859555385],[3.131588313171288,50.69186771683534],[3.131381723940354,50.691739614213276],[3.128119575800916,50.689433234667845],[3.126414121560126,50.688709021255136],[3.126231979236254,50.688742408480316],[3.12610066791241,50.68876677033495],[3.125799924755214,50.688823608401115],[3.121903285540096,50.68971474950306],[3.119296926477287,50.690289116254874],[3.1155192338264,50.688948449160854],[3.11399950805006,50.68786978695412],[3.11369203976736,50.686776738633085],[3.114049379945949,50.685642752251056],[3.113105019096841,50.68453746733458],[3.111884996398567,50.68406925213075],[3.111523093981892,50.683930486477315],[3.109991364849826,50.68300846656583],[3.109789577523532,50.68212833227128],[3.11046724494181,50.681673665857566],[3.111009831245732,50.68177368714324],[3.111602739521179,50.68163675684887],[3.11194154050849,50.68155748412706],[3.11228612057704,50.68153653391405],[3.114515998243473,50.681400792017925],[3.114925361442446,50.681299011982],[3.115173683453938,50.68118571418518],[3.118304978616666,50.67939522027218],[3.119871954702265,50.678499940576],[3.11993809760252,50.67840116624827],[3.120002692711292,50.678245859148696],[3.120043820029423,50.676546201235425],[3.119924218440228,50.676139807605985],[3.118962929931344,50.674545203414574],[3.118888008639161,50.67451386704447],[3.118818744754188,50.67448611471268],[3.118853845779882,50.674399933277506],[3.118911654576687,50.67436129090283],[3.118929830254769,50.67428409936354],[3.118969452645936,50.67431816164027],[3.119991171772786,50.67520019449408],[3.12087567714436,50.675973769410824],[3.121753157165436,50.676750933532425],[3.122328185098058,50.67742608853682],[3.122339509644564,50.67743684582507],[3.122822147166052,50.67786441495803],[3.123309014406748,50.678285696175514],[3.123376944324217,50.67834216297136],[3.124088750984013,50.67891307775439],[3.124208605580471,50.67883488702499],[3.124314741244246,50.678920030840615],[3.124524126623465,50.679065194769805],[3.125469054653513,50.67966009615545],[3.12593724494866,50.679939600967856],[3.126399707350287,50.680185907187244],[3.126782968150641,50.680387424133045],[3.12679428071324,50.68039279678695],[3.12737828878306,50.680667690838035],[3.129654936366708,50.681717945481076],[3.130154418874067,50.68179325066782],[3.130897786383064,50.68169061913954],[3.131265579069729,50.68136718005735],[3.131591188389961,50.68111736832472],[3.13165044282646,50.68109217935288]]],"type":"Polygon"},"properties":{"geo_point_2d":{"lon":3.1252187523478434,"lat":50.685221602437736},"year":"2018","reg_code":["32"],"reg_name":["Hauts-de-France"],"dep_code":["59"],"dep_name":["Nord"],"arrdep_code":["595"],"arrdep_name":["Lille"],"ze2020_code":null,"ze2020_name":null,"bv2022_code":["59350"],"bv2022_name":null,"epci_code":["245900410"],"epci_name":["M\u00e9tropole Europ\u00e9enne de Lille"],"ept_code":null,"ept_name":null,"com_code":["59646"],"com_name":["Wasquehal"],"com_arm_code":["59646"],"com_arm_name":["Wasquehal"],"iris_code":["596460102"],"iris_name":["Le vivier"],"iris_name_upper":"LE VIVIER","iris_name_lower":"le vivier","iris_area_code":"FXX","iris_type":"iris d'habitat","iris_grd_quart_code":"5964601","iris_grd_quart_name":"CAPREAU","iris_in_ctu":"Non","ze2010_code":["3110"],"ze2010_name":["Roubaix - Tourcoing"]}},{"type":"Feature","geometry":{"coordinates":[[[3.127041098853716,50.652367226132945],[3.127085016894653,50.65242999942544],[3.127437715262297,50.65290795374415],[3.128020405619076,50.653897188758414],[3.128484466686194,50.654857825581814],[3.128256040642701,50.65661786057655],[3.127957894141859,50.658724356840175],[3.127955118663919,50.658743204988646],[3.127944041893825,50.658828468891606],[3.127904700055741,50.65890209576024],[3.127901885673207,50.658905688236075],[3.127839966869909,50.65898382529125],[3.128407642602818,50.66179925758299],[3.130239939203208,50.66386583254948],[3.130248489813026,50.66389633477473],[3.129387357191388,50.66394748831909],[3.125721150129106,50.664156754211604],[3.122282218280192,50.664360304004845],[3.11940229942236,50.664529121819534],[3.119175009604131,50.664541903471445],[3.11809502840525,50.66460261097164],[3.114883297475719,50.664780164078536],[3.113899302075735,50.66483401588188],[3.113813182362811,50.664837684350374],[3.113784945754893,50.66483860760071],[3.11378353382274,50.66483860889383],[3.113831415354804,50.66478382446228],[3.11392435832444,50.664676052889334],[3.114289080939174,50.66425125392104],[3.114429898063095,50.66408690243066],[3.114901628810996,50.6635363683517],[3.115288865227052,50.66308552061655],[3.115532249195277,50.66270659636959],[3.117623383712284,50.660359751846286],[3.118847446739057,50.65917761736235],[3.1191342257591,50.65866223831364],[3.119131397982696,50.65866044623619],[3.118995735160395,50.658604040398394],[3.118128266077188,50.65832847070778],[3.116983763255179,50.65730068955096],[3.115763935283747,50.655421335494275],[3.115881748406459,50.65386603148241],[3.115990466222572,50.65387580141688],[3.118804685225988,50.65363712501179],[3.118929985333538,50.65349611307063],[3.118941222953206,50.653472769869246],[3.11951011218946,50.65229034486379],[3.119532586338977,50.65224365827076],[3.120573259443989,50.651796642822916],[3.124123043874262,50.651528411864],[3.126943388866887,50.652244381786275],[3.127041098853716,50.652367226132945]]],"type":"Polygon"},"properties":{"geo_point_2d":{"lon":3.1224564616542523,"lat":50.658515838774825},"year":"2020","reg_code":["32"],"reg_name":["Hauts-de-France"],"dep_code":["59"],"dep_name":["Nord"],"arrdep_code":["595"],"arrdep_name":["Lille"],"ze2020_code":["3216"],"ze2020_name":["Lille"],"bv2022_code":["59350"],"bv2022_name":null,"epci_code":["245900410"],"epci_name":["M\u00e9tropole Europ\u00e9enne de Lille"],"ept_code":null,"ept_name":null,"com_code":["59646"],"com_name":["Wasquehal"],"com_arm_code":["59646"],"com_arm_name":["Wasquehal"],"iris_code":["596460302"],"iris_name":["Le haut Vinage"],"iris_name_upper":"LE HAUT VINAGE","iris_name_lower":"le haut vinage","iris_area_code":"FXX","iris_type":"iris d'habitat","iris_grd_quart_code":"5964603","iris_grd_quart_name":"Pharos-Haut Vinage","iris_in_ctu":"Non","ze2010_code":["3110"],"ze2010_name":["Roubaix - Tourcoing"]}},{"type":"Feature","geometry":{"coordinates":[[[3.144597408728109,50.69318941937705],[3.14461696959996,50.69311401930301],[3.144608338004198,50.693060188396025],[3.142584045570522,50.691373713498294],[3.140547220842248,50.6897033680752],[3.138673588502174,50.68799780642756],[3.138024894448561,50.687369481712096],[3.13709858224132,50.686457894533305],[3.137194529428311,50.686419202276596],[3.141788849139517,50.68767662782375],[3.141811465547506,50.687681986160975],[3.141835481848171,50.687682856115046],[3.141872191015077,50.68767653272715],[3.141900414574905,50.687666629590446],[3.143673451470477,50.68701445781842],[3.146953931146448,50.68550261197345],[3.147152645318792,50.68534892840374],[3.147152637421828,50.68534623633439],[3.147154057827235,50.68534892673143],[3.147280189980193,50.68549145749183],[3.147477191381933,50.68571646106736],[3.148772543513457,50.68716818885523],[3.149497491808203,50.68821767479947],[3.14959924930791,50.688471504008334],[3.149485221811743,50.688840454170276],[3.148951770763101,50.68901428402887],[3.148793688695149,50.689058443736144],[3.1485537385131,50.6891242376154],[3.147849407143362,50.689316213847334],[3.147904711741296,50.6903990294345],[3.148164808901201,50.691465150871956],[3.149622668405783,50.693244492337534],[3.149782888491497,50.69343902410713],[3.149828248844668,50.69349011832353],[3.149704075244798,50.6935396220966],[3.148575486891612,50.694082077050815],[3.148543075929005,50.694109933566054],[3.148479661339429,50.69416385019114],[3.148441599241004,50.69419171342579],[3.148428910980259,50.69420070205297],[3.148382396167912,50.69423665148891],[3.148347143554223,50.69425912725226],[3.148328809528784,50.694269917300495],[3.148249816999852,50.69431128951498],[3.148242763804971,50.6943148873161],[3.148200439311355,50.694334679425204],[3.148083044987362,50.69428905459205],[3.147408817707744,50.69393360880341],[3.146823374080717,50.69349998502725],[3.146223444432758,50.69318213330095],[3.144789519192976,50.693182016980444],[3.144597408728109,50.69318941937705]]],"type":"Polygon"},"properties":{"geo_point_2d":{"lon":3.144930482797599,"lat":50.689553885656096},"year":"2018","reg_code":["32"],"reg_name":["Hauts-de-France"],"dep_code":["59"],"dep_name":["Nord"],"arrdep_code":["595"],"arrdep_name":["Lille"],"ze2020_code":null,"ze2020_name":null,"bv2022_code":["59350"],"bv2022_name":null,"epci_code":["245900410"],"epci_name":["M\u00e9tropole Europ\u00e9enne de Lille"],"ept_code":null,"ept_name":null,"com_code":["59646"],"com_name":["Wasquehal"],"com_arm_code":["59646"],"com_arm_name":["Wasquehal"],"iris_code":["596460101"],"iris_name":["L'allumette"],"iris_name_upper":"L'ALLUMETTE","iris_name_lower":"l'allumette","iris_area_code":"FXX","iris_type":"iris d'habitat","iris_grd_quart_code":"5964601","iris_grd_quart_name":"CAPREAU","iris_in_ctu":"Non","ze2010_code":["3110"],"ze2010_name":["Roubaix - Tourcoing"]}},{"type":"Feature","geometry":{"coordinates":[[[3.13165044282646,50.68109217935288],[3.131719572141825,50.68106249306134],[3.131726629370704,50.68106069085155],[3.131826795749965,50.681017511122924],[3.131918515957482,50.68098510865739],[3.131958025002213,50.680970708872394],[3.132133023743278,50.68091847576154],[3.132171125018425,50.68090587213437],[3.132600119697332,50.68076542617502],[3.132718629040243,50.6807159445766],[3.132780704817039,50.68068985467126],[3.13287372448262,50.68061527391269],[3.133146012901667,50.68050191442062],[3.134346576891711,50.67999091844387],[3.135211372855592,50.67962654705088],[3.135327054660709,50.67957796331874],[3.135421584977852,50.679541965664676],[3.135465321646475,50.67952486802322],[3.135703765200315,50.67943487116629],[3.136066311269043,50.67927743546871],[3.136261096907767,50.679234148411936],[3.136314802272204,50.67924755002879],[3.136371305509294,50.67925107750953],[3.136441893079567,50.67924023162209],[3.136498303542797,50.6792096591803],[3.136516566239588,50.679173744416566],[3.136513626809534,50.6791315713662],[3.13682706700559,50.679095331958706],[3.137215328422579,50.679047343388135],[3.137459573234302,50.67901476823166],[3.137723553391771,50.67896871020536],[3.137830811516412,50.67893987552083],[3.13810598827789,50.678857012167974],[3.138148313580023,50.678840812499686],[3.13849664272831,50.67865377220781],[3.138654661395074,50.67859526706007],[3.139018542289013,50.6784153868301],[3.139209482930978,50.679024486149096],[3.139712844887009,50.67922941849509],[3.140917453509236,50.67969020259614],[3.140428081622698,50.67994560870691],[3.141520959741664,50.680844427188354],[3.141777711450894,50.680737348053924],[3.14243510290479,50.68046289979462],[3.142538086162221,50.68042060552068],[3.142608617927344,50.68039001415981],[3.142753920854672,50.680329723810146],[3.142813314358907,50.68035567919267],[3.143097550980812,50.68047829139663],[3.143325224778935,50.68057673929501],[3.144197050138721,50.68120298927775],[3.144439109102606,50.681390257466425],[3.144206337001731,50.681485648435235],[3.144246005461216,50.68152777853972],[3.144713547326717,50.68202975902349],[3.145701034068488,50.68258676545707],[3.146167650699195,50.68324757394702],[3.14675024636793,50.683957598043435],[3.146965709337732,50.68421937294089],[3.146895190611648,50.68425535074719],[3.146776718399012,50.68431561389579],[3.146544000082564,50.68443254541115],[3.146808027031945,50.68487822199299],[3.146826484022193,50.684910505156985],[3.146932939018684,50.68508715928125],[3.146989649413166,50.685158881016804],[3.147091691694689,50.68527541706469],[3.147152637421828,50.68534623633439],[3.147152645318792,50.68534892840374],[3.147185570076089,50.685497851090425],[3.14702172912967,50.685501634436974],[3.146953931146448,50.68550261197345],[3.146622006378181,50.68550838812621],[3.146453951394142,50.685520251929105],[3.146405936418094,50.68552389793281],[3.146175822246589,50.68556724201819],[3.146007863598504,50.685612307394024],[3.145823037916268,50.68568610782059],[3.145693255666685,50.68574458835278],[3.145634007997307,50.68577157855634],[3.145509867585531,50.685827360201806],[3.144927289320878,50.686102632614414],[3.144724208652317,50.68621503904318],[3.14468897039005,50.68624110345987],[3.14463682307641,50.68628154527529],[3.144588946911118,50.686333647754495],[3.14453684596111,50.686390241914495],[3.144457976416753,50.686471095827926],[3.144259394058967,50.68667502669877],[3.144083323277774,50.6868484209413],[3.144053742174476,50.68687717066686],[3.144014296356897,50.68691400803074],[3.143983269137724,50.686931093766326],[3.14387743832903,50.68696980267959],[3.143713695161073,50.68700947582987],[3.143633207771888,50.687019439793914],[3.143504721689363,50.687039330060244],[3.143331118303214,50.68708888501407],[3.142941625746015,50.68722034766933],[3.14262702005501,50.687359799379976],[3.142150127367054,50.68755596942558],[3.142044306530718,50.68759916350961],[3.141900414574905,50.687666629590446],[3.141872191015077,50.68767653272715],[3.141853835163954,50.68767924574575],[3.141835481848171,50.687682856115046],[3.141811465547506,50.687681986160975],[3.141788849139517,50.68767662782375],[3.141763377155928,50.687660504463025],[3.141371052280275,50.687291240374776],[3.141086374926754,50.687024151437726],[3.140764755272143,50.686679033476864],[3.140577720787527,50.68647285286094],[3.140288656600543,50.686149233168216],[3.140067600157888,50.68589822208862],[3.139750279772711,50.685570145916955],[3.13944848613363,50.68523666720275],[3.139370526580591,50.68513894244545],[3.139084338357829,50.685337579482095],[3.138674079819685,50.68562070603919],[3.138459756285837,50.68575824089082],[3.138365300590021,50.685824750626246],[3.138266621912083,50.68589664913268],[3.13807906495352,50.68600902745303],[3.137847718709255,50.686121454042215],[3.137528912430495,50.68627705017473],[3.137489405724731,50.68629324632739],[3.137372295533674,50.686340935791236],[3.13727777099419,50.686383216050686],[3.137249557064797,50.68639670757772],[3.137194529428311,50.686419202276596],[3.13709858224132,50.686457894533305],[3.136097235935816,50.68547100326323],[3.134818346519792,50.684210708876435],[3.134369408804344,50.683769693358656],[3.134209370600855,50.683609238561004],[3.132119160654686,50.681553824757245],[3.131867099722984,50.68130552248736],[3.13165044282646,50.68109217935288]]],"type":"Polygon"},"properties":{"geo_point_2d":{"lon":3.139692425681864,"lat":50.683010621926336},"year":"2024","reg_code":["32"],"reg_name":["Hauts-de-France"],"dep_code":["59"],"dep_name":["Nord"],"arrdep_code":["595"],"arrdep_name":["Lille"],"ze2020_code":["3216"],"ze2020_name":["Lille"],"bv2022_code":["59350"],"bv2022_name":["Lille"],"epci_code":["200093201"],"epci_name":["M\u00e9tropole Europ\u00e9enne de Lille"],"ept_code":null,"ept_name":null,"com_code":["59646"],"com_name":["Wasquehal"],"com_arm_code":["59646"],"com_arm_name":["Wasquehal"],"iris_code":["596460103"],"iris_name":["Louise Michel"],"iris_name_upper":"LOUISE MICHEL","iris_name_lower":"louise michel","iris_area_code":"FXX","iris_type":"iris d'habitat","iris_grd_quart_code":"5964601","iris_grd_quart_name":"Capreau","iris_in_ctu":"Non","ze2010_code":null,"ze2010_name":null}},{"type":"Feature","geometry":{"coordinates":[[[3.13165044282646,50.68109217935288],[3.131719572141825,50.68106249306134],[3.131826795749965,50.681017511122924],[3.134346576891711,50.67999091844387],[3.137215328422579,50.679047343388135],[3.137459573234302,50.67901476823166],[3.137723553391771,50.67896871020536],[3.137830811516412,50.67893987552083],[3.13810598827789,50.678857012167974],[3.138148313580023,50.678840812499686],[3.138654661395074,50.67859526706007],[3.139018542289013,50.6784153868301],[3.139209482930978,50.679024486149096],[3.140428081622698,50.67994560870691],[3.142608617927344,50.68039001415981],[3.142753920854672,50.680329723810146],[3.143097550980812,50.68047829139663],[3.143325224778935,50.68057673929501],[3.144197050138721,50.68120298927775],[3.144439109102606,50.681390257466425],[3.145701034068488,50.68258676545707],[3.146167650699195,50.68324757394702],[3.14675024636793,50.683957598043435],[3.146544000082564,50.68443254541115],[3.146808027031945,50.68487822199299],[3.147091691694689,50.68527541706469],[3.147152637421828,50.68534623633439],[3.147152645318792,50.68534892840374],[3.146953931146448,50.68550261197345],[3.143673451470477,50.68701445781842],[3.141900414574905,50.687666629590446],[3.141872191015077,50.68767653272715],[3.141835481848171,50.687682856115046],[3.141811465547506,50.687681986160975],[3.141788849139517,50.68767662782375],[3.137194529428311,50.686419202276596],[3.13709858224132,50.686457894533305],[3.136097235935816,50.68547100326323],[3.134209370600855,50.683609238561004],[3.131867099722984,50.68130552248736],[3.13165044282646,50.68109217935288]]],"type":"Polygon"},"properties":{"geo_point_2d":{"lon":3.1397648102626294,"lat":50.68320276124563},"year":"2020","reg_code":["32"],"reg_name":["Hauts-de-France"],"dep_code":["59"],"dep_name":["Nord"],"arrdep_code":["595"],"arrdep_name":["Lille"],"ze2020_code":["3216"],"ze2020_name":["Lille"],"bv2022_code":["59350"],"bv2022_name":null,"epci_code":["245900410"],"epci_name":["M\u00e9tropole Europ\u00e9enne de Lille"],"ept_code":null,"ept_name":null,"com_code":["59646"],"com_name":["Wasquehal"],"com_arm_code":["59646"],"com_arm_name":["Wasquehal"],"iris_code":["596460103"],"iris_name":["Louise Michel"],"iris_name_upper":"LOUISE MICHEL","iris_name_lower":"louise michel","iris_area_code":"FXX","iris_type":"iris d'habitat","iris_grd_quart_code":"5964601","iris_grd_quart_name":"Capreau","iris_in_ctu":"Non","ze2010_code":["3110"],"ze2010_name":["Roubaix - Tourcoing"]}},{"type":"Feature","geometry":{"coordinates":[[[3.118929830254769,50.67428409936354],[3.118932626998829,50.67427243082691],[3.118991728611,50.67418353422977],[3.119187578207633,50.67399579534808],[3.119314449089879,50.67390055191961],[3.119761322023695,50.67356899081701],[3.11985013274619,50.67350339682707],[3.121496653263383,50.672303801260256],[3.123095547343048,50.67158118516644],[3.125400218663428,50.67189700092048],[3.12718579062708,50.6721473490302],[3.12939317711695,50.6738716209142],[3.129705961469394,50.67413871239172],[3.129232104691226,50.67438777871054],[3.128981035197844,50.67450559553171],[3.128674950584125,50.674647697889164],[3.127068329839064,50.67539327335661],[3.125148892064839,50.67813848323879],[3.125008283025045,50.67838809323408],[3.124367980393744,50.67874678557967],[3.124208605580471,50.67883488702499],[3.124088750984013,50.67891307775439],[3.123376944324217,50.67834216297136],[3.123309014406748,50.678285696175514],[3.122822147166052,50.67786441495803],[3.122339509644564,50.67743684582507],[3.122328185098058,50.67742608853682],[3.121753157165436,50.676750933532425],[3.12087567714436,50.675973769410824],[3.119991171772786,50.67520019449408],[3.118969452645936,50.67431816164027],[3.118929830254769,50.67428409936354]]],"type":"Polygon"},"properties":{"geo_point_2d":{"lon":3.124115178031776,"lat":50.67464874061415},"year":"2018","reg_code":["32"],"reg_name":["Hauts-de-France"],"dep_code":["59"],"dep_name":["Nord"],"arrdep_code":["595"],"arrdep_name":["Lille"],"ze2020_code":null,"ze2020_name":null,"bv2022_code":["59350"],"bv2022_name":null,"epci_code":["245900410"],"epci_name":["M\u00e9tropole Europ\u00e9enne de Lille"],"ept_code":null,"ept_name":null,"com_code":["59646"],"com_name":["Wasquehal"],"com_arm_code":["59646"],"com_arm_name":["Wasquehal"],"iris_code":["596460201"],"iris_name":["Centre-Noir Bonnet"],"iris_name_upper":"CENTRE-NOIR BONNET","iris_name_lower":"centre-noir bonnet","iris_area_code":"FXX","iris_type":"iris d'activit\u00e9","iris_grd_quart_code":"5964602","iris_grd_quart_name":"CENTRE -NOIR BONNET","iris_in_ctu":"Non","ze2010_code":["3110"],"ze2010_name":["Roubaix - Tourcoing"]}},{"type":"Feature","geometry":{"coordinates":[[[3.124270636777973,50.678789956625195],[3.124143729633838,50.67887174393627],[3.123749002093542,50.678593056180105],[3.123394999846334,50.67833317136693],[3.122614260773136,50.67775065436404],[3.122275978623903,50.6774458820556],[3.119049833311798,50.6743887977159],[3.118965192645756,50.674308294613944],[3.11926672146326,50.67378358011911],[3.11991600531817,50.67329424490005],[3.120606823233689,50.67281706992461],[3.121213096693411,50.67242163451185],[3.122748486230207,50.671424038736426],[3.125481252510326,50.67188794535025],[3.125904445407943,50.67187854349585],[3.126384541370632,50.671922924964726],[3.126809514518813,50.67200325592563],[3.127078261372496,50.67206579775711],[3.128874704881227,50.673464392595854],[3.129632035913601,50.67394854617925],[3.129907921389472,50.67414478304804],[3.129527141070467,50.67434350021284],[3.129061702080708,50.674572096909976],[3.128483419756351,50.674854650903455],[3.127000935807132,50.67554858768198],[3.126720173369644,50.67565655896934],[3.126276843975084,50.675814050363],[3.125889058060723,50.675989431313404],[3.125535964097459,50.67625899995807],[3.125437124770992,50.676492416264914],[3.125268172914494,50.67703998277047],[3.125197993249158,50.677327211914374],[3.125156289376763,50.67765030699832],[3.125114786366665,50.678054164915686],[3.12497577076355,50.67837646015106],[3.12441166895538,50.67870905240239],[3.124270636777973,50.678789956625195]]],"type":"Polygon"},"properties":{"geo_point_2d":{"lon":3.1240376384387876,"lat":50.67454016372558},"year":"2015","reg_code":["31"],"reg_name":["Nord-Pas-de-Calais"],"dep_code":["59"],"dep_name":["Nord"],"arrdep_code":["595"],"arrdep_name":["Lille"],"ze2020_code":null,"ze2020_name":null,"bv2022_code":["59350"],"bv2022_name":null,"epci_code":["245900410"],"epci_name":["M\u00e9tropole Europ\u00e9enne de Lille"],"ept_code":null,"ept_name":null,"com_code":["59646"],"com_name":["Wasquehal"],"com_arm_code":["59646"],"com_arm_name":["Wasquehal"],"iris_code":["596460201"],"iris_name":["Centre-Noir Bonnet"],"iris_name_upper":"CENTRE-NOIR BONNET","iris_name_lower":"centre-noir bonnet","iris_area_code":"FXX","iris_type":"iris d'activit\u00e9","iris_grd_quart_code":"5964602","iris_grd_quart_name":"CENTRE -NOIR BONNET","iris_in_ctu":"Non","ze2010_code":["3110"],"ze2010_name":null}},{"type":"Feature","geometry":{"coordinates":[[[3.127955118663919,50.658743204988646],[3.128339378440486,50.65939700903227],[3.128379029894572,50.65944452993404],[3.128540446243237,50.659629226112315],[3.128725758346473,50.65977261717838],[3.128912273559293,50.659834343905395],[3.129152388860876,50.659877169374916],[3.129364109112103,50.659858103818166],[3.131001160179707,50.66015701494698],[3.13245185883102,50.66071859048557],[3.134251302312757,50.66180384867164],[3.135930515501825,50.663560906333934],[3.135954588224243,50.6635869042575],[3.136059370221361,50.663698065702576],[3.136289413878546,50.66418240305032],[3.138000373025873,50.66741648648954],[3.137488664014756,50.668264404367],[3.13636916057375,50.66910895563878],[3.136267568395049,50.66913688591124],[3.136057557002459,50.66927890224454],[3.13605621063822,50.66930313300089],[3.135832526715135,50.669611179279755],[3.13558632444352,50.66994796574468],[3.135514466123587,50.67000637383005],[3.135326773631129,50.67004875524497],[3.135177132025482,50.67006327621046],[3.13445925477944,50.670125525643755],[3.132268162519126,50.67030107165234],[3.131105501959351,50.66983521774948],[3.131128429683518,50.669422847320824],[3.131248307268981,50.668826411111034],[3.130590367210873,50.66885492319381],[3.130444942936102,50.668861357624074],[3.130291069652972,50.66887677455684],[3.130111251287297,50.668688512899344],[3.130652092381823,50.66761467620977],[3.130992834133695,50.66508100057213],[3.130693820245693,50.66466088985366],[3.130335105431516,50.664084695370626],[3.130254193330733,50.6639178661044],[3.130248489813026,50.66389633477473],[3.130239939203208,50.66386583254948],[3.128407642602818,50.66179925758299],[3.127839966869909,50.65898382529125],[3.127901885673207,50.658905688236075],[3.127904700055741,50.65890209576024],[3.127944041893825,50.658828468891606],[3.127955118663919,50.658743204988646]]],"type":"Polygon"},"properties":{"geo_point_2d":{"lon":3.1330456219779665,"lat":50.665238325022756},"year":"2021","reg_code":["32"],"reg_name":["Hauts-de-France"],"dep_code":["59"],"dep_name":["Nord"],"arrdep_code":["595"],"arrdep_name":["Lille"],"ze2020_code":["3216"],"ze2020_name":["Lille"],"bv2022_code":["59350"],"bv2022_name":null,"epci_code":["200093201"],"epci_name":["M\u00e9tropole Europ\u00e9enne de Lille"],"ept_code":null,"ept_name":null,"com_code":["59646"],"com_name":["Wasquehal"],"com_arm_code":["59646"],"com_arm_name":["Wasquehal"],"iris_code":["596460301"],"iris_name":["Pharos-Haut Vinage"],"iris_name_upper":"PHAROS-HAUT VINAGE","iris_name_lower":"pharos-haut vinage","iris_area_code":"FXX","iris_type":"iris d'habitat","iris_grd_quart_code":"5964603","iris_grd_quart_name":"Pharos-Haut Vinage","iris_in_ctu":"Non","ze2010_code":null,"ze2010_name":null}},{"type":"Feature","geometry":{"coordinates":[[[3.127955118663919,50.658743204988646],[3.128339378440486,50.65939700903227],[3.128379029894572,50.65944452993404],[3.128540446243237,50.659629226112315],[3.128725758346473,50.65977261717838],[3.128912273559293,50.659834343905395],[3.129152388860876,50.659877169374916],[3.129364109112103,50.659858103818166],[3.131001160179707,50.66015701494698],[3.13245185883102,50.66071859048557],[3.134251302312757,50.66180384867164],[3.135930515501825,50.663560906333934],[3.135954588224243,50.6635869042575],[3.136059370221361,50.663698065702576],[3.136289413878546,50.66418240305032],[3.138000373025873,50.66741648648954],[3.137488664014756,50.668264404367],[3.13636916057375,50.66910895563878],[3.136267568395049,50.66913688591124],[3.136057557002459,50.66927890224454],[3.13605621063822,50.66930313300089],[3.135832526715135,50.669611179279755],[3.13558632444352,50.66994796574468],[3.135514466123587,50.67000637383005],[3.135326773631129,50.67004875524497],[3.135177132025482,50.67006327621046],[3.13445925477944,50.670125525643755],[3.132268162519126,50.67030107165234],[3.131105501959351,50.66983521774948],[3.131128429683518,50.669422847320824],[3.131248307268981,50.668826411111034],[3.130590367210873,50.66885492319381],[3.130444942936102,50.668861357624074],[3.130291069652972,50.66887677455684],[3.130111251287297,50.668688512899344],[3.130652092381823,50.66761467620977],[3.130992834133695,50.66508100057213],[3.130693820245693,50.66466088985366],[3.130335105431516,50.664084695370626],[3.130254193330733,50.6639178661044],[3.130248489813026,50.66389633477473],[3.130239939203208,50.66386583254948],[3.128407642602818,50.66179925758299],[3.127839966869909,50.65898382529125],[3.127901885673207,50.658905688236075],[3.127904700055741,50.65890209576024],[3.127944041893825,50.658828468891606],[3.127955118663919,50.658743204988646]]],"type":"Polygon"},"properties":{"geo_point_2d":{"lon":3.1330456219779665,"lat":50.665238325022756},"year":"2017","reg_code":["32"],"reg_name":["Hauts-de-France"],"dep_code":["59"],"dep_name":["Nord"],"arrdep_code":["595"],"arrdep_name":["Lille"],"ze2020_code":null,"ze2020_name":null,"bv2022_code":["59350"],"bv2022_name":null,"epci_code":["245900410"],"epci_name":["M\u00e9tropole Europ\u00e9enne de Lille"],"ept_code":null,"ept_name":null,"com_code":["59646"],"com_name":["Wasquehal"],"com_arm_code":["59646"],"com_arm_name":["Wasquehal"],"iris_code":["596460301"],"iris_name":["Pharos-Haut Vinage"],"iris_name_upper":"PHAROS-HAUT VINAGE","iris_name_lower":"pharos-haut vinage","iris_area_code":"FXX","iris_type":"iris d'habitat","iris_grd_quart_code":"5964603","iris_grd_quart_name":"PHAROS- HAUT VINAGE","iris_in_ctu":"Non","ze2010_code":["3110"],"ze2010_name":null}},{"type":"Feature","geometry":{"coordinates":[[[3.13165044282646,50.68109217935288],[3.131719572141825,50.68106249306134],[3.131826795749965,50.681017511122924],[3.134346576891711,50.67999091844387],[3.137215328422579,50.679047343388135],[3.137459573234302,50.67901476823166],[3.137723553391771,50.67896871020536],[3.137830811516412,50.67893987552083],[3.13810598827789,50.678857012167974],[3.138148313580023,50.678840812499686],[3.138654661395074,50.67859526706007],[3.139018542289013,50.6784153868301],[3.139209482930978,50.679024486149096],[3.140428081622698,50.67994560870691],[3.142608617927344,50.68039001415981],[3.142753920854672,50.680329723810146],[3.143097550980812,50.68047829139663],[3.143325224778935,50.68057673929501],[3.144197050138721,50.68120298927775],[3.144439109102606,50.681390257466425],[3.145701034068488,50.68258676545707],[3.146167650699195,50.68324757394702],[3.14675024636793,50.683957598043435],[3.146544000082564,50.68443254541115],[3.146808027031945,50.68487822199299],[3.147091691694689,50.68527541706469],[3.147152637421828,50.68534623633439],[3.147152645318792,50.68534892840374],[3.146953931146448,50.68550261197345],[3.143673451470477,50.68701445781842],[3.141900414574905,50.687666629590446],[3.141872191015077,50.68767653272715],[3.141835481848171,50.687682856115046],[3.141811465547506,50.687681986160975],[3.141788849139517,50.68767662782375],[3.137194529428311,50.686419202276596],[3.13709858224132,50.686457894533305],[3.136097235935816,50.68547100326323],[3.134209370600855,50.683609238561004],[3.131867099722984,50.68130552248736],[3.13165044282646,50.68109217935288]]],"type":"Polygon"},"properties":{"geo_point_2d":{"lon":3.1397648102626294,"lat":50.68320276124563},"year":"2017","reg_code":["32"],"reg_name":["Hauts-de-France"],"dep_code":["59"],"dep_name":["Nord"],"arrdep_code":["595"],"arrdep_name":["Lille"],"ze2020_code":null,"ze2020_name":null,"bv2022_code":["59350"],"bv2022_name":null,"epci_code":["245900410"],"epci_name":["M\u00e9tropole Europ\u00e9enne de Lille"],"ept_code":null,"ept_name":null,"com_code":["59646"],"com_name":["Wasquehal"],"com_arm_code":["59646"],"com_arm_name":["Wasquehal"],"iris_code":["596460103"],"iris_name":["Louise Michel"],"iris_name_upper":"LOUISE MICHEL","iris_name_lower":"louise michel","iris_area_code":"FXX","iris_type":"iris d'habitat","iris_grd_quart_code":"5964601","iris_grd_quart_name":"CAPREAU","iris_in_ctu":"Non","ze2010_code":["3110"],"ze2010_name":null}},{"type":"Feature","geometry":{"coordinates":[[[3.13165044282646,50.68109217935288],[3.131867099722984,50.68130552248736],[3.134209370600855,50.683609238561004],[3.136097235935816,50.68547100326323],[3.13709858224132,50.686457894533305],[3.138024894448561,50.687369481712096],[3.138673588502174,50.68799780642756],[3.140547220842248,50.6897033680752],[3.14258404557052,50.691373713498294],[3.144608338004198,50.693060188396025],[3.14461696959996,50.69311401930301],[3.144596843118974,50.69318924056516],[3.144593170540108,50.693189424306695],[3.142791697892657,50.69360249229756],[3.142627817381074,50.69360178307907],[3.142622031177135,50.6935542302505],[3.14259786918078,50.69350310910389],[3.142546798925655,50.693428687742305],[3.141814830578633,50.69236975535228],[3.141266354163608,50.691745823934355],[3.139437816647575,50.69105333854424],[3.139268144341252,50.69099879029261],[3.139143749915347,50.690970214336396],[3.138954345640367,50.69093184007031],[3.138731050108411,50.690897990101796],[3.138625070473846,50.69088734010955],[3.136774397269895,50.69072966150027],[3.132396254413691,50.69075145132914],[3.131952696746915,50.691295718059095],[3.131842871233155,50.691434026672866],[3.13171626492664,50.691637859555385],[3.131588313171288,50.69186771683534],[3.131381723940354,50.691739614213276],[3.128119575800916,50.689433234667845],[3.126414121560126,50.688709021255136],[3.126231979236254,50.688742408480316],[3.12610066791241,50.68876677033495],[3.125799924755214,50.688823608401115],[3.121903285540096,50.68971474950307],[3.119296926477287,50.690289116254874],[3.1155192338264,50.688948449160854],[3.113999513160935,50.68786978599944],[3.11369203976736,50.686776738633085],[3.114049381570887,50.68564275226791],[3.113105019096841,50.68453746733458],[3.111884996598706,50.68406934186663],[3.111523093981892,50.683930486477315],[3.109991364849826,50.68300846656583],[3.109789577523531,50.68212833227128],[3.11046724494181,50.681673665857566],[3.111009831245732,50.68177368714324],[3.111602739521179,50.68163675684887],[3.11194154050849,50.68155748412706],[3.11228612057704,50.68153653391405],[3.114515998243473,50.681400792017925],[3.114925361442446,50.681299011982],[3.115173683453938,50.68118571418518],[3.118304978616666,50.67939522027218],[3.119871954702265,50.678499940576],[3.11993809760252,50.67840116624827],[3.120002692711292,50.678245859148696],[3.120043820029423,50.676546201235425],[3.119924218440228,50.676139807605985],[3.118962929931344,50.674545203414574],[3.118888008639161,50.67451386704447],[3.118818744754188,50.67448611471268],[3.118853845779882,50.674399933277506],[3.118911654576687,50.67436129090283],[3.118929830254769,50.67428409936354],[3.118969452645936,50.67431816164027],[3.119991171772786,50.67520019449408],[3.12087567714436,50.675973769410824],[3.121753157165436,50.676750933532425],[3.122328185098058,50.67742608853682],[3.122339509644564,50.67743684582507],[3.122822147166052,50.67786441495803],[3.123309014406748,50.678285696175514],[3.123376944324217,50.67834216297136],[3.124088750984013,50.67891307775439],[3.124208605580471,50.67883488702499],[3.124314741244246,50.678920030840615],[3.124524126623465,50.679065194769805],[3.125469054653513,50.67966009615545],[3.12593724494866,50.679939600967856],[3.126399707350287,50.680185907187244],[3.126782968150641,50.680387424133045],[3.12679428071324,50.68039279678695],[3.12737828878306,50.680667690838035],[3.129654936366708,50.681717945481076],[3.130154418874067,50.68179325066782],[3.130897786383064,50.68169061913954],[3.131265579069729,50.68136718005735],[3.131591188389961,50.68111736832472],[3.13165044282646,50.68109217935288]]],"type":"Polygon"},"properties":{"geo_point_2d":{"lon":3.125231256550056,"lat":50.68522711373945},"year":"2016","reg_code":["32"],"reg_name":["Nord-Pas-de-Calais-Picardie"],"dep_code":["59"],"dep_name":["Nord"],"arrdep_code":["595"],"arrdep_name":["Lille"],"ze2020_code":null,"ze2020_name":null,"bv2022_code":["59350"],"bv2022_name":null,"epci_code":["245900410"],"epci_name":["M\u00e9tropole Europ\u00e9enne de Lille"],"ept_code":null,"ept_name":null,"com_code":["59646"],"com_name":["Wasquehal"],"com_arm_code":["59646"],"com_arm_name":["Wasquehal"],"iris_code":["596460102"],"iris_name":["Le vivier"],"iris_name_upper":"LE VIVIER","iris_name_lower":"le vivier","iris_area_code":"FXX","iris_type":"iris d'habitat","iris_grd_quart_code":"5964601","iris_grd_quart_name":"CAPREAU","iris_in_ctu":"Non","ze2010_code":["3110"],"ze2010_name":null}},{"type":"Feature","geometry":{"coordinates":[[[3.118929830254769,50.67428409936354],[3.118932626998829,50.67427243082691],[3.118991728611,50.67418353422977],[3.119187578207633,50.67399579534808],[3.119314449089879,50.67390055191961],[3.119761322023695,50.67356899081701],[3.11985013274619,50.67350339682707],[3.121496653263383,50.672303801260256],[3.123095547343048,50.67158118516646],[3.125400218663428,50.67189700092048],[3.12718579062708,50.6721473490302],[3.12939317711695,50.6738716209142],[3.129705961469394,50.67413871239172],[3.129232104691226,50.67438777871054],[3.128981035197844,50.67450559553171],[3.128674950584125,50.674647697889164],[3.127068329839064,50.67539327335661],[3.125148892064839,50.67813848323879],[3.125008283025045,50.67838809323408],[3.124367980393744,50.67874678557967],[3.124208605580471,50.67883488702499],[3.124088750984013,50.67891307775439],[3.123376944324217,50.67834216297136],[3.123309014406748,50.678285696175514],[3.122822147166052,50.67786441495803],[3.122339509644564,50.67743684582507],[3.122328185098058,50.67742608853682],[3.121753157165436,50.676750933532425],[3.12087567714436,50.675973769410824],[3.119991171772786,50.67520019449408],[3.118969452645936,50.67431816164027],[3.118929830254769,50.67428409936354]]],"type":"Polygon"},"properties":{"geo_point_2d":{"lon":3.124115178031777,"lat":50.67464874061416},"year":"2020","reg_code":["32"],"reg_name":["Hauts-de-France"],"dep_code":["59"],"dep_name":["Nord"],"arrdep_code":["595"],"arrdep_name":["Lille"],"ze2020_code":["3216"],"ze2020_name":["Lille"],"bv2022_code":["59350"],"bv2022_name":null,"epci_code":["245900410"],"epci_name":["M\u00e9tropole Europ\u00e9enne de Lille"],"ept_code":null,"ept_name":null,"com_code":["59646"],"com_name":["Wasquehal"],"com_arm_code":["59646"],"com_arm_name":["Wasquehal"],"iris_code":["596460201"],"iris_name":["Centre-Noir Bonnet"],"iris_name_upper":"CENTRE-NOIR BONNET","iris_name_lower":"centre-noir bonnet","iris_area_code":"FXX","iris_type":"iris d'activit\u00e9","iris_grd_quart_code":"5964602","iris_grd_quart_name":"Centre-Noir Bonnet","iris_in_ctu":"Non","ze2010_code":["3110"],"ze2010_name":["Roubaix - Tourcoing"]}},{"type":"Feature","geometry":{"coordinates":[[[3.13165044282646,50.68109217935288],[3.131867099722984,50.68130552248736],[3.134209370600855,50.683609238561004],[3.136097235935816,50.68547100326323],[3.13709858224132,50.686457894533305],[3.138024894448561,50.687369481712096],[3.138673588502174,50.68799780642756],[3.140547220842248,50.6897033680752],[3.14258404557052,50.691373713498294],[3.144608338004198,50.693060188396025],[3.14461696959996,50.69311401930301],[3.144597408728109,50.69318941937705],[3.144593170540108,50.693189424306695],[3.14425133133183,50.693204179024036],[3.14367361996018,50.693238049957245],[3.14356348603868,50.69325881621842],[3.143380025924291,50.69332722646245],[3.142791697892657,50.69360249229756],[3.142627817381074,50.69360178307907],[3.142622031177135,50.6935542302505],[3.14259786918078,50.69350310910389],[3.142546798925655,50.693428687742305],[3.141814830578633,50.69236975535228],[3.141266354163608,50.691745823934355],[3.139437816647575,50.69105333854424],[3.139268144341252,50.69099879029261],[3.139143749915347,50.690970214336396],[3.138954345640367,50.69093184007031],[3.138731050108411,50.690897990101796],[3.138625070473846,50.69088734010955],[3.136774397269895,50.69072966150027],[3.132396254413691,50.69075145132914],[3.131952696746915,50.691295718059095],[3.131842871233155,50.691434026672866],[3.13171626492664,50.691637859555385],[3.131588313171288,50.69186771683534],[3.131381723940354,50.691739614213276],[3.128119575800916,50.689433234667845],[3.126414121560126,50.688709021255136],[3.126231979236254,50.688742408480316],[3.12610066791241,50.68876677033495],[3.125799924755214,50.688823608401115],[3.121903285540096,50.68971474950307],[3.119296926477287,50.690289116254874],[3.1155192338264,50.688948449160854],[3.113999513160935,50.68786978599944],[3.11369203976736,50.686776738633085],[3.114049381570887,50.68564275226791],[3.113105019096841,50.68453746733458],[3.111884996398567,50.68406925213075],[3.111523093981892,50.683930486477315],[3.109991364849826,50.68300846656583],[3.109789577523531,50.68212833227128],[3.11046724494181,50.681673665857566],[3.111009831245732,50.68177368714324],[3.111602739521179,50.68163675684887],[3.11194154050849,50.68155748412706],[3.11228612057704,50.68153653391405],[3.114515998243473,50.681400792017925],[3.114925361442446,50.681299011982],[3.115173683453938,50.68118571418518],[3.118304978616666,50.67939522027218],[3.119871954702265,50.678499940576],[3.11993809760252,50.67840116624827],[3.120002692711292,50.678245859148696],[3.120043820029423,50.676546201235425],[3.119924218440228,50.676139807605985],[3.118962929931344,50.674545203414574],[3.118888008639161,50.67451386704447],[3.118818744754188,50.67448611471268],[3.118853845779882,50.674399933277506],[3.118911654576687,50.67436129090283],[3.118929830254769,50.67428409936354],[3.118969452645936,50.67431816164027],[3.119991171772786,50.67520019449408],[3.12087567714436,50.675973769410824],[3.121753157165436,50.676750933532425],[3.122328185098058,50.67742608853682],[3.122339509644564,50.67743684582507],[3.122822147166052,50.67786441495803],[3.123309014406748,50.678285696175514],[3.123376944324217,50.67834216297136],[3.124088750984013,50.67891307775439],[3.124208605580471,50.67883488702499],[3.124314741244246,50.678920030840615],[3.124524126623465,50.679065194769805],[3.125469054653513,50.67966009615545],[3.12593724494866,50.679939600967856],[3.126399707350287,50.680185907187244],[3.126782968150641,50.680387424133045],[3.12679428071324,50.68039279678695],[3.12737828878306,50.680667690838035],[3.129654936366708,50.681717945481076],[3.130154418874067,50.68179325066782],[3.130897786383064,50.68169061913954],[3.131265579069729,50.68136718005735],[3.131591188389961,50.68111736832472],[3.13165044282646,50.68109217935288]]],"type":"Polygon"},"properties":{"geo_point_2d":{"lon":3.1252187527263486,"lat":50.685221602363185},"year":"2020","reg_code":["32"],"reg_name":["Hauts-de-France"],"dep_code":["59"],"dep_name":["Nord"],"arrdep_code":["595"],"arrdep_name":["Lille"],"ze2020_code":["3216"],"ze2020_name":["Lille"],"bv2022_code":["59350"],"bv2022_name":null,"epci_code":["245900410"],"epci_name":["M\u00e9tropole Europ\u00e9enne de Lille"],"ept_code":null,"ept_name":null,"com_code":["59646"],"com_name":["Wasquehal"],"com_arm_code":["59646"],"com_arm_name":["Wasquehal"],"iris_code":["596460102"],"iris_name":["Le Vivier"],"iris_name_upper":"LE VIVIER","iris_name_lower":"le vivier","iris_area_code":"FXX","iris_type":"iris d'habitat","iris_grd_quart_code":"5964601","iris_grd_quart_name":"Capreau","iris_in_ctu":"Non","ze2010_code":["3110"],"ze2010_name":["Roubaix - Tourcoing"]}},{"type":"Feature","geometry":{"coordinates":[[[3.11378353382274,50.66483860889383],[3.113784945754893,50.66483860760071],[3.113813182362811,50.664837684350374],[3.113899302075735,50.66483401588188],[3.114883297475719,50.664780164078536],[3.118095029461077,50.664603059664024],[3.119175009604131,50.664541903471445],[3.11940229942236,50.664529121819534],[3.122282218280192,50.664360304004845],[3.125721150129106,50.664156754211604],[3.129387357191388,50.66394748831909],[3.130248489813026,50.66389633477473],[3.130254193330733,50.6639178661044],[3.130335105431516,50.664084695370626],[3.130693821414162,50.664661338545876],[3.130992834133695,50.66508100057213],[3.130652092381823,50.66761467620977],[3.130111251287297,50.668688512899344],[3.130291069652972,50.66887677455684],[3.130103365341584,50.668914661258725],[3.127513201831115,50.66928796477782],[3.126122873745714,50.66950744729764],[3.124492853489166,50.66987701701149],[3.124087819135604,50.66997074966532],[3.123204377135182,50.67018251298817],[3.123128173134776,50.670202330872115],[3.122110709961179,50.6704698565726],[3.120099763304742,50.67100755158654],[3.119889516088251,50.67107326323266],[3.119725855080485,50.67113354536841],[3.119593260117496,50.671193797386216],[3.117473174668512,50.672185626971604],[3.116222423284446,50.67358042753068],[3.116033647958664,50.673778026359685],[3.116004064714827,50.67380946208576],[3.11422973576133,50.67353650921157],[3.114088334675906,50.67283489169598],[3.113327660854306,50.671171851216606],[3.112103214280458,50.669843046619846],[3.111169077153026,50.66886484401709],[3.111336081686331,50.66776450454219],[3.113666652391001,50.66497511859675],[3.11378353382274,50.66483860889383]]],"type":"Polygon"},"properties":{"geo_point_2d":{"lon":3.120579630242567,"lat":50.66781694547918},"year":"2019","reg_code":["32"],"reg_name":["Hauts-de-France"],"dep_code":["59"],"dep_name":["Nord"],"arrdep_code":["595"],"arrdep_name":["Lille"],"ze2020_code":null,"ze2020_name":null,"bv2022_code":["59350"],"bv2022_name":null,"epci_code":["245900410"],"epci_name":["M\u00e9tropole Europ\u00e9enne de Lille"],"ept_code":null,"ept_name":null,"com_code":["59646"],"com_name":["Wasquehal"],"com_arm_code":["59646"],"com_arm_name":["Wasquehal"],"iris_code":["596460203"],"iris_name":["La ville"],"iris_name_upper":"LA VILLE","iris_name_lower":"la ville","iris_area_code":"FXX","iris_type":"iris d'habitat","iris_grd_quart_code":"5964602","iris_grd_quart_name":"CENTRE -NOIR BONNET","iris_in_ctu":"Non","ze2010_code":["3110"],"ze2010_name":["Roubaix - Tourcoing"]}},{"type":"Feature","geometry":{"coordinates":[[[3.127041098853716,50.652367226132945],[3.127085016894653,50.65242999942544],[3.127437715262297,50.65290795374415],[3.128020405619076,50.653897188758414],[3.128484466686194,50.654857825581814],[3.128256040642701,50.65661786057655],[3.127957894141859,50.658724356840175],[3.127955118663919,50.658743204988646],[3.127944041893825,50.658828468891606],[3.127904700055741,50.65890209576024],[3.127901885673207,50.658905688236075],[3.127839966869909,50.65898382529125],[3.128407642602818,50.66179925758299],[3.130239939203208,50.66386583254948],[3.130248489813026,50.66389633477473],[3.129387357191388,50.66394748831909],[3.125721150129106,50.664156754211604],[3.122282218280192,50.664360304004845],[3.11940229942236,50.664529121819534],[3.119175009604131,50.664541903471445],[3.11809502840525,50.66460261097164],[3.114883297475719,50.664780164078536],[3.113899302075735,50.66483401588188],[3.113813182362811,50.664837684350374],[3.113784945754893,50.66483860760071],[3.11378353382274,50.66483860889383],[3.113831415354804,50.66478382446228],[3.11392435832444,50.664676052889334],[3.114289080939174,50.66425125392104],[3.114429898063095,50.66408690243066],[3.114901628810996,50.6635363683517],[3.115288865227052,50.66308552061655],[3.115532249195277,50.66270659636959],[3.117623383712284,50.660359751846286],[3.118847446739057,50.65917761736235],[3.1191342257591,50.65866223831364],[3.119131397982696,50.65866044623619],[3.118995735160395,50.658604040398394],[3.118128266077188,50.65832847070778],[3.116983763255179,50.65730068955095],[3.115763935283747,50.655421335494275],[3.115881748406459,50.65386603148241],[3.115990466222572,50.65387580141688],[3.118804685225988,50.65363712501179],[3.118929985333538,50.65349611307063],[3.118941222953206,50.653472769869246],[3.11951011218946,50.65229034486379],[3.119532586338977,50.65224365827076],[3.120573259443989,50.651796642822916],[3.124123043874262,50.651528411864],[3.126943388866887,50.652244381786275],[3.127041098853716,50.652367226132945]]],"type":"Polygon"},"properties":{"geo_point_2d":{"lon":3.122456461654252,"lat":50.6585158387748},"year":"2018","reg_code":["32"],"reg_name":["Hauts-de-France"],"dep_code":["59"],"dep_name":["Nord"],"arrdep_code":["595"],"arrdep_name":["Lille"],"ze2020_code":null,"ze2020_name":null,"bv2022_code":["59350"],"bv2022_name":null,"epci_code":["245900410"],"epci_name":["M\u00e9tropole Europ\u00e9enne de Lille"],"ept_code":null,"ept_name":null,"com_code":["59646"],"com_name":["Wasquehal"],"com_arm_code":["59646"],"com_arm_name":["Wasquehal"],"iris_code":["596460302"],"iris_name":["Le haut Vinage"],"iris_name_upper":"LE HAUT VINAGE","iris_name_lower":"le haut vinage","iris_area_code":"FXX","iris_type":"iris d'habitat","iris_grd_quart_code":"5964603","iris_grd_quart_name":"PHAROS- HAUT VINAGE","iris_in_ctu":"Non","ze2010_code":["3110"],"ze2010_name":["Roubaix - Tourcoing"]}},{"type":"Feature","geometry":{"coordinates":[[[3.118929830254769,50.67428409936354],[3.118932626998829,50.67427243082691],[3.118991728611,50.67418353422977],[3.119187578207633,50.67399579534808],[3.119314449089879,50.67390055191961],[3.119761322023695,50.67356899081701],[3.11985013274619,50.67350339682707],[3.120955344669877,50.672700072284925],[3.121496653263383,50.672303801260256],[3.121792678158525,50.67208724368364],[3.121832156957206,50.67206207843036],[3.122121188219718,50.671874242915344],[3.122287576796811,50.67177447040881],[3.122624689206261,50.6716161997671],[3.122863076459006,50.67150917635471],[3.122916686445864,50.671488483648844],[3.122984404376556,50.67146239269037],[3.12300279930932,50.6714776299026],[3.123045248688995,50.67151258560166],[3.123145846134627,50.67164978470388],[3.12315865215689,50.671689256617206],[3.12381009160052,50.67244330318305],[3.123970918816734,50.67237942910622],[3.125400218663428,50.67189700092048],[3.125465136276051,50.671880782600056],[3.125520186897994,50.671871753230356],[3.12560633130405,50.671873460934734],[3.126103470891218,50.671900776094304],[3.126328029014306,50.671912213899354],[3.127025751128444,50.67196265308538],[3.127166989368941,50.671972379767865],[3.127151583251277,50.67202264864763],[3.12716448803459,50.67209980985913],[3.127207093259937,50.67219488819427],[3.127326074969389,50.6723374492233],[3.127449307470958,50.67248539000731],[3.127755089744666,50.672783004893326],[3.127864017786842,50.6728582724327],[3.128035172766583,50.6729693707975],[3.128093160690747,50.67300430868769],[3.12815959875069,50.67303026407741],[3.128197772985399,50.67304817221254],[3.128237380051193,50.6730741552374],[3.12833215336635,50.673135976309254],[3.128385900599088,50.673169123683145],[3.128442483722376,50.673206754978175],[3.128504727094568,50.673248867268924],[3.12857263074659,50.67329546054603],[3.128650435827435,50.67334832515894],[3.128728243374415,50.67340208709178],[3.12880887313293,50.67345494867119],[3.128885266534296,50.67350781458836],[3.128963074580199,50.67356157636138],[3.129026737930444,50.673606379020356],[3.129038053819954,50.67361354626933],[3.12911585988438,50.67366641056578],[3.129190839439034,50.6737183803734],[3.129265816837183,50.67376945275947],[3.12932809397952,50.67382412781376],[3.12939317711695,50.6738716209142],[3.129455426742232,50.673915527431234],[3.12950925893466,50.67398097967402],[3.129563019435881,50.67401861335689],[3.129705961469394,50.67413871239172],[3.129232104691226,50.67438777871054],[3.128981035197844,50.67450559553171],[3.128899224202354,50.67454337011619],[3.128674950584125,50.674647697889164],[3.128343471969218,50.674800594170684],[3.127669224613196,50.675111779807466],[3.127554967038094,50.67516394476687],[3.127484440282564,50.67519721993341],[3.127068329839064,50.67539327335661],[3.12645897751928,50.67568374620318],[3.126378563640762,50.675717030775935],[3.12635034825915,50.675728725304],[3.126313670728416,50.67574491528729],[3.126289687515767,50.67575481075515],[3.126148612522547,50.675814180594784],[3.12610629041056,50.67583217098836],[3.126073842685874,50.67584566449013],[3.126042802677125,50.67585736181164],[3.125877739224762,50.675924832008796],[3.125852343596065,50.675934728820124],[3.125759259193523,50.675984178500705],[3.125646450342506,50.676052492856094],[3.125561888416339,50.676121675935555],[3.125492874487903,50.676196227478265],[3.125443665557631,50.67628421955273],[3.125409986789179,50.67637040118187],[3.125390405823802,50.676446697485],[3.125372284148072,50.676541837093794],[3.125362532848161,50.67659568918465],[3.125347210935919,50.67668095486608],[3.12529710219126,50.67697444556663],[3.125277612684823,50.67708753386969],[3.125267870139132,50.677144975380784],[3.125232977557194,50.67731102399949],[3.125143697155874,50.677754414519484],[3.125141215015091,50.67789171450792],[3.125128871357709,50.67803889545619],[3.125148892064839,50.67813848323879],[3.125008283025045,50.67838809323408],[3.124367980393744,50.67874678557967],[3.124208605580471,50.67883488702499],[3.124088750984013,50.67891307775439],[3.123766098237358,50.67865316281184],[3.123376944324217,50.67834216297136],[3.123314674675967,50.67829017740185],[3.123309014406748,50.678285696175514],[3.122822147166052,50.67786441495803],[3.122339509644564,50.67743684582507],[3.122328185098058,50.67742608853682],[3.12247634370986,50.67737210042344],[3.122446624412068,50.67734700335597],[3.12194563117117,50.67691765571583],[3.12194280226549,50.67691586375108],[3.121753157165436,50.676750933532425],[3.12087567714436,50.675973769410824],[3.120476585774798,50.67562507932411],[3.119991171772786,50.67520019449408],[3.119276531201301,50.67458348985508],[3.119228420234153,50.67454315421978],[3.119170400472326,50.67449295695749],[3.119127944879102,50.674455307975165],[3.119014736660863,50.6743576027228],[3.118979359316073,50.67432712589307],[3.118969452645936,50.67431816164027],[3.118929830254769,50.67428409936354]]],"type":"Polygon"},"properties":{"geo_point_2d":{"lon":3.124033043352762,"lat":50.67460937111172},"year":"2024","reg_code":["32"],"reg_name":["Hauts-de-France"],"dep_code":["59"],"dep_name":["Nord"],"arrdep_code":["595"],"arrdep_name":["Lille"],"ze2020_code":["3216"],"ze2020_name":["Lille"],"bv2022_code":["59350"],"bv2022_name":["Lille"],"epci_code":["200093201"],"epci_name":["M\u00e9tropole Europ\u00e9enne de Lille"],"ept_code":null,"ept_name":null,"com_code":["59646"],"com_name":["Wasquehal"],"com_arm_code":["59646"],"com_arm_name":["Wasquehal"],"iris_code":["596460201"],"iris_name":["Centre-Noir Bonnet"],"iris_name_upper":"CENTRE-NOIR BONNET","iris_name_lower":"centre-noir bonnet","iris_area_code":"FXX","iris_type":"iris d'activit\u00e9","iris_grd_quart_code":"5964602","iris_grd_quart_name":"Centre-Noir Bonnet","iris_in_ctu":"Non","ze2010_code":null,"ze2010_name":null}},{"type":"Feature","geometry":{"coordinates":[[[3.13165044282646,50.68109217935288],[3.131591188389961,50.68111736832472],[3.131265579069729,50.68136718005735],[3.130897786383064,50.68169061913954],[3.130154418874067,50.68179325066782],[3.129654936366708,50.681717945481076],[3.12737828878306,50.680667690838035],[3.12679428071324,50.68039279678695],[3.126782968150641,50.680387424133045],[3.126399707350287,50.680185907187244],[3.12593724494866,50.679939600967856],[3.125469054653513,50.67966009615545],[3.124524126623465,50.679065194769805],[3.124314741244246,50.678920030840615],[3.124208605580471,50.67883488702499],[3.124367980393744,50.67874678557967],[3.125008283025045,50.67838809323408],[3.125148892064839,50.67813848323879],[3.127068329839064,50.67539327335661],[3.128674950584125,50.674647697889164],[3.128981035197844,50.67450559553171],[3.129232104691226,50.67438777871054],[3.129705961469394,50.67413871239172],[3.12939317711695,50.6738716209142],[3.12718579062708,50.6721473490302],[3.125400218663428,50.67189700092048],[3.123095547343048,50.67158118516644],[3.121496653263383,50.672303801260256],[3.11985013274619,50.67350339682707],[3.119761322023695,50.67356899081701],[3.119314449089879,50.67390055191961],[3.119187578207633,50.67399579534808],[3.118991728611,50.67418353422977],[3.118932626998829,50.67427243082691],[3.118929830254769,50.67428409936354],[3.118911654576687,50.67436129090283],[3.118853845779882,50.674399933277506],[3.118818744754188,50.67448611471268],[3.118735395018565,50.67447363115212],[3.116218795744287,50.673843361666805],[3.116033647958664,50.673778026359685],[3.116222423284446,50.67358042753068],[3.117473174668512,50.672185626971604],[3.119593260117496,50.671193797386216],[3.119725855080485,50.67113354536841],[3.119889516088251,50.67107326323266],[3.120099763304742,50.67100755158654],[3.122110709961179,50.6704698565726],[3.123128173134776,50.670202330872115],[3.123204377135182,50.67018251298817],[3.124087819135604,50.66997074966532],[3.124492853489166,50.66987701701149],[3.126122872618004,50.669506998608604],[3.127513201831115,50.66928796477782],[3.130103365341584,50.668914661258725],[3.130291069652972,50.66887677455684],[3.130444942936102,50.668861357624074],[3.130590367210873,50.66885492319381],[3.131248307268981,50.668826411111034],[3.131128429683518,50.669422847320824],[3.131105501959351,50.66983521774948],[3.132268162519125,50.67030107165234],[3.13445925477944,50.670125525643755],[3.135177132025482,50.67006327621046],[3.135326773631129,50.67004875524497],[3.135514466123587,50.67000637383005],[3.13558632444352,50.66994796574468],[3.135832526715135,50.669611179279755],[3.13605621063822,50.66930313300089],[3.136057557002459,50.66927890224454],[3.136101432974391,50.66931654418526],[3.136864338215104,50.669977972874],[3.136156895381744,50.669981442252414],[3.135650859995713,50.67031492359697],[3.135800269272548,50.67125790552604],[3.136213159715135,50.67198163739845],[3.136777861161984,50.67270250799074],[3.137645615083016,50.67321125932461],[3.137846455892793,50.6733250033809],[3.137969475090077,50.67338319625374],[3.138067107548873,50.67345308308891],[3.136407640699872,50.67495353086116],[3.136980853707693,50.67593372858293],[3.13801472281425,50.67699821302585],[3.138831890351195,50.67782333189885],[3.139018542289013,50.6784153868301],[3.138654661395074,50.67859526706007],[3.138148313580023,50.678840812499686],[3.13810598827789,50.678857012167974],[3.137830811516412,50.67893987552083],[3.137723553391771,50.67896871020536],[3.137459573234302,50.67901476823166],[3.137215328422579,50.679047343388135],[3.134346576891711,50.67999091844387],[3.131826795749965,50.681017511122924],[3.131719572141825,50.68106249306134],[3.13165044282646,50.68109217935288]]],"type":"Polygon"},"properties":{"geo_point_2d":{"lon":3.130121382837468,"lat":50.674957641800454},"year":"2018","reg_code":["32"],"reg_name":["Hauts-de-France"],"dep_code":["59"],"dep_name":["Nord"],"arrdep_code":["595"],"arrdep_name":["Lille"],"ze2020_code":null,"ze2020_name":null,"bv2022_code":["59350"],"bv2022_name":null,"epci_code":["245900410"],"epci_name":["M\u00e9tropole Europ\u00e9enne de Lille"],"ept_code":null,"ept_name":null,"com_code":["59646"],"com_name":["Wasquehal"],"com_arm_code":["59646"],"com_arm_name":["Wasquehal"],"iris_code":["596460202"],"iris_name":["Noir Bonnet"],"iris_name_upper":"NOIR BONNET","iris_name_lower":"noir bonnet","iris_area_code":"FXX","iris_type":"iris d'habitat","iris_grd_quart_code":"5964602","iris_grd_quart_name":"CENTRE -NOIR BONNET","iris_in_ctu":"Non","ze2010_code":["3110"],"ze2010_name":["Roubaix - Tourcoing"]}},{"type":"Feature","geometry":{"coordinates":[[[3.144597408728109,50.69318941937705],[3.14461696959996,50.69311401930301],[3.144608338004198,50.693060188396025],[3.14258404557052,50.691373713498294],[3.140547220842248,50.6897033680752],[3.138673588502174,50.68799780642756],[3.138024894448561,50.687369481712096],[3.13709858224132,50.686457894533305],[3.137194529428311,50.686419202276596],[3.141788849139517,50.68767662782375],[3.141811465547506,50.687681986160975],[3.141835481848171,50.687682856115046],[3.141872191015077,50.68767653272715],[3.141900414574905,50.687666629590446],[3.143673451470477,50.68701445781842],[3.146953931146448,50.68550261197345],[3.147152645318792,50.68534892840374],[3.147152637421828,50.68534623633439],[3.147154057827235,50.68534892673143],[3.147280189980193,50.68549145749183],[3.147477191381933,50.68571646106736],[3.148772543513457,50.68716818885523],[3.149497491808203,50.68821767479947],[3.149599249307911,50.688471504008334],[3.149485221811743,50.688840454170276],[3.148951770763101,50.68901428402887],[3.148793688695149,50.689058443736144],[3.1485537385131,50.6891242376154],[3.147849407143362,50.689316213847334],[3.147904712597488,50.69039903153209],[3.14816481554602,50.69146514659872],[3.149622668405783,50.693244492337534],[3.149782888491497,50.69343902410713],[3.149828248844668,50.69349011832353],[3.149704075244798,50.6935396220966],[3.148575486891612,50.694082077050815],[3.148543075929005,50.694109933566054],[3.148479661339429,50.69416385019114],[3.148441599241004,50.69419171342579],[3.148428910980259,50.69420070205297],[3.148382396167912,50.69423665148891],[3.148347143554223,50.69425912725226],[3.148328809528784,50.694269917300495],[3.148249816999852,50.69431128951498],[3.148242763804971,50.6943148873161],[3.148200439311355,50.694334679425204],[3.148083044987362,50.69428905459205],[3.147408817707742,50.69393360880341],[3.146823374080717,50.69349998502725],[3.146223444432758,50.69318213330095],[3.144789519192976,50.693182016980444],[3.144597408728109,50.69318941937705]]],"type":"Polygon"},"properties":{"geo_point_2d":{"lon":3.144930483726277,"lat":50.68955388622204},"year":"2021","reg_code":["32"],"reg_name":["Hauts-de-France"],"dep_code":["59"],"dep_name":["Nord"],"arrdep_code":["595"],"arrdep_name":["Lille"],"ze2020_code":["3216"],"ze2020_name":["Lille"],"bv2022_code":["59350"],"bv2022_name":null,"epci_code":["200093201"],"epci_name":["M\u00e9tropole Europ\u00e9enne de Lille"],"ept_code":null,"ept_name":null,"com_code":["59646"],"com_name":["Wasquehal"],"com_arm_code":["59646"],"com_arm_name":["Wasquehal"],"iris_code":["596460101"],"iris_name":["L'Allumette"],"iris_name_upper":"L'ALLUMETTE","iris_name_lower":"l'allumette","iris_area_code":"FXX","iris_type":"iris d'habitat","iris_grd_quart_code":"5964601","iris_grd_quart_name":"Capreau","iris_in_ctu":"Non","ze2010_code":null,"ze2010_name":null}},{"type":"Feature","geometry":{"coordinates":[[[3.116033647958664,50.673778026359685],[3.116222423284446,50.67358042753068],[3.116344897840885,50.67341429857403],[3.116571544761766,50.67310718385479],[3.116861612625923,50.672747063777045],[3.116908071555379,50.67268599851469],[3.116909479526678,50.67268420243814],[3.116970018013337,50.67260517637861],[3.117030541658652,50.67251986866101],[3.11707140811558,50.672483037741586],[3.117110866555154,50.672448002886206],[3.117130596801648,50.67243093414027],[3.117255984191444,50.6723051831914],[3.117334934052161,50.672249471323305],[3.117473174668512,50.672185626971604],[3.117828709129654,50.672047094328036],[3.118091127571111,50.671945441622604],[3.118370473563964,50.67183659320541],[3.118538332477035,50.671758361373314],[3.118782362745518,50.67164505879666],[3.118859946640411,50.67160998688864],[3.118971389429961,50.671561421854165],[3.11915050295187,50.671466128210604],[3.119229468579088,50.67141849144984],[3.11936197491957,50.67132055006002],[3.119473388804823,50.67126031866869],[3.119593260117496,50.671193797386216],[3.119725855080485,50.67113354536841],[3.119889516088251,50.67107326323266],[3.120099763304742,50.67100755158654],[3.120962014663706,50.67078057582051],[3.121042452364238,50.67075896040246],[3.122061321723268,50.67048426316294],[3.122110709961179,50.6704698565726],[3.123128173134776,50.670202330872115],[3.123204377135182,50.67018251298817],[3.123753354018997,50.67005095002496],[3.123950925317491,50.67000229459099],[3.124087819135604,50.66997074966532],[3.124492853489166,50.66987701701149],[3.124776521859969,50.66981301849844],[3.125031997297341,50.66976879006383],[3.125142107470765,50.66975611589343],[3.125475266283258,50.6697198846989],[3.125591004299412,50.669699128025506],[3.125641814053512,50.669689205476615],[3.125685549961727,50.669673905781835],[3.125751858683258,50.669650506806676],[3.125852036685053,50.66961899707255],[3.125972003751714,50.669595543616474],[3.12598750493196,50.669582964576435],[3.126035431759612,50.66954971290092],[3.126210313327535,50.66946428425203],[3.126357066089064,50.66942375297873],[3.126498174899084,50.669385022036636],[3.126695781696102,50.669352514998614],[3.126869378715525,50.669318237401505],[3.127213747931099,50.66924968436591],[3.127318260558321,50.66925765374273],[3.127513201831115,50.66928796477782],[3.12871689582173,50.669529016382576],[3.128824258738319,50.669546852721176],[3.128880755135191,50.66955217841443],[3.128927346342317,50.66954943793739],[3.129103771262655,50.66951694905406],[3.129134698099742,50.66946307409033],[3.129260128893903,50.66936871871119],[3.129367258003789,50.669295919385185],[3.12953640603679,50.66917998103752],[3.129729567427997,50.669067606892625],[3.129893165545818,50.66899026120121],[3.130103365341584,50.668914661258725],[3.130291069652972,50.66887677455684],[3.130444942936102,50.668861357624074],[3.130590367210873,50.66885492319381],[3.130793680595145,50.66884663290575],[3.131172068628374,50.668830978527765],[3.131248307268981,50.668826411111034],[3.131118344782826,50.66934613192257],[3.131180503506888,50.669356834880126],[3.131138514615043,50.66949956270948],[3.131105501959351,50.66983521774948],[3.131355629017972,50.66990764134932],[3.13159016748193,50.66995854383304],[3.131676322938441,50.66996563159813],[3.131770915529263,50.66995924965854],[3.131859807917088,50.669933131339185],[3.131940572250364,50.67003803904108],[3.132189625124595,50.67023788998104],[3.132346700111428,50.67036425326803],[3.132375005769801,50.67038845235634],[3.132399068086966,50.67040996382122],[3.132933719453256,50.670209277363014],[3.13313551157391,50.670157910673126],[3.13338956931819,50.670113666590396],[3.133676307620761,50.6701456641026],[3.133865528856962,50.670146357765525],[3.133994100107745,50.67017314056901],[3.134332994904384,50.67017097988297],[3.13458551442576,50.67008007127315],[3.134821305104061,50.670069944472374],[3.134838247637787,50.670069028707786],[3.135003439119884,50.670060772914674],[3.135177132025482,50.67006327621046],[3.135326773631129,50.67004875524497],[3.135514466123587,50.67000637383005],[3.13558632444352,50.66994796574468],[3.135639684952394,50.66983752976455],[3.135753737492459,50.669717156264795],[3.135832526715135,50.669611179279755],[3.13605621063822,50.66930313300089],[3.136057557002459,50.66927890224454],[3.136101432974391,50.66931654418526],[3.136864338215104,50.669977972874],[3.136156895381744,50.669981442252414],[3.135677643522317,50.67029784414404],[3.135650859995713,50.67031492359697],[3.135800269272548,50.67125790552604],[3.135954473961299,50.671362730137886],[3.13604784630032,50.671426341777845],[3.136079136759213,50.67150886628166],[3.136099071934634,50.6715698661394],[3.136121914171159,50.671661373644696],[3.136140444637967,50.67172506715364],[3.136164618789928,50.67178695971444],[3.136213159715135,50.67198163739845],[3.136277241846225,50.67217899009487],[3.136341256209187,50.67235121622706],[3.136419321737877,50.67249740293793],[3.136485846423239,50.67255386460475],[3.136542415391833,50.67258431325577],[3.136573548626227,50.67260850820408],[3.136635805410786,50.67265330858014],[3.136706491215318,50.67268194687585],[3.136784203618326,50.67269801412774],[3.13684923116714,50.672723069064006],[3.136931209527282,50.6727499000395],[3.137001927488143,50.67279020401814],[3.137059879778441,50.67280988238474],[3.137147560979397,50.67285644919785],[3.137211250373455,50.672908426696836],[3.137272073844966,50.672945151934265],[3.137344165215385,50.672971096175104],[3.137403527552368,50.67298987544212],[3.137484040390449,50.672996965394184],[3.137540529291817,50.67299780025666],[3.137567466142866,50.673036357600324],[3.137584542498308,50.67308389961209],[3.137588924166555,50.67313683992943],[3.137645615083016,50.67321125932461],[3.137688009644028,50.673221980863424],[3.137730401759983,50.67323180501479],[3.137761526114009,50.67325241015083],[3.137795506867673,50.673284677992775],[3.137846455892793,50.6733250033809],[3.137969475090077,50.67338319625374],[3.138067107548873,50.67345308308891],[3.138113800677899,50.67348623408439],[3.13778751172668,50.67397297352633],[3.137563881581139,50.67430435243791],[3.137487881081758,50.674398660828594],[3.137434355107716,50.674448972982496],[3.137328675745418,50.67453523771137],[3.137234212679626,50.67459187661906],[3.137122829886357,50.67465840523201],[3.136995875739418,50.674711490302094],[3.136877399484695,50.67476636064693],[3.136837899184563,50.67478165949977],[3.136781493906496,50.674812232297484],[3.136706756684934,50.67485269634434],[3.136582638249448,50.67491026472278],[3.136407640699872,50.67495353086116],[3.136180417596928,50.67500672509916],[3.136087245306417,50.675019390394674],[3.136221776331739,50.675155643699824],[3.136980853707693,50.67593372858293],[3.137499188273222,50.676463502764555],[3.137799434908653,50.67677186583521],[3.137841921263584,50.676814892515736],[3.138187525627667,50.677181533245594],[3.138831890351195,50.67782333189885],[3.139018542289013,50.6784153868301],[3.138654661395074,50.67859526706007],[3.13849664272831,50.67865377220781],[3.138148313580023,50.678840812499686],[3.13810598827789,50.678857012167974],[3.137830811516412,50.67893987552083],[3.137723553391771,50.67896871020536],[3.137459573234302,50.67901476823166],[3.137215328422579,50.679047343388135],[3.13682706700559,50.679095331958706],[3.136513626809534,50.6791315713662],[3.136516566239588,50.679173744416566],[3.136498303542797,50.6792096591803],[3.136441893079567,50.67924023162209],[3.136371305509294,50.67925107750953],[3.136314802272204,50.67924755002879],[3.136261096907767,50.679234148411936],[3.136066311269043,50.67927743546871],[3.135703765200315,50.67943487116629],[3.135465321646475,50.67952486802322],[3.135421584977852,50.679541965664676],[3.135327054660709,50.67957796331874],[3.135211372855592,50.67962654705088],[3.134346576891711,50.67999091844387],[3.133146012901667,50.68050191442062],[3.13287372448262,50.68061527391269],[3.132780704817039,50.68068985467126],[3.132718629040243,50.6807159445766],[3.132600119697332,50.68076542617502],[3.132171125018425,50.68090587213437],[3.132133023743278,50.68091847576154],[3.131958025002213,50.680970708872394],[3.131918515957482,50.68098510865739],[3.131826795749965,50.681017511122924],[3.131726629370704,50.68106069085155],[3.131719572141825,50.68106249306134],[3.13165044282646,50.68109217935288],[3.131591188389961,50.68111736832472],[3.131585545891741,50.68112006639368],[3.131567203650018,50.68112726473181],[3.131499484194038,50.68115605207893],[3.131427548642717,50.68119292012978],[3.131361255508592,50.68122709007889],[3.131357023029063,50.68122888928193],[3.131280859479507,50.681269351171125],[3.131228683053099,50.68130081403896],[3.131265579069729,50.68136718005735],[3.131281291551626,50.68143446580108],[3.131278640519361,50.68150087357029],[3.131246300856914,50.681556544316635],[3.131216708476566,50.68158259912843],[3.131181480529619,50.681614044066166],[3.131108134028201,50.681651810759476],[3.131013582579946,50.68168242084914],[3.130897786383064,50.68169061913954],[3.130789017087783,50.681685349465326],[3.130697163954264,50.681667498809674],[3.1306179968293,50.68163976374758],[3.130579794172009,50.68161378032931],[3.130390746634132,50.68169653631546],[3.130277870657528,50.681741522891606],[3.130276460580388,50.681742421733766],[3.130032376920445,50.68184407947818],[3.130022501676987,50.681848576629385],[3.130002751184765,50.681857570929346],[3.12996324320506,50.68187286743518],[3.129903840612003,50.68184152180177],[3.129886873102797,50.68183436062405],[3.129783646454646,50.68178780553604],[3.129654936366708,50.681717945481076],[3.128987468229208,50.68140276778014],[3.128978984613599,50.68139918712669],[3.128857373195364,50.68134277930895],[3.12822811832659,50.68105447868648],[3.127758661587859,50.680841389276715],[3.12737828878306,50.680667690838035],[3.12679428071324,50.68039279678695],[3.126782968150641,50.680387424133045],[3.126399707350287,50.680185907187244],[3.12593724494866,50.679939600967856],[3.125469054653513,50.67966009615545],[3.124944244079028,50.67932770174292],[3.124843811657896,50.67926498696782],[3.124524126623465,50.679065194769805],[3.124500079119554,50.67904996361469],[3.124439235339551,50.679004258806366],[3.124408144041608,50.67899621362601],[3.124391162705023,50.67898277010972],[3.124314741244246,50.678920030840615],[3.124208605580471,50.67883488702499],[3.124367980393744,50.67874678557967],[3.125008283025045,50.67838809323408],[3.125148892064839,50.67813848323879],[3.125128871357709,50.67803889545619],[3.125141215015091,50.67789171450792],[3.125143697155874,50.677754414519484],[3.125232977557194,50.67731102399949],[3.125267870139132,50.677144975380784],[3.125277612684823,50.67708753386969],[3.12529710219126,50.67697444556663],[3.125347210935919,50.67668095486608],[3.125362532848161,50.67659568918465],[3.125372284148072,50.676541837093794],[3.125390405823802,50.676446697485],[3.125409986789179,50.67637040118187],[3.125443665557631,50.67628421955273],[3.125492874487903,50.676196227478265],[3.125561888416339,50.676121675935555],[3.125646450342506,50.676052492856094],[3.125759259193523,50.675984178500705],[3.125852343596065,50.675934728820124],[3.125877739224762,50.675924832008796],[3.126042802677125,50.67585736181164],[3.126073842685874,50.67584566449013],[3.12610629041056,50.67583217098836],[3.126148612522547,50.675814180594784],[3.126289687515767,50.67575481075515],[3.126313670728416,50.67574491528729],[3.12635034825915,50.675728725304],[3.126378563640762,50.675717030775935],[3.12645897751928,50.67568374620318],[3.127068329839064,50.67539327335661],[3.127484440282564,50.67519721993341],[3.127554967038094,50.67516394476687],[3.127669224613196,50.675111779807466],[3.128343471969218,50.674800594170684],[3.128674950584125,50.674647697889164],[3.128899224202354,50.67454337011619],[3.128981035197844,50.67450559553171],[3.129232104691226,50.67438777871054],[3.129705961469394,50.67413871239172],[3.129563019435881,50.67401861335689],[3.12950925893466,50.67398097967402],[3.129455426742232,50.673915527431234],[3.12939317711695,50.6738716209142],[3.12932809397952,50.67382412781376],[3.129265816837183,50.67376945275947],[3.129190839439034,50.6737183803734],[3.12911585988438,50.67366641056578],[3.129038053819954,50.67361354626933],[3.129026737930444,50.673606379020356],[3.128963074580199,50.67356157636138],[3.128885266534296,50.67350781458836],[3.12880887313293,50.67345494867119],[3.128728243374415,50.67340208709178],[3.128650435827435,50.67334832515894],[3.12857263074659,50.67329546054603],[3.128504727094568,50.673248867268924],[3.128442483722376,50.673206754978175],[3.128385900599088,50.673169123683145],[3.12833215336635,50.673135976309254],[3.128237380051193,50.6730741552374],[3.128197772985399,50.67304817221254],[3.12815959875069,50.67303026407741],[3.128093160690747,50.67300430868769],[3.128035172766583,50.6729693707975],[3.127864017786842,50.6728582724327],[3.127755089744666,50.672783004893326],[3.127449307470958,50.67248539000731],[3.127326074969389,50.6723374492233],[3.127207093259937,50.67219488819427],[3.12716448803459,50.67209980985913],[3.127151583251277,50.67202264864763],[3.127166989368941,50.671972379767865],[3.127025751128444,50.67196265308538],[3.126328029014306,50.671912213899354],[3.126103470891218,50.671900776094304],[3.12560633130405,50.671873460934734],[3.125520186897994,50.671871753230356],[3.125465136276051,50.671880782600056],[3.125400218663428,50.67189700092048],[3.123970918816734,50.67237942910622],[3.12381009160052,50.67244330318305],[3.12315865215689,50.671689256617206],[3.123145846134627,50.67164978470388],[3.123045248688995,50.67151258560166],[3.12300279930932,50.6714776299026],[3.122984404376556,50.67146239269037],[3.122916686445864,50.671488483648844],[3.122863076459006,50.67150917635471],[3.122624689206261,50.6716161997671],[3.122287576796811,50.67177447040881],[3.122121188219718,50.671874242915344],[3.121832156957206,50.67206207843036],[3.121792678158525,50.67208724368364],[3.121496653263383,50.672303801260256],[3.120955344669877,50.672700072284925],[3.11985013274619,50.67350339682707],[3.119761322023695,50.67356899081701],[3.119314449089879,50.67390055191961],[3.119187578207633,50.67399579534808],[3.118991728611,50.67418353422977],[3.118932626998829,50.67427243082691],[3.118929830254769,50.67428409936354],[3.118911654576687,50.67436129090283],[3.118862265841563,50.67437749088147],[3.118853845779882,50.674399933277506],[3.118818744754188,50.67448611471268],[3.118735395018565,50.67447363115212],[3.118667594411336,50.674467414302704],[3.118539026700277,50.67444330792661],[3.118441506365771,50.674410198091486],[3.118367985099618,50.67437347582541],[3.118276079966483,50.67432600252826],[3.118191271929918,50.674293777764724],[3.118082462985504,50.6742642678728],[3.117948217757621,50.674227603039554],[3.117651505047962,50.67416327339614],[3.117270007011,50.674075691355974],[3.117116044571532,50.67406147857335],[3.116895623518475,50.674010535796306],[3.116733119352505,50.67396671722459],[3.116218795744287,50.673843361666805],[3.116033647958664,50.673778026359685]]],"type":"Polygon"},"properties":{"geo_point_2d":{"lon":3.1300650267274746,"lat":50.67497499120354},"year":"2023","reg_code":["32"],"reg_name":["Hauts-de-France"],"dep_code":["59"],"dep_name":["Nord"],"arrdep_code":["595"],"arrdep_name":["Lille"],"ze2020_code":["3216"],"ze2020_name":["Lille"],"bv2022_code":["59350"],"bv2022_name":["Lille"],"epci_code":["200093201"],"epci_name":["M\u00e9tropole Europ\u00e9enne de Lille"],"ept_code":null,"ept_name":null,"com_code":["59646"],"com_name":["Wasquehal"],"com_arm_code":["59646"],"com_arm_name":["Wasquehal"],"iris_code":["596460202"],"iris_name":["Noir Bonnet"],"iris_name_upper":"NOIR BONNET","iris_name_lower":"noir bonnet","iris_area_code":"FXX","iris_type":"iris d'habitat","iris_grd_quart_code":"5964602","iris_grd_quart_name":"Centre-Noir Bonnet","iris_in_ctu":"Non","ze2010_code":null,"ze2010_name":null}},{"type":"Feature","geometry":{"coordinates":[[[3.13165044282646,50.68109217935288],[3.131867099722984,50.68130552248736],[3.134209370600855,50.683609238561004],[3.136097235935816,50.68547100326323],[3.13709858224132,50.686457894533305],[3.138024894448561,50.687369481712096],[3.138673588502174,50.68799780642756],[3.140547220842248,50.6897033680752],[3.142583339231392,50.69137371430847],[3.144608338004198,50.693060188396025],[3.14461696959996,50.69311401930301],[3.144597408728109,50.69318941937705],[3.144593170540108,50.693189424306695],[3.14425133133183,50.693204179024036],[3.14367361996018,50.693238049957245],[3.14356348603868,50.69325881621842],[3.143380025924291,50.69332722646245],[3.142791697892657,50.69360249229756],[3.142627817381074,50.69360178307907],[3.142622031177135,50.6935542302505],[3.14259786918078,50.69350310910389],[3.142546798925655,50.693428687742305],[3.141814830578633,50.69236975535228],[3.141266354163608,50.691745823934355],[3.139437816647575,50.69105333854424],[3.139268144341252,50.69099879029261],[3.139143749915347,50.690970214336396],[3.138954345640367,50.69093184007031],[3.138731050108411,50.690897990101796],[3.138625070473846,50.69088734010955],[3.136774044104818,50.690729661888874],[3.132396254413691,50.69075145132914],[3.131952696746915,50.691295718059095],[3.131842871233155,50.691434026672866],[3.13171626492664,50.691637859555385],[3.131588313171288,50.69186771683534],[3.131381723940354,50.691739614213276],[3.128119575800916,50.689433234667845],[3.126414121560126,50.688709021255136],[3.126231979236254,50.688742408480316],[3.12610066791241,50.68876677033495],[3.125799924755214,50.688823608401115],[3.121903286085306,50.68971497384083],[3.119296926477287,50.690289116254874],[3.1155192338264,50.688948449160854],[3.113999634386944,50.68786943686957],[3.11369203976736,50.686776738633085],[3.114049663122745,50.68564304811954],[3.113105019096841,50.68453746733458],[3.111884996398567,50.68406925213075],[3.111523093981892,50.683930486477315],[3.109991364849826,50.68300846656583],[3.109788871314105,50.682128332895125],[3.11046724494181,50.681673665857566],[3.111009831245732,50.68177368714324],[3.111602739521179,50.68163675684887],[3.11194154050849,50.68155748412706],[3.11228612057704,50.68153653391405],[3.114515998243473,50.681400792017925],[3.114925361442446,50.681299011982],[3.115173683453938,50.68118571418518],[3.118304978616666,50.67939522027218],[3.119871954702265,50.678499940576],[3.11993809760252,50.67840116624827],[3.120002692711292,50.678245859148696],[3.120043820029423,50.676546201235425],[3.119924218440228,50.676139807605985],[3.118962929931344,50.674545203414574],[3.118888008639161,50.67451386704447],[3.118818744754188,50.67448611471268],[3.118853845779882,50.674399933277506],[3.118911654576687,50.67436129090283],[3.118929830254769,50.67428409936354],[3.118969452645936,50.67431816164027],[3.119991171772786,50.67520019449408],[3.12087567714436,50.675973769410824],[3.121753157165436,50.676750933532425],[3.122328185098058,50.67742608853682],[3.122339509644564,50.67743684582507],[3.122822147166052,50.67786441495803],[3.123309014406748,50.678285696175514],[3.123376944324217,50.67834216297136],[3.124088750984013,50.67891307775439],[3.124208605580471,50.67883488702499],[3.124314741244246,50.678920030840615],[3.124524126623465,50.679065194769805],[3.125469054653513,50.67966009615545],[3.12593724494866,50.679939600967856],[3.126399707350287,50.680185907187244],[3.126782968150641,50.680387424133045],[3.12679428071324,50.68039279678695],[3.12737828878306,50.680667690838035],[3.129654936366708,50.681717945481076],[3.130155126242548,50.681793698609034],[3.130897786383064,50.68169061913954],[3.131265579069729,50.68136718005735],[3.131591188389961,50.68111736832472],[3.13165044282646,50.68109217935288]]],"type":"Polygon"},"properties":{"geo_point_2d":{"lon":3.1252186548301455,"lat":50.685221578312934},"year":"2019","reg_code":["32"],"reg_name":["Hauts-de-France"],"dep_code":["59"],"dep_name":["Nord"],"arrdep_code":["595"],"arrdep_name":["Lille"],"ze2020_code":null,"ze2020_name":null,"bv2022_code":["59350"],"bv2022_name":null,"epci_code":["245900410"],"epci_name":["M\u00e9tropole Europ\u00e9enne de Lille"],"ept_code":null,"ept_name":null,"com_code":["59646"],"com_name":["Wasquehal"],"com_arm_code":["59646"],"com_arm_name":["Wasquehal"],"iris_code":["596460102"],"iris_name":["Le vivier"],"iris_name_upper":"LE VIVIER","iris_name_lower":"le vivier","iris_area_code":"FXX","iris_type":"iris d'habitat","iris_grd_quart_code":"5964601","iris_grd_quart_name":"CAPREAU","iris_in_ctu":"Non","ze2010_code":["3110"],"ze2010_name":["Roubaix - Tourcoing"]}},{"type":"Feature","geometry":{"coordinates":[[[3.130319038468312,50.66387831304034],[3.130262305837933,50.66377957011989],[3.130205596479587,50.66368971127791],[3.12954034359335,50.662992507582],[3.128584671486568,50.6620130123835],[3.127891943868193,50.65888236622126],[3.127955118663918,50.658743204995666],[3.131283276658924,50.657796659388374],[3.131900209462625,50.65860384129456],[3.132517021168106,50.65941110905943],[3.133133993657017,50.66021828290373],[3.133750844808005,50.66102545286832],[3.133824389076982,50.66128570697522],[3.134074102279846,50.66216900877156],[3.134323682844173,50.663052219320996],[3.134573413624104,50.6639355177956],[3.134823011760546,50.664818725023565],[3.135072759877854,50.66570193043711],[3.135322375829776,50.66658522408093],[3.135572141526921,50.66746842617095],[3.135821775055533,50.6683517164911],[3.136071558334353,50.669234915256624],[3.135962550930731,50.669548938349195],[3.135686751642315,50.67001067271505],[3.135559979853555,50.670127470458496],[3.132482568468273,50.670480767782756],[3.13178948933721,50.670041788906694],[3.131429889173663,50.669740111717374],[3.131152215236373,50.66917676043258],[3.130580520259727,50.66886929165045],[3.130275443968472,50.66884089569706],[3.130089954370693,50.6686436661295],[3.129990716483978,50.66849121511017],[3.129962221680085,50.66833860026281],[3.129961826597043,50.66818604572367],[3.130333226065329,50.66395906306599],[3.130319038468312,50.66387831304034]]],"type":"Polygon"},"properties":{"geo_point_2d":{"lon":3.132063227601724,"lat":50.664373286382485},"year":"2015","reg_code":["31"],"reg_name":["Nord-Pas-de-Calais"],"dep_code":["59"],"dep_name":["Nord"],"arrdep_code":["595"],"arrdep_name":["Lille"],"ze2020_code":null,"ze2020_name":null,"bv2022_code":["59350"],"bv2022_name":null,"epci_code":["245900410"],"epci_name":["M\u00e9tropole Europ\u00e9enne de Lille"],"ept_code":null,"ept_name":null,"com_code":["59646"],"com_name":["Wasquehal"],"com_arm_code":["59646"],"com_arm_name":["Wasquehal"],"iris_code":["596460301"],"iris_name":["Pharos-Haut Vinage"],"iris_name_upper":"PHAROS-HAUT VINAGE","iris_name_lower":"pharos-haut vinage","iris_area_code":"FXX","iris_type":"iris d'habitat","iris_grd_quart_code":"5964603","iris_grd_quart_name":"PHAROS- HAUT VINAGE","iris_in_ctu":"Non","ze2010_code":["3110"],"ze2010_name":null}},{"type":"Feature","geometry":{"coordinates":[[[3.13165044282646,50.68109217935288],[3.131591188389961,50.68111736832472],[3.131265579069729,50.68136718005735],[3.130897786383064,50.68169061913954],[3.130154418874067,50.68179325066782],[3.129654936366708,50.681717945481076],[3.12737828878306,50.680667690838035],[3.12679428071324,50.68039279678695],[3.126782968150641,50.680387424133045],[3.126399707350287,50.680185907187244],[3.12593724494866,50.679939600967856],[3.125469054653513,50.67966009615545],[3.124524126623465,50.679065194769805],[3.124314741244246,50.678920030840615],[3.124208605580471,50.67883488702499],[3.124367980393744,50.67874678557967],[3.125008283025045,50.67838809323408],[3.125148892064839,50.67813848323879],[3.127068329839064,50.67539327335661],[3.128674950584125,50.674647697889164],[3.128981035197844,50.67450559553171],[3.129232104691226,50.67438777871054],[3.129705961469394,50.67413871239172],[3.12939317711695,50.6738716209142],[3.12718579062708,50.6721473490302],[3.125400218663428,50.67189700092048],[3.123095547343048,50.67158118516646],[3.121496653263383,50.672303801260256],[3.11985013274619,50.67350339682707],[3.119761322023695,50.67356899081701],[3.119314449089879,50.67390055191961],[3.119187578207633,50.67399579534808],[3.118991728611,50.67418353422977],[3.118932626998829,50.67427243082691],[3.118929830254769,50.67428409936354],[3.118911654576687,50.67436129090283],[3.118853845779882,50.674399933277506],[3.118818744754188,50.67448611471268],[3.118735395018565,50.67447363115212],[3.116218795744287,50.673843361666805],[3.116033647958664,50.673778026359685],[3.116222423284446,50.67358042753068],[3.117473174668512,50.672185626971604],[3.119593260117496,50.671193797386216],[3.119725855080485,50.67113354536841],[3.119889516088251,50.67107326323266],[3.120099763304742,50.67100755158654],[3.122110709961179,50.6704698565726],[3.123128173134776,50.670202330872115],[3.123204377135182,50.67018251298817],[3.124087819135604,50.66997074966532],[3.124492853489166,50.66987701701149],[3.126122872618004,50.669506998608604],[3.127513201831115,50.66928796477782],[3.130103365341584,50.668914661258725],[3.130291069652972,50.66887677455684],[3.130444942936102,50.668861357624074],[3.130590367210873,50.66885492319381],[3.131248307268981,50.668826411111034],[3.131128429683518,50.669422847320824],[3.131105501959351,50.66983521774948],[3.132268162519126,50.67030107165234],[3.13445925477944,50.670125525643755],[3.135177132025482,50.67006327621046],[3.135326773631129,50.67004875524497],[3.135514466123587,50.67000637383005],[3.13558632444352,50.66994796574468],[3.135832526715135,50.669611179279755],[3.13605621063822,50.66930313300089],[3.136057557002459,50.66927890224454],[3.136101432974391,50.66931654418526],[3.136864338215104,50.669977972874],[3.136156895381744,50.669981442252414],[3.135650859995713,50.67031492359697],[3.135800269272548,50.67125790552604],[3.136213159715135,50.67198163739845],[3.136777861161984,50.67270250799074],[3.137645615083016,50.67321125932461],[3.137846455892793,50.6733250033809],[3.137969475090077,50.67338319625374],[3.138067107548873,50.67345308308891],[3.136407640699872,50.67495353086116],[3.136980853707693,50.67593372858293],[3.13801472281425,50.67699821302585],[3.138831890351195,50.67782333189885],[3.139017976866318,50.67841520798887],[3.138654661395074,50.67859526706007],[3.138148313580023,50.678840812499686],[3.13810598827789,50.678857012167974],[3.137830811516412,50.67893987552083],[3.137723553391771,50.67896871020536],[3.137459573234302,50.67901476823166],[3.137215328422579,50.679047343388135],[3.134346576891711,50.67999091844387],[3.131826795749965,50.681017511122924],[3.131719572141825,50.68106249306134],[3.13165044282646,50.68109217935288]]],"type":"Polygon"},"properties":{"geo_point_2d":{"lon":3.1301213675192208,"lat":50.67495763597467},"year":"2016","reg_code":["32"],"reg_name":["Nord-Pas-de-Calais-Picardie"],"dep_code":["59"],"dep_name":["Nord"],"arrdep_code":["595"],"arrdep_name":["Lille"],"ze2020_code":null,"ze2020_name":null,"bv2022_code":["59350"],"bv2022_name":null,"epci_code":["245900410"],"epci_name":["M\u00e9tropole Europ\u00e9enne de Lille"],"ept_code":null,"ept_name":null,"com_code":["59646"],"com_name":["Wasquehal"],"com_arm_code":["59646"],"com_arm_name":["Wasquehal"],"iris_code":["596460202"],"iris_name":["Noir Bonnet"],"iris_name_upper":"NOIR BONNET","iris_name_lower":"noir bonnet","iris_area_code":"FXX","iris_type":"iris d'habitat","iris_grd_quart_code":"5964602","iris_grd_quart_name":"CENTRE -NOIR BONNET","iris_in_ctu":"Non","ze2010_code":["3110"],"ze2010_name":null}},{"type":"Feature","geometry":{"coordinates":[[[3.13165044282646,50.68109217935288],[3.131591188389961,50.68111736832472],[3.131265579069729,50.68136718005735],[3.130897786383064,50.68169061913954],[3.130154418874067,50.68179325066782],[3.129654936366708,50.681717945481076],[3.12737828878306,50.680667690838035],[3.12679428071324,50.68039279678695],[3.126782968150641,50.680387424133045],[3.126399707350287,50.680185907187244],[3.12593724494866,50.679939600967856],[3.125469054653513,50.67966009615545],[3.124524126623465,50.679065194769805],[3.124314741244246,50.678920030840615],[3.124208605580471,50.67883488702499],[3.124367980393744,50.67874678557967],[3.125008283025045,50.67838809323408],[3.125148892064839,50.67813848323879],[3.127068329839064,50.67539327335661],[3.128674950584125,50.674647697889164],[3.128981035197844,50.67450559553171],[3.129232104691226,50.67438777871054],[3.129705961469394,50.67413871239172],[3.12939317711695,50.6738716209142],[3.12718579062708,50.6721473490302],[3.125400218663428,50.67189700092048],[3.123095547343048,50.67158118516646],[3.121496653263383,50.672303801260256],[3.11985013274619,50.67350339682707],[3.119761322023695,50.67356899081701],[3.119314449089879,50.67390055191961],[3.119187578207633,50.67399579534808],[3.118991728611,50.67418353422977],[3.118932626998829,50.67427243082691],[3.118929830254769,50.67428409936354],[3.118911654576687,50.67436129090283],[3.118853845779882,50.674399933277506],[3.118818744754188,50.67448611471268],[3.118735395018565,50.67447363115212],[3.116218795744287,50.673843361666805],[3.116033647958664,50.673778026359685],[3.116222423284446,50.67358042753068],[3.117473174668512,50.672185626971604],[3.119593260117496,50.671193797386216],[3.119725855080485,50.67113354536841],[3.119889516088251,50.67107326323266],[3.120099763304742,50.67100755158654],[3.122110709961179,50.6704698565726],[3.123128173134776,50.670202330872115],[3.123204377135182,50.67018251298817],[3.124087819135604,50.66997074966532],[3.124492853489166,50.66987701701149],[3.126122872618004,50.669506998608604],[3.127513201831115,50.66928796477782],[3.130103365341584,50.668914661258725],[3.130291069652972,50.66887677455684],[3.130444942936102,50.668861357624074],[3.130590367210873,50.66885492319381],[3.131248307268981,50.668826411111034],[3.131128429683518,50.669422847320824],[3.131105501959351,50.66983521774948],[3.132268162519126,50.67030107165234],[3.13445925477944,50.670125525643755],[3.135177132025482,50.67006327621046],[3.135326773631129,50.67004875524497],[3.135514466123587,50.67000637383005],[3.13558632444352,50.66994796574468],[3.135832526715135,50.669611179279755],[3.13605621063822,50.66930313300089],[3.136057557002459,50.66927890224454],[3.136101432974391,50.66931654418526],[3.136864338215104,50.669977972874],[3.136156895381744,50.669981442252414],[3.135650859995713,50.67031492359697],[3.135800269272548,50.67125790552604],[3.136213159715135,50.67198163739845],[3.136777861161984,50.67270250799074],[3.137645615083016,50.67321125932461],[3.137846455892793,50.6733250033809],[3.137969475090077,50.67338319625374],[3.138067107548873,50.67345308308891],[3.136407640699872,50.67495353086116],[3.136980853707693,50.67593372858293],[3.13801472281425,50.67699821302585],[3.138831890351195,50.67782333189885],[3.139018542289013,50.6784153868301],[3.138654661395074,50.67859526706007],[3.138148313580023,50.678840812499686],[3.13810598827789,50.678857012167974],[3.137830811516412,50.67893987552083],[3.137723553391771,50.67896871020536],[3.137459573234302,50.67901476823166],[3.137215328422579,50.679047343388135],[3.134346576891711,50.67999091844387],[3.131826795749965,50.681017511122924],[3.131719572141825,50.68106249306134],[3.13165044282646,50.68109217935288]]],"type":"Polygon"},"properties":{"geo_point_2d":{"lon":3.130121382837466,"lat":50.674957641800454},"year":"2017","reg_code":["32"],"reg_name":["Hauts-de-France"],"dep_code":["59"],"dep_name":["Nord"],"arrdep_code":["595"],"arrdep_name":["Lille"],"ze2020_code":null,"ze2020_name":null,"bv2022_code":["59350"],"bv2022_name":null,"epci_code":["245900410"],"epci_name":["M\u00e9tropole Europ\u00e9enne de Lille"],"ept_code":null,"ept_name":null,"com_code":["59646"],"com_name":["Wasquehal"],"com_arm_code":["59646"],"com_arm_name":["Wasquehal"],"iris_code":["596460202"],"iris_name":["Noir Bonnet"],"iris_name_upper":"NOIR BONNET","iris_name_lower":"noir bonnet","iris_area_code":"FXX","iris_type":"iris d'habitat","iris_grd_quart_code":"5964602","iris_grd_quart_name":"CENTRE -NOIR BONNET","iris_in_ctu":"Non","ze2010_code":["3110"],"ze2010_name":null}},{"type":"Feature","geometry":{"coordinates":[[[3.127955118663919,50.658743204988646],[3.128339378440486,50.65939700903227],[3.128379029894572,50.65944452993404],[3.128540446243237,50.659629226112315],[3.128725758346473,50.65977261717838],[3.128912273559293,50.659834343905395],[3.129152388860876,50.659877169374916],[3.129364109112103,50.659858103818166],[3.131001160179707,50.66015701494698],[3.132451858831022,50.66071859048557],[3.134251302312757,50.66180384867164],[3.135930515501825,50.663560906333934],[3.135954588224243,50.6635869042575],[3.136059370221361,50.663698065702576],[3.136289413878546,50.66418240305032],[3.138000373025872,50.66741648648954],[3.13748866859193,50.668264407481466],[3.13636916057375,50.66910895563878],[3.136267568395049,50.66913688591124],[3.136057557002459,50.66927890224454],[3.13605621063822,50.66930313300089],[3.135832526715135,50.669611179279755],[3.13558632444352,50.66994796574468],[3.135514466123587,50.67000637383005],[3.135326773631129,50.67004875524497],[3.135177132025482,50.67006327621046],[3.13445925477944,50.670125525643755],[3.132268162519125,50.67030107165234],[3.131105501959351,50.66983521774948],[3.131128429683518,50.669422847320824],[3.131248307268981,50.668826411111034],[3.130590367210873,50.66885492319381],[3.130444942936102,50.668861357624074],[3.130291069652972,50.66887677455684],[3.130111251287297,50.668688512899344],[3.130652092381823,50.66761467620977],[3.130992834133695,50.66508100057213],[3.130693820245694,50.66466088985366],[3.130335105431516,50.664084695370626],[3.130254193330733,50.6639178661044],[3.130248489813026,50.66389633477473],[3.130239939203208,50.66386583254948],[3.128407642602818,50.66179925758299],[3.127839966869909,50.65898382529125],[3.127901885673207,50.658905688236075],[3.127904700055741,50.65890209576024],[3.127944041893825,50.658828468891606],[3.127955118663919,50.658743204988646]]],"type":"Polygon"},"properties":{"geo_point_2d":{"lon":3.1330456224411702,"lat":50.66523832535294},"year":"2018","reg_code":["32"],"reg_name":["Hauts-de-France"],"dep_code":["59"],"dep_name":["Nord"],"arrdep_code":["595"],"arrdep_name":["Lille"],"ze2020_code":null,"ze2020_name":null,"bv2022_code":["59350"],"bv2022_name":null,"epci_code":["245900410"],"epci_name":["M\u00e9tropole Europ\u00e9enne de Lille"],"ept_code":null,"ept_name":null,"com_code":["59646"],"com_name":["Wasquehal"],"com_arm_code":["59646"],"com_arm_name":["Wasquehal"],"iris_code":["596460301"],"iris_name":["Pharos-Haut Vinage"],"iris_name_upper":"PHAROS-HAUT VINAGE","iris_name_lower":"pharos-haut vinage","iris_area_code":"FXX","iris_type":"iris d'habitat","iris_grd_quart_code":"5964603","iris_grd_quart_name":"PHAROS- HAUT VINAGE","iris_in_ctu":"Non","ze2010_code":["3110"],"ze2010_name":["Roubaix - Tourcoing"]}},{"type":"Feature","geometry":{"coordinates":[[[3.13165044282646,50.68109217935288],[3.131867099722984,50.68130552248736],[3.134209370600855,50.683609238561004],[3.136097235935816,50.68547100326323],[3.13709858224132,50.686457894533305],[3.138024894448561,50.687369481712096],[3.138673588502174,50.68799780642756],[3.140547220842248,50.6897033680752],[3.14258404557052,50.691373713498294],[3.144608338004198,50.693060188396025],[3.14461696959996,50.69311401930301],[3.144597408728109,50.69318941937705],[3.144593170540108,50.693189424306695],[3.14425133133183,50.693204179024036],[3.14367361996018,50.693238049957245],[3.14356348603868,50.69325881621842],[3.143380025924291,50.69332722646245],[3.142791697892657,50.69360249229756],[3.142627817381074,50.69360178307907],[3.142622031177135,50.6935542302505],[3.14259786918078,50.69350310910389],[3.142546798925655,50.693428687742305],[3.141814830578633,50.69236975535228],[3.141266354163608,50.691745823934355],[3.139437816647575,50.69105333854424],[3.139268144341252,50.69099879029261],[3.139143749915347,50.690970214336396],[3.138954345640367,50.69093184007031],[3.138731050108411,50.690897990101796],[3.138625070473846,50.69088734010955],[3.136774397269895,50.69072966150027],[3.132396254413691,50.69075145132914],[3.131952696746915,50.691295718059095],[3.131842871233155,50.691434026672866],[3.13171626492664,50.691637859555385],[3.131588313171288,50.69186771683534],[3.131381723940354,50.691739614213276],[3.128119575800916,50.689433234667845],[3.126414121560126,50.688709021255136],[3.126231979236254,50.688742408480316],[3.12610066791241,50.68876677033495],[3.125799924755214,50.688823608401115],[3.121903285540096,50.68971474950307],[3.119296926477287,50.690289116254874],[3.1155192338264,50.688948449160854],[3.113999513160935,50.68786978599944],[3.11369203976736,50.686776738633085],[3.114049381570887,50.68564275226791],[3.113105019096841,50.68453746733458],[3.111884996398567,50.68406925213075],[3.111523093981892,50.683930486477315],[3.109991364849826,50.68300846656583],[3.109789577523531,50.68212833227128],[3.11046724494181,50.681673665857566],[3.111009831245732,50.68177368714324],[3.111602739521179,50.68163675684887],[3.11194154050849,50.68155748412706],[3.11228612057704,50.68153653391405],[3.114515998243473,50.681400792017925],[3.114925361442446,50.681299011982],[3.115173683453938,50.68118571418518],[3.118304978616666,50.67939522027218],[3.119871954702265,50.678499940576],[3.11993809760252,50.67840116624827],[3.120002692711292,50.678245859148696],[3.120043820029423,50.676546201235425],[3.119924218440228,50.676139807605985],[3.118962929931344,50.674545203414574],[3.118888008639161,50.67451386704447],[3.118818744754188,50.67448611471268],[3.118853845779882,50.674399933277506],[3.118911654576687,50.67436129090283],[3.118929830254769,50.67428409936354],[3.118969452645936,50.67431816164027],[3.119991171772786,50.67520019449408],[3.12087567714436,50.675973769410824],[3.121753157165436,50.676750933532425],[3.122328185098058,50.67742608853682],[3.122339509644564,50.67743684582507],[3.122822147166052,50.67786441495803],[3.123309014406748,50.678285696175514],[3.123376944324217,50.67834216297136],[3.124088750984013,50.67891307775439],[3.124208605580471,50.67883488702499],[3.124314741244246,50.678920030840615],[3.124524126623465,50.679065194769805],[3.125469054653513,50.67966009615545],[3.12593724494866,50.679939600967856],[3.126399707350287,50.680185907187244],[3.126782968150641,50.680387424133045],[3.12679428071324,50.68039279678695],[3.12737828878306,50.680667690838035],[3.129654936366708,50.681717945481076],[3.130154418874067,50.68179325066782],[3.130897786383064,50.68169061913954],[3.131265579069729,50.68136718005735],[3.131591188389961,50.68111736832472],[3.13165044282646,50.68109217935288]]],"type":"Polygon"},"properties":{"geo_point_2d":{"lon":3.1252187527263486,"lat":50.685221602363185},"year":"2022","reg_code":["32"],"reg_name":["Hauts-de-France"],"dep_code":["59"],"dep_name":["Nord"],"arrdep_code":["595"],"arrdep_name":["Lille"],"ze2020_code":["3216"],"ze2020_name":["Lille"],"bv2022_code":["59350"],"bv2022_name":null,"epci_code":["200093201"],"epci_name":["M\u00e9tropole Europ\u00e9enne de Lille"],"ept_code":null,"ept_name":null,"com_code":["59646"],"com_name":["Wasquehal"],"com_arm_code":["59646"],"com_arm_name":["Wasquehal"],"iris_code":["596460102"],"iris_name":["Le Vivier"],"iris_name_upper":"LE VIVIER","iris_name_lower":"le vivier","iris_area_code":"FXX","iris_type":"iris d'habitat","iris_grd_quart_code":"5964601","iris_grd_quart_name":"Capreau","iris_in_ctu":"Non","ze2010_code":null,"ze2010_name":null}},{"type":"Feature","geometry":{"coordinates":[[[3.13165044282646,50.68109217935288],[3.131719572141825,50.68106249306134],[3.131826795749965,50.681017511122924],[3.134346576891711,50.67999091844387],[3.137215328422579,50.679047343388135],[3.137459573234302,50.67901476823166],[3.137723553391771,50.67896871020536],[3.137830811516412,50.67893987552083],[3.13810598827789,50.678857012167974],[3.138148313580023,50.678840812499686],[3.138654661395074,50.67859526706007],[3.139018542289013,50.6784153868301],[3.139209482930978,50.679024486149096],[3.140428081622698,50.67994560870691],[3.142608617927344,50.68039001415981],[3.142753920854672,50.680329723810146],[3.143097550980812,50.68047829139663],[3.143325224778935,50.68057673929501],[3.144197050138721,50.68120298927775],[3.144439109102606,50.681390257466425],[3.145701034068488,50.68258676545707],[3.146167650699195,50.68324757394702],[3.14675024636793,50.683957598043435],[3.146544000082564,50.68443254541115],[3.146808027031945,50.68487822199299],[3.147091691694689,50.68527541706469],[3.147152637421828,50.68534623633439],[3.147152645318792,50.68534892840374],[3.146953931146448,50.68550261197345],[3.143673451470477,50.68701445781842],[3.141900414574905,50.687666629590446],[3.141872191015077,50.68767653272715],[3.141835481848171,50.687682856115046],[3.141811465547506,50.687681986160975],[3.141788849139517,50.68767662782375],[3.137194529428311,50.686419202276596],[3.13709858224132,50.686457894533305],[3.136097235935816,50.68547100326323],[3.134209370600855,50.683609238561004],[3.131867099722984,50.68130552248736],[3.13165044282646,50.68109217935288]]],"type":"Polygon"},"properties":{"geo_point_2d":{"lon":3.1397648102626294,"lat":50.68320276124563},"year":"2021","reg_code":["32"],"reg_name":["Hauts-de-France"],"dep_code":["59"],"dep_name":["Nord"],"arrdep_code":["595"],"arrdep_name":["Lille"],"ze2020_code":["3216"],"ze2020_name":["Lille"],"bv2022_code":["59350"],"bv2022_name":null,"epci_code":["200093201"],"epci_name":["M\u00e9tropole Europ\u00e9enne de Lille"],"ept_code":null,"ept_name":null,"com_code":["59646"],"com_name":["Wasquehal"],"com_arm_code":["59646"],"com_arm_name":["Wasquehal"],"iris_code":["596460103"],"iris_name":["Louise Michel"],"iris_name_upper":"LOUISE MICHEL","iris_name_lower":"louise michel","iris_area_code":"FXX","iris_type":"iris d'habitat","iris_grd_quart_code":"5964601","iris_grd_quart_name":"Capreau","iris_in_ctu":"Non","ze2010_code":null,"ze2010_name":null}},{"type":"Feature","geometry":{"coordinates":[[[3.116033647958664,50.673778026359685],[3.116004064714827,50.67380946208576],[3.115066022277984,50.67365688320777],[3.114818798327226,50.67361673003214],[3.114767945510713,50.67361049538754],[3.114573003342506,50.67358375404268],[3.11422973576133,50.67353650921157],[3.114088334675906,50.67283489169598],[3.113976926715589,50.672280415532235],[3.113924076449466,50.67201573790076],[3.11390837593263,50.671942167394725],[3.113879805402573,50.671797715889795],[3.113709760321627,50.671537632217856],[3.113654502655583,50.671456021423595],[3.113589394890059,50.6713896750195],[3.113527158221677,50.67134396563845],[3.113476249018089,50.67131170654476],[3.113416883425816,50.67128663416975],[3.113395602355067,50.67124268208177],[3.113327660854306,50.671171851216606],[3.113009277180398,50.670879595936185],[3.112720500792835,50.67056487839353],[3.112570464595347,50.67040707574411],[3.112465720626741,50.67029589560227],[3.112365219398384,50.67018740365498],[3.112345395995883,50.67016319234157],[3.112208044791231,50.66999371175951],[3.111998384399178,50.66969238135795],[3.111965802699932,50.66964574696854],[3.111838314632749,50.66946548839964],[3.111756173195301,50.6693569793013],[3.111679720280776,50.66926641262712],[3.111596225331693,50.66918392864374],[3.111425055899296,50.669044090887525],[3.111311894792318,50.668955351621435],[3.111227054557265,50.66890248212814],[3.111204428005865,50.668887246905875],[3.111169077153026,50.66886484401709],[3.110959854325078,50.66875644793604],[3.110732240245745,50.668631915015695],[3.111210243298912,50.66832548101467],[3.111757335649076,50.66797680594552],[3.111834890784227,50.667929174907066],[3.111949144222064,50.66787522908012],[3.112001328789801,50.66784826058071],[3.111814498676511,50.667649209955194],[3.111766374373358,50.66759720506379],[3.111691362093127,50.66751830284195],[3.11165314804164,50.66747795496402],[3.111573894119457,50.667396364320545],[3.111535676266313,50.66735422163683],[3.111455002757713,50.667269042644925],[3.111329040069545,50.66713634286891],[3.11208085274192,50.6667856873694],[3.11239689262057,50.66667592104104],[3.112591613515397,50.666616517394644],[3.112807437004056,50.66652299368422],[3.112939934873363,50.666421468900324],[3.113343348775468,50.666238932505756],[3.113513994352984,50.66614903825782],[3.113779057965422,50.665978292701354],[3.113344940433326,50.665693321067295],[3.112848605252303,50.665365329819444],[3.112743965942236,50.665296326122984],[3.112856727816836,50.66521007470778],[3.112911700705367,50.66516874500899],[3.113045604705572,50.665066321240595],[3.113315530144106,50.665174659043785],[3.113357928932104,50.66519256808346],[3.113448376399983,50.66522927834491],[3.113666652391001,50.66497511859675],[3.11378353382274,50.66483860889383],[3.113784945754893,50.66483860760071],[3.113813182362811,50.664837684350374],[3.113834359309198,50.664836767562264],[3.113899302075735,50.66483401588188],[3.113998116932849,50.6648249513873],[3.114023527626828,50.6648231332957],[3.114039056836497,50.66482222165593],[3.11417035015091,50.66481492198055],[3.114250824116111,50.66481215584272],[3.114256471841691,50.66481215064887],[3.114279060700575,50.664811232486436],[3.114341177502564,50.664807585787905],[3.114403298386831,50.66480573382736],[3.114485182208475,50.66480206885299],[3.114771769333322,50.6647865488639],[3.114883297475719,50.664780164078536],[3.114975058565579,50.66477379748778],[3.115025881885893,50.66477105828402],[3.11510211582689,50.66476650074709],[3.115254587789088,50.66475918030196],[3.11546635042955,50.66474731764674],[3.115761406442932,50.66473089011519],[3.116368456866171,50.664696222310624],[3.116756689067203,50.66467521817129],[3.117905856754502,50.6646140079802],[3.118017384114653,50.66460762037977],[3.118172672680346,50.66459760151495],[3.118233377009773,50.66459395421223],[3.118851719461976,50.66455926351693],[3.119031010417306,50.66454922061406],[3.119175009604131,50.664541903471445],[3.119248423237631,50.6645391408671],[3.119333125849697,50.664533675215985],[3.11940229942236,50.664529121819534],[3.121332129474586,50.664415976123536],[3.122282218280192,50.664360304004845],[3.124741429945703,50.664216969345794],[3.125334348811595,50.66418227188162],[3.126107951053267,50.664131235336335],[3.126196876682298,50.66412127377656],[3.126315454672994,50.66411217939545],[3.12735451211678,50.66406804400019],[3.128060354956718,50.6640233464406],[3.128694200760093,50.66398320640682],[3.129288535284423,50.66395207813838],[3.129387357191388,50.66394748831909],[3.130248489813026,50.66389633477473],[3.130254193330733,50.6639178661044],[3.130258512896365,50.663950167538204],[3.130261376305674,50.663965420128925],[3.130268542989113,50.66400669245252],[3.130335105431516,50.664084695370626],[3.130492469154772,50.6643313117426],[3.13066262585324,50.66461022030386],[3.130725014701135,50.664711559391804],[3.130845547992733,50.664910652352624],[3.130875374115118,50.664977924925566],[3.130879635664923,50.664987791687416],[3.130992834133695,50.66508100057213],[3.131005581403159,50.665096242698816],[3.131036765900059,50.665142873898866],[3.131053770111131,50.66516618800536],[3.131103375584855,50.66523792656332],[3.131148747710728,50.665310566948875],[3.131191293728102,50.66538231290846],[3.131232423224933,50.665452265570536],[3.131249481610663,50.66549621945595],[3.131262259576366,50.66552312752954],[3.131287864848509,50.66559578871646],[3.131305003160544,50.66567025361015],[3.131316491346687,50.66574382707988],[3.131320922118703,50.66581830538567],[3.131312645251957,50.66589279711465],[3.131312689865095,50.665909847387226],[3.131315657023647,50.66596458474843],[3.131310187619686,50.66603279179817],[3.131308947058394,50.66609830221647],[3.131309113766795,50.66616201637126],[3.131313516387695,50.666225726043095],[3.131324974185594,50.6662876334821],[3.131346311133613,50.66634773570144],[3.131380348867173,50.66640513232828],[3.131256289809258,50.66647974636836],[3.131230946953523,50.66650759205742],[3.131201422091749,50.666556081997335],[3.131179053253539,50.66664135712699],[3.131153911965446,50.6667463776193],[3.131128920640526,50.666908830503864],[3.131097030935216,50.66713321009437],[3.13108171696754,50.66721668292171],[3.131052264191876,50.66729299158398],[3.131025621274416,50.6673639129676],[3.131000308297256,50.6674034245231],[3.130973550486336,50.667430374229454],[3.130970733503196,50.66743306934855],[3.130862191669201,50.66750317960412],[3.130652092381823,50.66761467620977],[3.130492780290228,50.66770906883704],[3.130408211121115,50.66776748751012],[3.130222244416201,50.667929211434235],[3.129982786986089,50.668155602534114],[3.129927913175679,50.668231040030726],[3.129895643282912,50.66831094077514],[3.129884595569681,50.6684069721924],[3.129898871524725,50.668467081851134],[3.130012141118169,50.668585417765556],[3.130111251287297,50.668688512899344],[3.130291069652972,50.66887677455684],[3.130103365341584,50.668914661258725],[3.129893165545818,50.66899026120121],[3.129729567427997,50.669067606892625],[3.12953640603679,50.66917998103752],[3.129367258003789,50.669295919385185],[3.129260128893903,50.66936871871119],[3.129134698099742,50.66946307409033],[3.129103771262655,50.66951694905406],[3.128927346342317,50.66954943793739],[3.128880755135191,50.66955217841443],[3.128824258738319,50.669546852721176],[3.12871689582173,50.669529016382576],[3.127513201831115,50.66928796477782],[3.127318260558321,50.66925765374273],[3.127213747931099,50.66924968436591],[3.126869378715525,50.669318237401505],[3.126695781696102,50.669352514998614],[3.126498174899084,50.669385022036636],[3.126357066089064,50.66942375297873],[3.126210313327535,50.66946428425203],[3.126035431759612,50.66954971290092],[3.12598750493196,50.669582964576435],[3.125972003751714,50.669595543616474],[3.125852036685053,50.66961899707255],[3.125751858683258,50.669650506806676],[3.125685549961727,50.669673905781835],[3.125641814053512,50.669689205476615],[3.125591004299412,50.669699128025506],[3.125475266283258,50.6697198846989],[3.125142107470765,50.66975611589343],[3.125031997297341,50.66976879006383],[3.124776521859969,50.66981301849844],[3.124492853489166,50.66987701701149],[3.124087819135604,50.66997074966532],[3.123950925317491,50.67000229459099],[3.123753354018997,50.67005095002496],[3.123204377135182,50.67018251298817],[3.123128173134776,50.670202330872115],[3.122110709961179,50.6704698565726],[3.122061321723268,50.67048426316294],[3.121042452364238,50.67075896040246],[3.120962014663706,50.67078057582051],[3.120099763304742,50.67100755158654],[3.119889516088251,50.67107326323266],[3.119725855080485,50.67113354536841],[3.119593260117496,50.671193797386216],[3.119473388804823,50.67126031866869],[3.11936197491957,50.67132055006002],[3.119229468579088,50.67141849144984],[3.11915050295187,50.671466128210604],[3.118971389429961,50.671561421854165],[3.118859946640411,50.67160998688864],[3.118782362745518,50.67164505879666],[3.118538332477035,50.671758361373314],[3.118370473563964,50.67183659320541],[3.118091127571111,50.671945441622604],[3.117828709129654,50.672047094328036],[3.117473174668512,50.672185626971604],[3.117334934052161,50.672249471323305],[3.117255984191444,50.6723051831914],[3.117130596801648,50.67243093414027],[3.117110866555154,50.672448002886206],[3.11707140811558,50.672483037741586],[3.117030541658652,50.67251986866101],[3.116970018013337,50.67260517637861],[3.116909479526678,50.67268420243814],[3.116908071555379,50.67268599851469],[3.116861612625923,50.672747063777045],[3.116571544761766,50.67310718385479],[3.116344897840885,50.67341429857403],[3.116222423284446,50.67358042753068],[3.116033647958664,50.673778026359685]]],"type":"Polygon"},"properties":{"geo_point_2d":{"lon":3.1207169599336098,"lat":50.66780727272746},"year":"2023","reg_code":["32"],"reg_name":["Hauts-de-France"],"dep_code":["59"],"dep_name":["Nord"],"arrdep_code":["595"],"arrdep_name":["Lille"],"ze2020_code":["3216"],"ze2020_name":["Lille"],"bv2022_code":["59350"],"bv2022_name":["Lille"],"epci_code":["200093201"],"epci_name":["M\u00e9tropole Europ\u00e9enne de Lille"],"ept_code":null,"ept_name":null,"com_code":["59646"],"com_name":["Wasquehal"],"com_arm_code":["59646"],"com_arm_name":["Wasquehal"],"iris_code":["596460203"],"iris_name":["La ville"],"iris_name_upper":"LA VILLE","iris_name_lower":"la ville","iris_area_code":"FXX","iris_type":"iris d'habitat","iris_grd_quart_code":"5964602","iris_grd_quart_name":"Centre-Noir Bonnet","iris_in_ctu":"Non","ze2010_code":null,"ze2010_name":null}},{"type":"Feature","geometry":{"coordinates":[[[3.13165044282646,50.68109217935288],[3.131719572141825,50.68106249306134],[3.131826795749965,50.681017511122924],[3.134346576891711,50.67999091844387],[3.137215328422579,50.679047343388135],[3.137459573234302,50.67901476823166],[3.137723553391771,50.67896871020536],[3.137830811516412,50.67893987552083],[3.13810598827789,50.678857012167974],[3.138148313580023,50.678840812499686],[3.138654661395074,50.67859526706007],[3.139017976866318,50.67841520798887],[3.139209482930978,50.679024486149096],[3.140428081622698,50.67994560870691],[3.142608617927344,50.68039001415981],[3.142753920854672,50.680329723810146],[3.143097550980812,50.68047829139663],[3.143325224778935,50.68057673929501],[3.144197050138721,50.68120298927775],[3.144439109102606,50.681390257466425],[3.145701034068488,50.68258676545707],[3.146167650699195,50.68324757394702],[3.14675024636793,50.683957598043435],[3.146544000082564,50.68443254541115],[3.146808027031945,50.68487822199299],[3.147091691694689,50.68527541706469],[3.147151931957336,50.685346506377456],[3.147152645318792,50.68534892840374],[3.147185570076089,50.685497851090425],[3.143673451470477,50.68701445781842],[3.141900414574905,50.687666629590446],[3.141872191015077,50.68767653272715],[3.141835481848171,50.687682856115046],[3.141811465547506,50.687681986160975],[3.141788849139517,50.68767662782375],[3.137194529428311,50.686419202276596],[3.13709858224132,50.686457894533305],[3.136097235935816,50.68547100326323],[3.134209370600855,50.683609238561004],[3.131867099722984,50.68130552248736],[3.13165044282646,50.68109217935288]]],"type":"Polygon"},"properties":{"geo_point_2d":{"lon":3.1397788966274645,"lat":50.6832089323609},"year":"2016","reg_code":["32"],"reg_name":["Nord-Pas-de-Calais-Picardie"],"dep_code":["59"],"dep_name":["Nord"],"arrdep_code":["595"],"arrdep_name":["Lille"],"ze2020_code":null,"ze2020_name":null,"bv2022_code":["59350"],"bv2022_name":null,"epci_code":["245900410"],"epci_name":["M\u00e9tropole Europ\u00e9enne de Lille"],"ept_code":null,"ept_name":null,"com_code":["59646"],"com_name":["Wasquehal"],"com_arm_code":["59646"],"com_arm_name":["Wasquehal"],"iris_code":["596460103"],"iris_name":["Louise Michel"],"iris_name_upper":"LOUISE MICHEL","iris_name_lower":"louise michel","iris_area_code":"FXX","iris_type":"iris d'habitat","iris_grd_quart_code":"5964601","iris_grd_quart_name":"CAPREAU","iris_in_ctu":"Non","ze2010_code":["3110"],"ze2010_name":null}},{"type":"Feature","geometry":{"coordinates":[[[3.118929830254769,50.67428409936354],[3.118932626998829,50.67427243082691],[3.118991728611,50.67418353422977],[3.119187578207633,50.67399579534808],[3.119314449089879,50.67390055191961],[3.119761322023695,50.67356899081701],[3.11985013274619,50.67350339682707],[3.121496653263383,50.672303801260256],[3.123095547343048,50.67158118516646],[3.125400218663428,50.67189700092048],[3.12718579062708,50.6721473490302],[3.12939317711695,50.6738716209142],[3.129705961469394,50.67413871239172],[3.129232104691226,50.67438777871054],[3.128981035197844,50.67450559553171],[3.128674950584125,50.674647697889164],[3.127068329839064,50.67539327335661],[3.125148892064839,50.67813848323879],[3.125008283025045,50.67838809323408],[3.124367980393744,50.67874678557967],[3.124208605580471,50.67883488702499],[3.124088750984013,50.67891307775439],[3.123376944324217,50.67834216297136],[3.123309014406748,50.678285696175514],[3.122822147166052,50.67786441495803],[3.122339509644564,50.67743684582507],[3.122328185098058,50.67742608853682],[3.121753157165436,50.676750933532425],[3.12087567714436,50.675973769410824],[3.119991171772786,50.67520019449408],[3.118969452645936,50.67431816164027],[3.118929830254769,50.67428409936354]]],"type":"Polygon"},"properties":{"geo_point_2d":{"lon":3.124115178031777,"lat":50.67464874061416},"year":"2022","reg_code":["32"],"reg_name":["Hauts-de-France"],"dep_code":["59"],"dep_name":["Nord"],"arrdep_code":["595"],"arrdep_name":["Lille"],"ze2020_code":["3216"],"ze2020_name":["Lille"],"bv2022_code":["59350"],"bv2022_name":null,"epci_code":["200093201"],"epci_name":["M\u00e9tropole Europ\u00e9enne de Lille"],"ept_code":null,"ept_name":null,"com_code":["59646"],"com_name":["Wasquehal"],"com_arm_code":["59646"],"com_arm_name":["Wasquehal"],"iris_code":["596460201"],"iris_name":["Centre-Noir Bonnet"],"iris_name_upper":"CENTRE-NOIR BONNET","iris_name_lower":"centre-noir bonnet","iris_area_code":"FXX","iris_type":"iris d'activit\u00e9","iris_grd_quart_code":"5964602","iris_grd_quart_name":"Centre-Noir Bonnet","iris_in_ctu":"Non","ze2010_code":null,"ze2010_name":null}},{"type":"Feature","geometry":{"coordinates":[[[3.13165044282646,50.68109217935288],[3.131591188389961,50.68111736832472],[3.131265579069729,50.68136718005735],[3.130897786383064,50.68169061913954],[3.130154418874067,50.68179325066782],[3.129654936366708,50.681717945481076],[3.12737828878306,50.680667690838035],[3.12679428071324,50.68039279678695],[3.126782968150641,50.680387424133045],[3.126399707350287,50.680185907187244],[3.12593724494866,50.679939600967856],[3.125469054653513,50.67966009615545],[3.124524126623465,50.679065194769805],[3.124314741244246,50.678920030840615],[3.124208605580471,50.67883488702499],[3.124367980393744,50.67874678557967],[3.125008283025045,50.67838809323408],[3.125148892064839,50.67813848323879],[3.127068329839064,50.67539327335661],[3.128674950584125,50.674647697889164],[3.128981035197844,50.67450559553171],[3.129232104691226,50.67438777871054],[3.129705961469394,50.67413871239172],[3.12939317711695,50.6738716209142],[3.12718579062708,50.6721473490302],[3.125400218663428,50.67189700092048],[3.123095547343048,50.67158118516646],[3.121496653263383,50.672303801260256],[3.11985013274619,50.67350339682707],[3.119761322023695,50.67356899081701],[3.119314449089879,50.67390055191961],[3.119187578207633,50.67399579534808],[3.118991728611,50.67418353422977],[3.118932626998829,50.67427243082691],[3.118929830254769,50.67428409936354],[3.118911654576687,50.67436129090283],[3.118853845779882,50.674399933277506],[3.118818744754188,50.67448611471268],[3.118735395018565,50.67447363115212],[3.116218795744287,50.673843361666805],[3.116033647958664,50.673778026359685],[3.116222423284446,50.67358042753068],[3.117473174668512,50.672185626971604],[3.119593260117496,50.671193797386216],[3.119725855080485,50.67113354536841],[3.119889516088251,50.67107326323266],[3.120099763304742,50.67100755158654],[3.122110709961179,50.6704698565726],[3.123128173134776,50.670202330872115],[3.123204377135182,50.67018251298817],[3.124087819135604,50.66997074966532],[3.124492853489166,50.66987701701149],[3.126122872618004,50.669506998608604],[3.127513201831115,50.66928796477782],[3.130103365341584,50.668914661258725],[3.130291069652972,50.66887677455684],[3.130444942936102,50.668861357624074],[3.130590367210873,50.66885492319381],[3.131248307268981,50.668826411111034],[3.131128429683518,50.669422847320824],[3.131105501959351,50.66983521774948],[3.132268162519126,50.67030107165234],[3.13445925477944,50.670125525643755],[3.135177132025482,50.67006327621046],[3.135326773631129,50.67004875524497],[3.135514466123587,50.67000637383005],[3.13558632444352,50.66994796574468],[3.135832526715135,50.669611179279755],[3.13605621063822,50.66930313300089],[3.136057557002459,50.66927890224454],[3.136101432974391,50.66931654418526],[3.136864338215104,50.669977972874],[3.136156895381744,50.669981442252414],[3.135650859995713,50.67031492359697],[3.135800269272548,50.67125790552604],[3.136213159715135,50.67198163739845],[3.136777861161984,50.67270250799074],[3.137645615083016,50.67321125932461],[3.137846455892793,50.6733250033809],[3.137969475090077,50.67338319625374],[3.138067107548873,50.67345308308891],[3.136407640699872,50.67495353086116],[3.136980853707693,50.67593372858293],[3.13801472281425,50.67699821302585],[3.138831890351195,50.67782333189885],[3.139018542289013,50.6784153868301],[3.138654661395074,50.67859526706007],[3.138148313580023,50.678840812499686],[3.13810598827789,50.678857012167974],[3.137830811516412,50.67893987552083],[3.137723553391771,50.67896871020536],[3.137459573234302,50.67901476823166],[3.137215328422579,50.679047343388135],[3.134346576891711,50.67999091844387],[3.131826795749965,50.681017511122924],[3.131719572141825,50.68106249306134],[3.13165044282646,50.68109217935288]]],"type":"Polygon"},"properties":{"geo_point_2d":{"lon":3.130121382837466,"lat":50.674957641800454},"year":"2020","reg_code":["32"],"reg_name":["Hauts-de-France"],"dep_code":["59"],"dep_name":["Nord"],"arrdep_code":["595"],"arrdep_name":["Lille"],"ze2020_code":["3216"],"ze2020_name":["Lille"],"bv2022_code":["59350"],"bv2022_name":null,"epci_code":["245900410"],"epci_name":["M\u00e9tropole Europ\u00e9enne de Lille"],"ept_code":null,"ept_name":null,"com_code":["59646"],"com_name":["Wasquehal"],"com_arm_code":["59646"],"com_arm_name":["Wasquehal"],"iris_code":["596460202"],"iris_name":["Noir Bonnet"],"iris_name_upper":"NOIR BONNET","iris_name_lower":"noir bonnet","iris_area_code":"FXX","iris_type":"iris d'habitat","iris_grd_quart_code":"5964602","iris_grd_quart_name":"Centre-Noir Bonnet","iris_in_ctu":"Non","ze2010_code":["3110"],"ze2010_name":["Roubaix - Tourcoing"]}},{"type":"Feature","geometry":{"coordinates":[[[3.127955118663919,50.658743204988646],[3.128339378440486,50.65939700903227],[3.128379029894572,50.65944452993404],[3.128540446243237,50.659629226112315],[3.128725758346473,50.65977261717838],[3.128912273559293,50.659834343905395],[3.129152388860876,50.659877169374916],[3.129364109112103,50.659858103818166],[3.131001160179707,50.66015701494698],[3.13245185883102,50.66071859048557],[3.134251302312757,50.66180384867164],[3.135930515501825,50.663560906333934],[3.135954588224243,50.6635869042575],[3.136059370221361,50.663698065702576],[3.136289413878546,50.66418240305032],[3.138000373025873,50.66741648648954],[3.137488664014756,50.668264404367],[3.13636916057375,50.66910895563878],[3.136267568395049,50.66913688591124],[3.136057557002459,50.66927890224454],[3.13605621063822,50.66930313300089],[3.135832526715135,50.669611179279755],[3.13558632444352,50.66994796574468],[3.135514466123587,50.67000637383005],[3.135326773631129,50.67004875524497],[3.135177132025482,50.67006327621046],[3.13445925477944,50.670125525643755],[3.132268162519126,50.67030107165234],[3.131105501959351,50.66983521774948],[3.131128429683518,50.669422847320824],[3.131248307268981,50.668826411111034],[3.130590367210873,50.66885492319381],[3.130444942936102,50.668861357624074],[3.130291069652972,50.66887677455684],[3.130111251287297,50.668688512899344],[3.130652092381823,50.66761467620977],[3.130992834133695,50.66508100057213],[3.130693820245693,50.66466088985366],[3.130335105431516,50.664084695370626],[3.130254193330733,50.6639178661044],[3.130248489813026,50.66389633477473],[3.130239939203208,50.66386583254948],[3.128407642602818,50.66179925758299],[3.127839966869909,50.65898382529125],[3.127901885673207,50.658905688236075],[3.127904700055741,50.65890209576024],[3.127944041893825,50.658828468891606],[3.127955118663919,50.658743204988646]]],"type":"Polygon"},"properties":{"geo_point_2d":{"lon":3.1330456219779665,"lat":50.665238325022756},"year":"2022","reg_code":["32"],"reg_name":["Hauts-de-France"],"dep_code":["59"],"dep_name":["Nord"],"arrdep_code":["595"],"arrdep_name":["Lille"],"ze2020_code":["3216"],"ze2020_name":["Lille"],"bv2022_code":["59350"],"bv2022_name":null,"epci_code":["200093201"],"epci_name":["M\u00e9tropole Europ\u00e9enne de Lille"],"ept_code":null,"ept_name":null,"com_code":["59646"],"com_name":["Wasquehal"],"com_arm_code":["59646"],"com_arm_name":["Wasquehal"],"iris_code":["596460301"],"iris_name":["Pharos-Haut Vinage"],"iris_name_upper":"PHAROS-HAUT VINAGE","iris_name_lower":"pharos-haut vinage","iris_area_code":"FXX","iris_type":"iris d'habitat","iris_grd_quart_code":"5964603","iris_grd_quart_name":"Pharos-Haut Vinage","iris_in_ctu":"Non","ze2010_code":null,"ze2010_name":null}},{"type":"Feature","geometry":{"coordinates":[[[3.130291069652972,50.66887677455684],[3.130444942936102,50.668861357624074],[3.130590367210873,50.66885492319381],[3.131248307268981,50.668826411111034],[3.131128430855983,50.66942329600986],[3.131105501959351,50.66983521774948],[3.132268869744475,50.67030151958917],[3.134459962021873,50.67012597356825],[3.135177132025482,50.67006327621046],[3.135326773631129,50.67004875524497],[3.135514466123587,50.67000637383005],[3.13558632444352,50.66994796574468],[3.135832526715135,50.669611179279755],[3.13605621063822,50.66930313300089],[3.136057557002459,50.66927890224454],[3.136101432974391,50.66931654418526],[3.136864338215104,50.669977972874],[3.136156895381744,50.669981442252414],[3.135650859995713,50.67031492359697],[3.135800269272548,50.67125790552604],[3.136213159715135,50.67198163739845],[3.136778567238374,50.67270250721352],[3.137645615083016,50.67321125932461],[3.137846455892793,50.6733250033809],[3.137969475090077,50.67338319625374],[3.138067107548873,50.67345308308891],[3.136407640699872,50.67495353086116],[3.136980853707693,50.67593372858293],[3.138014724048474,50.676998661709746],[3.138831890351195,50.67782333189885],[3.139018542289013,50.6784153868301],[3.138654661395074,50.67859526706007],[3.138148313580023,50.678840812499686],[3.13810598827789,50.678857012167974],[3.137830811516412,50.67893987552083],[3.137723553391771,50.67896871020536],[3.137459573234302,50.67901476823166],[3.137215328422579,50.679047343388135],[3.134346576891711,50.67999091844387],[3.131826795749965,50.681017511122924],[3.131719572141825,50.68106249306134],[3.13165044282646,50.68109217935288],[3.131591188389961,50.68111736832472],[3.131265579069729,50.68136718005735],[3.130897786383064,50.68169061913954],[3.130155126242548,50.681793698609034],[3.129654936366708,50.681717945481076],[3.12737828878306,50.680667690838035],[3.12679428071324,50.68039279678695],[3.126782968150641,50.680387424133045],[3.126399707350287,50.680185907187244],[3.12593724494866,50.679939600967856],[3.125469054653513,50.67966009615545],[3.124524126623465,50.679065194769805],[3.124314741244246,50.678920030840615],[3.124208605580471,50.67883488702499],[3.124367980393744,50.67874678557967],[3.125008283025045,50.67838809323408],[3.125148892064839,50.67813848323879],[3.127068329839064,50.67539327335661],[3.128674950584125,50.674647697889164],[3.128981035197844,50.67450559553171],[3.129232104691226,50.67438777871054],[3.129705961469394,50.67413871239172],[3.12939317711695,50.6738716209142],[3.12718579062708,50.6721473490302],[3.125400218663428,50.67189700092048],[3.123096254504552,50.67158163315464],[3.121496653263383,50.672303801260256],[3.11985013274619,50.67350339682707],[3.119761322023695,50.67356899081701],[3.119314449089879,50.67390055191961],[3.119187578207633,50.67399579534808],[3.118991728611,50.67418353422977],[3.118932626998829,50.67427243082691],[3.118929830254769,50.67428409936354],[3.118911654576687,50.67436129090283],[3.118853845779882,50.674399933277506],[3.118818744754188,50.67448611471268],[3.118735395018565,50.67447363115212],[3.116218795744287,50.673843361666805],[3.116033647958664,50.673778026359685],[3.116222423284446,50.67358042753068],[3.117473174668512,50.672185626971604],[3.119593260117496,50.671193797386216],[3.119725855080485,50.67113354536841],[3.119889516088251,50.67107326323266],[3.120099763304742,50.67100755158654],[3.122110709961179,50.6704698565726],[3.123128173134776,50.670202330872115],[3.123204377135182,50.67018251298817],[3.124087819135604,50.66997074966532],[3.124492853489166,50.66987701701149],[3.126122873745714,50.66950744729764],[3.127513201831115,50.66928796477782],[3.130103365341584,50.668914661258725],[3.130291069652972,50.66887677455684]]],"type":"Polygon"},"properties":{"geo_point_2d":{"lon":3.13012131410856,"lat":50.6749576935374},"year":"2019","reg_code":["32"],"reg_name":["Hauts-de-France"],"dep_code":["59"],"dep_name":["Nord"],"arrdep_code":["595"],"arrdep_name":["Lille"],"ze2020_code":null,"ze2020_name":null,"bv2022_code":["59350"],"bv2022_name":null,"epci_code":["245900410"],"epci_name":["M\u00e9tropole Europ\u00e9enne de Lille"],"ept_code":null,"ept_name":null,"com_code":["59646"],"com_name":["Wasquehal"],"com_arm_code":["59646"],"com_arm_name":["Wasquehal"],"iris_code":["596460202"],"iris_name":["Noir Bonnet"],"iris_name_upper":"NOIR BONNET","iris_name_lower":"noir bonnet","iris_area_code":"FXX","iris_type":"iris d'habitat","iris_grd_quart_code":"5964602","iris_grd_quart_name":"CENTRE -NOIR BONNET","iris_in_ctu":"Non","ze2010_code":["3110"],"ze2010_name":["Roubaix - Tourcoing"]}},{"type":"Feature","geometry":{"coordinates":[[[3.11378353382274,50.66483860889383],[3.113831415354804,50.66478382446228],[3.11392435832444,50.664676052889334],[3.113986316006057,50.6646024103562],[3.114289080939174,50.66425125392104],[3.114429898063095,50.66408690243066],[3.114901628810996,50.6635363683517],[3.115288865227052,50.66308552061655],[3.115532249195277,50.66270659636959],[3.115920524758126,50.66209959928243],[3.115950067980905,50.66205380481813],[3.115981045813462,50.66201788029608],[3.116395039993402,50.661547260494906],[3.116681002931839,50.66127149320691],[3.116850038315671,50.66110621433219],[3.117623383712284,50.660359751846286],[3.118837585576681,50.65918660073619],[3.118847446739057,50.65917761736235],[3.118884089065064,50.65915066048015],[3.119406972635375,50.65877863773698],[3.119169555936258,50.65867746013482],[3.1191342257591,50.65866223831364],[3.119131397982696,50.65866044623619],[3.118995735160395,50.658604040398394],[3.118484164492096,50.65838646243541],[3.118291976077132,50.65830588004138],[3.118201531202899,50.658266480749205],[3.11819729173498,50.658264689992784],[3.118128266077188,50.65832847070778],[3.118057826382542,50.658391355327076],[3.117967377319865,50.65835016108327],[3.117632433047327,50.658197024139426],[3.117506651165832,50.65813881249139],[3.117020492507929,50.65791671734163],[3.116629026309883,50.65773850374874],[3.116506074368446,50.65768208318497],[3.116553983610663,50.65764345021477],[3.117413537030084,50.656957927225875],[3.116657383487647,50.656576348470004],[3.116185327420126,50.656339877945804],[3.115891355475094,50.65619297932324],[3.115668048070133,50.65608011531947],[3.115133815407506,50.65581228957338],[3.115693453271621,50.655465373708374],[3.115763935283747,50.655421335494275],[3.115881748406459,50.65386603148241],[3.115990466222572,50.65387580141688],[3.117121419694106,50.65397883865819],[3.117362858197573,50.65400014838368],[3.11771159955721,50.654029432603835],[3.118402038049132,50.65409338922362],[3.118421747939891,50.654070935414616],[3.118645598838218,50.653817654724435],[3.118804685225988,50.65363712501179],[3.118929985333538,50.65349611307063],[3.118941222953206,50.653472769869246],[3.11951011218946,50.65229034486379],[3.119532586338977,50.65224365827076],[3.120382603612944,50.652346038685664],[3.120546616411358,50.65187025579539],[3.120573259443989,50.651796642822916],[3.121172051155134,50.65191541479213],[3.121383888411312,50.651957385917875],[3.121977037665804,50.652076159495884],[3.122546519345888,50.652328666662456],[3.122839037023861,50.652459398557255],[3.123080681872048,50.65256684768772],[3.12337037473728,50.65269578628154],[3.123765520470403,50.65208246684102],[3.123865365732327,50.6519298086927],[3.124430638716839,50.65105068484677],[3.124530479904075,50.65089802593036],[3.12463357355044,50.650918562837866],[3.124838325006848,50.65094976638233],[3.125133435543559,50.65098895522885],[3.125490679127007,50.651037952064385],[3.125914322296596,50.6511093156938],[3.126075315130332,50.65113966414121],[3.126586528537,50.651791557156464],[3.126688482797758,50.65191888455439],[3.126943388866887,50.652244381786275],[3.127041098853716,50.652367226132945],[3.127085016894653,50.65242999942544],[3.127167195594177,50.65255106472431],[3.127437715262297,50.65290795374415],[3.127494370562748,50.65298327740689],[3.127532618230399,50.65303618487983],[3.127653019544381,50.65319938839892],[3.127677112682984,50.653237054522364],[3.12772386462794,50.65330341420441],[3.127755038750245,50.653350047044526],[3.127797546933422,50.65341282144553],[3.127882636775936,50.65356708696344],[3.127953597226142,50.65371598253599],[3.128020405619076,50.653897188758414],[3.128144275283227,50.654311660245796],[3.128157183912627,50.65439151557923],[3.128148805723603,50.65442742024341],[3.12812628134605,50.65445167329237],[3.128321661123042,50.654675821674886],[3.128484466686194,50.654857825581814],[3.128531223505813,50.65492508219792],[3.12854973126784,50.65498608623045],[3.128552747626609,50.65506146468286],[3.128531749709031,50.6551305861816],[3.128453130849038,50.65530027600264],[3.128432027075251,50.65532811720341],[3.128308250217404,50.65550413535917],[3.128256206477661,50.65557777582551],[3.12810991485865,50.65578253372074],[3.127960812406597,50.65599267866623],[3.128006469131718,50.656181982658424],[3.128019577142834,50.65633991120391],[3.128036547212815,50.656351559886],[3.128081806114269,50.656384716948786],[3.128256040642701,50.65661786057655],[3.12830140773746,50.65669319511711],[3.128326978982351,50.65675598652201],[3.128332827703448,50.65683495144464],[3.128303686509433,50.657032408919875],[3.128229957009279,50.65745964589519],[3.128178628409421,50.65781417037213],[3.128170270287956,50.65785815139745],[3.128131245673731,50.658055618728454],[3.128076645743916,50.65823515414084],[3.128040240232243,50.6583527504591],[3.127994004914333,50.658490996961575],[3.127963271215715,50.65861845871197],[3.127957894141859,50.658724356840175],[3.127955118663919,50.658743204988646],[3.127944041893825,50.658828468891606],[3.127904700055741,50.65890209576024],[3.127901885673207,50.658905688236075],[3.127839966869909,50.65898382529125],[3.127711749518694,50.659083567947405],[3.127453801246677,50.659243569032526],[3.127262116199971,50.65936850331563],[3.127011237567487,50.65953388053037],[3.126718078430535,50.659728914315146],[3.126651855729135,50.65978103066407],[3.126606825600605,50.65983940712915],[3.126588628484046,50.65990134580477],[3.126581732469413,50.659965965136244],[3.126588897819323,50.66000813530796],[3.12660736887639,50.660054780919495],[3.126764479533096,50.66021345923237],[3.127002259416511,50.66044923061872],[3.127050374478963,50.66049405103976],[3.127382935479305,50.66080331077671],[3.127807554975297,50.66122464874567],[3.12799153913752,50.66139945062977],[3.128113257022772,50.661516883401916],[3.128267528104157,50.66166569110806],[3.128407642602818,50.66179925758299],[3.128890305887881,50.6622752720314],[3.129021966407074,50.66241423080587],[3.129047444557625,50.662439331258255],[3.129244225195634,50.662645526322784],[3.129408446379546,50.66281765414072],[3.129714283419202,50.663154753490424],[3.130090928607143,50.663572542751666],[3.130143327001054,50.66363351027625],[3.130160320976294,50.66365323501419],[3.13016746658473,50.66368643089111],[3.130210002837719,50.66375548520299],[3.130211421723752,50.66375817588012],[3.130234231040167,50.66384250644645],[3.130239939203208,50.66386583254948],[3.130248489813026,50.66389633477473],[3.129387357191388,50.66394748831909],[3.129288535284423,50.66395207813838],[3.128694200760093,50.66398320640682],[3.128060354956718,50.6640233464406],[3.12735451211678,50.66406804400019],[3.126315454672994,50.66411217939545],[3.126196876682298,50.66412127377656],[3.126107951053267,50.664131235336335],[3.125334348811595,50.66418227188162],[3.124741429945703,50.664216969345794],[3.122282218280192,50.664360304004845],[3.121332129474586,50.664415976123536],[3.11940229942236,50.664529121819534],[3.119333125849697,50.664533675215985],[3.119248423237631,50.6645391408671],[3.119175009604131,50.664541903471445],[3.119031010417306,50.66454922061406],[3.118851719461976,50.66455926351693],[3.118233377009773,50.66459395421223],[3.118172672680346,50.66459760151495],[3.118017384114653,50.66460762037977],[3.117905856754502,50.6646140079802],[3.116756689067203,50.66467521817129],[3.116368456866171,50.664696222310624],[3.115761406442932,50.66473089011519],[3.11546635042955,50.66474731764674],[3.115254587789088,50.66475918030196],[3.11510211582689,50.66476650074709],[3.115025881885893,50.66477105828402],[3.114975058565579,50.66477379748778],[3.114883297475719,50.664780164078536],[3.114771769333322,50.6647865488639],[3.114485182208475,50.66480206885299],[3.114403298386831,50.66480573382736],[3.114341177502564,50.664807585787905],[3.114279060700575,50.664811232486436],[3.114256471841691,50.66481215064887],[3.114250824116111,50.66481215584272],[3.11417035015091,50.66481492198055],[3.114039056836497,50.66482222165593],[3.114023527626828,50.6648231332957],[3.113998116932849,50.6648249513873],[3.113899302075735,50.66483401588188],[3.113834359309198,50.664836767562264],[3.113813182362811,50.664837684350374],[3.113784945754893,50.66483860760071],[3.11378353382274,50.66483860889383]]],"type":"Polygon"},"properties":{"geo_point_2d":{"lon":3.1223989427408614,"lat":50.65851598894658},"year":"2023","reg_code":["32"],"reg_name":["Hauts-de-France"],"dep_code":["59"],"dep_name":["Nord"],"arrdep_code":["595"],"arrdep_name":["Lille"],"ze2020_code":["3216"],"ze2020_name":["Lille"],"bv2022_code":["59350"],"bv2022_name":["Lille"],"epci_code":["200093201"],"epci_name":["M\u00e9tropole Europ\u00e9enne de Lille"],"ept_code":null,"ept_name":null,"com_code":["59646"],"com_name":["Wasquehal"],"com_arm_code":["59646"],"com_arm_name":["Wasquehal"],"iris_code":["596460302"],"iris_name":["Le haut Vinage"],"iris_name_upper":"LE HAUT VINAGE","iris_name_lower":"le haut vinage","iris_area_code":"FXX","iris_type":"iris d'habitat","iris_grd_quart_code":"5964603","iris_grd_quart_name":"Pharos-Haut Vinage","iris_in_ctu":"Non","ze2010_code":null,"ze2010_name":null}},{"type":"Feature","geometry":{"coordinates":[[[3.116033647958664,50.673778026359685],[3.116004064714827,50.67380946208576],[3.11422973576133,50.67353650921157],[3.114088334675906,50.67283489169598],[3.113327660854306,50.671171851216606],[3.112103214280458,50.669843046619846],[3.111169077153026,50.66886484401709],[3.111336133020996,50.66776443689019],[3.113666652391001,50.66497511859675],[3.113784945754893,50.66483860760071],[3.113813182362811,50.664837684350374],[3.113899302075735,50.66483401588188],[3.114883297475719,50.664780164078536],[3.11809502840525,50.66460261097164],[3.119175009604131,50.664541903471445],[3.11940229942236,50.664529121819534],[3.122282218280192,50.664360304004845],[3.125721150129106,50.664156754211604],[3.129387357191388,50.66394748831909],[3.130248489813026,50.66389633477473],[3.130254193330733,50.6639178661044],[3.130335105431516,50.664084695370626],[3.130693820245693,50.66466088985366],[3.130992834133695,50.66508100057213],[3.130652092381823,50.66761467620977],[3.130111251287297,50.668688512899344],[3.130291069652972,50.66887677455684],[3.130103365341584,50.668914661258725],[3.127513201831115,50.66928796477782],[3.126122872618004,50.669506998608604],[3.124492853489166,50.66987701701149],[3.124087819135604,50.66997074966532],[3.123204377135182,50.67018251298817],[3.123128173134776,50.670202330872115],[3.122110709961179,50.6704698565726],[3.120099763304742,50.67100755158654],[3.119889516088251,50.67107326323266],[3.119725855080485,50.67113354536841],[3.119593260117496,50.671193797386216],[3.117473174668512,50.672185626971604],[3.116222423284446,50.67358042753068],[3.116033647958664,50.673778026359685]]],"type":"Polygon"},"properties":{"geo_point_2d":{"lon":3.1205795925406563,"lat":50.6678169083041},"year":"2017","reg_code":["32"],"reg_name":["Hauts-de-France"],"dep_code":["59"],"dep_name":["Nord"],"arrdep_code":["595"],"arrdep_name":["Lille"],"ze2020_code":null,"ze2020_name":null,"bv2022_code":["59350"],"bv2022_name":null,"epci_code":["245900410"],"epci_name":["M\u00e9tropole Europ\u00e9enne de Lille"],"ept_code":null,"ept_name":null,"com_code":["59646"],"com_name":["Wasquehal"],"com_arm_code":["59646"],"com_arm_name":["Wasquehal"],"iris_code":["596460203"],"iris_name":["La ville"],"iris_name_upper":"LA VILLE","iris_name_lower":"la ville","iris_area_code":"FXX","iris_type":"iris d'habitat","iris_grd_quart_code":"5964602","iris_grd_quart_name":"CENTRE -NOIR BONNET","iris_in_ctu":"Non","ze2010_code":["3110"],"ze2010_name":null}},{"type":"Feature","geometry":{"coordinates":[[[3.127041098853716,50.652367226132945],[3.127085016894653,50.65242999942544],[3.127437715262297,50.65290795374415],[3.128020405619076,50.653897188758414],[3.128484466686194,50.654857825581814],[3.128256040642701,50.65661786057655],[3.127957894141859,50.658724356840175],[3.127955118663919,50.658743204988646],[3.127944041893825,50.658828468891606],[3.127904700055741,50.65890209576024],[3.127901885673207,50.658905688236075],[3.127839966869909,50.65898382529125],[3.128407642602818,50.66179925758299],[3.130239939203208,50.66386583254948],[3.130248489813026,50.66389633477473],[3.129387357191388,50.66394748831909],[3.125721150129106,50.664156754211604],[3.122282218280192,50.664360304004845],[3.11940229942236,50.664529121819534],[3.119175009604131,50.664541903471445],[3.11809502840525,50.66460261097164],[3.114883297475719,50.664780164078536],[3.113899302075735,50.66483401588188],[3.113813182362811,50.664837684350374],[3.113784945754893,50.66483860760071],[3.11378353382274,50.66483860889383],[3.113831415354804,50.66478382446228],[3.11392435832444,50.664676052889334],[3.114289080939174,50.66425125392104],[3.114429898063095,50.66408690243066],[3.114901628810996,50.6635363683517],[3.115288865227052,50.66308552061655],[3.115532249195277,50.66270659636959],[3.117623383712284,50.660359751846286],[3.118847446739057,50.65917761736235],[3.1191342257591,50.65866223831364],[3.119131397982696,50.65866044623619],[3.118995735160395,50.658604040398394],[3.118128266077188,50.65832847070778],[3.116983763255179,50.65730068955096],[3.115763935283747,50.655421335494275],[3.115881748406459,50.65386603148241],[3.115990466222572,50.65387580141688],[3.118804685225988,50.65363712501179],[3.118929985333538,50.65349611307063],[3.118941222953206,50.653472769869246],[3.11951011218946,50.65229034486379],[3.119532586338977,50.65224365827076],[3.120573259443989,50.651796642822916],[3.124123043874262,50.651528411864],[3.126586528537,50.651791557156464],[3.126943388866887,50.652244381786275],[3.127041098853716,50.652367226132945]]],"type":"Polygon"},"properties":{"geo_point_2d":{"lon":3.122468757195509,"lat":50.65849194593556},"year":"2022","reg_code":["32"],"reg_name":["Hauts-de-France"],"dep_code":["59"],"dep_name":["Nord"],"arrdep_code":["595"],"arrdep_name":["Lille"],"ze2020_code":["3216"],"ze2020_name":["Lille"],"bv2022_code":["59350"],"bv2022_name":null,"epci_code":["200093201"],"epci_name":["M\u00e9tropole Europ\u00e9enne de Lille"],"ept_code":null,"ept_name":null,"com_code":["59646"],"com_name":["Wasquehal"],"com_arm_code":["59646"],"com_arm_name":["Wasquehal"],"iris_code":["596460302"],"iris_name":["Le haut Vinage"],"iris_name_upper":"LE HAUT VINAGE","iris_name_lower":"le haut vinage","iris_area_code":"FXX","iris_type":"iris d'habitat","iris_grd_quart_code":"5964603","iris_grd_quart_name":"Pharos-Haut Vinage","iris_in_ctu":"Non","ze2010_code":null,"ze2010_name":null}},{"type":"Feature","geometry":{"coordinates":[[[3.130248489813026,50.66389633477473],[3.130239939203208,50.66386583254948],[3.130234231040167,50.66384250644645],[3.130211421723752,50.66375817588012],[3.130210002837719,50.66375548520299],[3.13016746658473,50.66368643089111],[3.130160320976294,50.66365323501419],[3.130143327001054,50.66363351027625],[3.130090928607143,50.663572542751666],[3.129714283419202,50.663154753490424],[3.129408446379546,50.66281765414072],[3.129244225195634,50.662645526322784],[3.129047444557625,50.662439331258255],[3.129021966407074,50.66241423080587],[3.128890305887881,50.6622752720314],[3.128407642602818,50.66179925758299],[3.128267528104157,50.66166569110806],[3.128113257022772,50.661516883401916],[3.12799153913752,50.66139945062977],[3.127807554975297,50.66122464874567],[3.127382935479305,50.66080331077671],[3.127050374478963,50.66049405103976],[3.127002259416511,50.66044923061872],[3.126764479533096,50.66021345923237],[3.12660736887639,50.660054780919495],[3.126588897819323,50.66000813530796],[3.126581732469413,50.659965965136244],[3.126588628484046,50.65990134580477],[3.126606825600605,50.65983940712915],[3.126651855729135,50.65978103066407],[3.126718078430535,50.659728914315146],[3.127011237567487,50.65953388053037],[3.127262116199971,50.65936850331563],[3.127453801246677,50.659243569032526],[3.127711749518694,50.659083567947405],[3.127839966869909,50.65898382529125],[3.127901885673207,50.658905688236075],[3.127904700055741,50.65890209576024],[3.127944041893825,50.658828468891606],[3.127955118663919,50.658743204988646],[3.128339378440486,50.65939700903227],[3.128379029894572,50.65944452993404],[3.128540446243237,50.659629226112315],[3.128725758346473,50.65977261717838],[3.128912273559293,50.659834343905395],[3.129152388860876,50.659877169374916],[3.129364109112103,50.659858103818166],[3.129485391229745,50.65980682604111],[3.130038213123307,50.65957472105486],[3.130142585057117,50.659536023825744],[3.131001160179707,50.66015701494698],[3.132057746267734,50.660905218915424],[3.132845968463386,50.66053196075367],[3.133130537675513,50.660299231431665],[3.133390586334689,50.660934306244165],[3.133648661004599,50.66135580293552],[3.133786204491466,50.6615791052977],[3.134086097126761,50.661796847967125],[3.134251302312757,50.66180384867164],[3.135972908161215,50.66305293788299],[3.135831143629956,50.66336179475404],[3.135801661486589,50.66342374680371],[3.135828562718767,50.663451536442125],[3.135930515501825,50.663560906333934],[3.135954588224243,50.6635869042575],[3.136059370221361,50.663698065702576],[3.136101856184664,50.6637455807429],[3.136421853181526,50.66407905810524],[3.136289413878546,50.66418240305032],[3.136173882932996,50.66427316588087],[3.136192720014091,50.664450827936875],[3.136337052833887,50.664567329967355],[3.136385165548531,50.66460676219204],[3.136941278833249,50.66505574123905],[3.136698792213777,50.66519061623987],[3.136549348615822,50.66527244272891],[3.136370302433552,50.665372249245486],[3.136394476247771,50.665435039729786],[3.136495122411474,50.66558120309384],[3.136673607618877,50.665793687271126],[3.137029165697038,50.6662168614479],[3.13770343286636,50.66700671163297],[3.138297318034761,50.667826260386704],[3.138348338614273,50.66789440467632],[3.138539614996148,50.66813110054188],[3.138672732104837,50.668270943682984],[3.138692555060071,50.66829066396573],[3.138715214491865,50.668314867988926],[3.138601192070812,50.66844242349201],[3.138515181916296,50.66848738850679],[3.138203344802715,50.66856850012917],[3.137820995935608,50.66868289231462],[3.137538831501255,50.668772045759425],[3.137351226389176,50.66884404380865],[3.13718756173961,50.66889268321996],[3.136985764156776,50.668938672315605],[3.136726160250113,50.66901703042831],[3.136483458656554,50.669080113944524],[3.13636916057375,50.66910895563878],[3.136267568395049,50.66913688591124],[3.136057557002459,50.66927890224454],[3.13605621063822,50.66930313300089],[3.135832526715135,50.669611179279755],[3.135753737492459,50.669717156264795],[3.135639684952394,50.66983752976455],[3.13558632444352,50.66994796574468],[3.135514466123587,50.67000637383005],[3.135326773631129,50.67004875524497],[3.135177132025482,50.67006327621046],[3.135003439119884,50.670060772914674],[3.134838247637787,50.670069028707786],[3.134821305104061,50.670069944472374],[3.13458551442576,50.67008007127315],[3.134332994904384,50.67017097988297],[3.133994100107745,50.67017314056901],[3.133865528856962,50.670146357765525],[3.133676307620761,50.6701456641026],[3.13338956931819,50.670113666590396],[3.13313551157391,50.670157910673126],[3.132933719453256,50.670209277363014],[3.132399068086966,50.67040996382122],[3.132375005769801,50.67038845235634],[3.132346700111428,50.67036425326803],[3.132189625124595,50.67023788998104],[3.131940572250364,50.67003803904108],[3.131859807917088,50.669933131339185],[3.131770915529263,50.66995924965854],[3.131676322938441,50.66996563159813],[3.13159016748193,50.66995854383304],[3.131355629017972,50.66990764134932],[3.131105501959351,50.66983521774948],[3.131138514615043,50.66949956270948],[3.131180503506888,50.669356834880126],[3.131118344782826,50.66934613192257],[3.131248307268981,50.668826411111034],[3.131172068628374,50.668830978527765],[3.130793680595145,50.66884663290575],[3.130590367210873,50.66885492319381],[3.130444942936102,50.668861357624074],[3.130291069652972,50.66887677455684],[3.130111251287297,50.668688512899344],[3.130012141118169,50.668585417765556],[3.129898871524725,50.668467081851134],[3.129884595569681,50.6684069721924],[3.129895643282912,50.66831094077514],[3.129927913175679,50.668231040030726],[3.129982786986089,50.668155602534114],[3.130222244416201,50.667929211434235],[3.130408211121115,50.66776748751012],[3.130492780290228,50.66770906883704],[3.130652092381823,50.66761467620977],[3.130862191669201,50.66750317960412],[3.130970733503196,50.66743306934855],[3.130973550486336,50.667430374229454],[3.131000308297256,50.6674034245231],[3.131025621274416,50.6673639129676],[3.131052264191876,50.66729299158398],[3.13108171696754,50.66721668292171],[3.131097030935216,50.66713321009437],[3.131128920640526,50.666908830503864],[3.131153911965446,50.6667463776193],[3.131179053253539,50.66664135712699],[3.131201422091749,50.666556081997335],[3.131230946953523,50.66650759205742],[3.131256289809258,50.66647974636836],[3.131380348867173,50.66640513232828],[3.131346311133613,50.66634773570144],[3.131324974185594,50.6662876334821],[3.131313516387695,50.666225726043095],[3.131309113766795,50.66616201637126],[3.131308947058394,50.66609830221647],[3.131310187619686,50.66603279179817],[3.131315657023647,50.66596458474843],[3.131312689865095,50.665909847387226],[3.131312645251957,50.66589279711465],[3.131320922118703,50.66581830538567],[3.131316491346687,50.66574382707988],[3.131305003160544,50.66567025361015],[3.131287864848509,50.66559578871646],[3.131262259576366,50.66552312752954],[3.131249481610663,50.66549621945595],[3.131232423224933,50.665452265570536],[3.131191293728102,50.66538231290846],[3.131148747710728,50.665310566948875],[3.131103375584855,50.66523792656332],[3.131053770111131,50.66516618800536],[3.131036765900059,50.665142873898866],[3.131005581403159,50.665096242698816],[3.130992834133695,50.66508100057213],[3.130879635664923,50.664987791687416],[3.130875374115118,50.664977924925566],[3.130845547992733,50.664910652352624],[3.130725014701135,50.664711559391804],[3.13066262585324,50.66461022030386],[3.130492469154772,50.6643313117426],[3.130335105431516,50.664084695370626],[3.130268542989113,50.66400669245252],[3.130261376305674,50.663965420128925],[3.130258512896365,50.663950167538204],[3.130254193330733,50.6639178661044],[3.130248489813026,50.66389633477473]]],"type":"Polygon"},"properties":{"geo_point_2d":{"lon":3.132931084770734,"lat":50.6650437164745},"year":"2024","reg_code":["32"],"reg_name":["Hauts-de-France"],"dep_code":["59"],"dep_name":["Nord"],"arrdep_code":["595"],"arrdep_name":["Lille"],"ze2020_code":["3216"],"ze2020_name":["Lille"],"bv2022_code":["59350"],"bv2022_name":["Lille"],"epci_code":["200093201"],"epci_name":["M\u00e9tropole Europ\u00e9enne de Lille"],"ept_code":null,"ept_name":null,"com_code":["59646"],"com_name":["Wasquehal"],"com_arm_code":["59646"],"com_arm_name":["Wasquehal"],"iris_code":["596460301"],"iris_name":["Pharos-Haut Vinage"],"iris_name_upper":"PHAROS-HAUT VINAGE","iris_name_lower":"pharos-haut vinage","iris_area_code":"FXX","iris_type":"iris d'habitat","iris_grd_quart_code":"5964603","iris_grd_quart_name":"Pharos-Haut Vinage","iris_in_ctu":"Non","ze2010_code":null,"ze2010_name":null}},{"type":"Feature","geometry":{"coordinates":[[[3.144597408728109,50.69318941937705],[3.14461696959996,50.69311401930301],[3.144608338004198,50.693060188396025],[3.14258404557052,50.691373713498294],[3.140547220842248,50.6897033680752],[3.138673588502174,50.68799780642756],[3.138024894448561,50.687369481712096],[3.13709858224132,50.686457894533305],[3.137194529428311,50.686419202276596],[3.141788849139517,50.68767662782375],[3.141811465547506,50.687681986160975],[3.141835481848171,50.687682856115046],[3.141872191015077,50.68767653272715],[3.141900414574905,50.687666629590446],[3.143673451470477,50.68701445781842],[3.146953931146448,50.68550261197345],[3.147152645318792,50.68534892840374],[3.147152637421828,50.68534623633439],[3.147154057827235,50.68534892673143],[3.147280189980193,50.68549145749183],[3.147477191381933,50.68571646106736],[3.148772543513457,50.68716818885523],[3.149497491808203,50.68821767479947],[3.149599249307911,50.688471504008334],[3.149485221811743,50.688840454170276],[3.148951770763101,50.68901428402887],[3.148793688695149,50.689058443736144],[3.1485537385131,50.6891242376154],[3.147849407143362,50.689316213847334],[3.147904712597488,50.69039903153209],[3.14816481554602,50.69146514659872],[3.149622668405783,50.693244492337534],[3.149782888491497,50.69343902410713],[3.149828248844668,50.69349011832353],[3.149704075244798,50.6935396220966],[3.148575486891612,50.694082077050815],[3.148543075929005,50.694109933566054],[3.148479661339429,50.69416385019114],[3.148441599241004,50.69419171342579],[3.148428910980259,50.69420070205297],[3.148382396167912,50.69423665148891],[3.148347143554223,50.69425912725226],[3.148328809528784,50.694269917300495],[3.148249816999852,50.69431128951498],[3.148242763804971,50.6943148873161],[3.148200439311355,50.694334679425204],[3.148083044987362,50.69428905459205],[3.147408817707742,50.69393360880341],[3.146823374080717,50.69349998502725],[3.146223444432758,50.69318213330095],[3.144789519192976,50.693182016980444],[3.144597408728109,50.69318941937705]]],"type":"Polygon"},"properties":{"geo_point_2d":{"lon":3.144930483726277,"lat":50.68955388622204},"year":"2022","reg_code":["32"],"reg_name":["Hauts-de-France"],"dep_code":["59"],"dep_name":["Nord"],"arrdep_code":["595"],"arrdep_name":["Lille"],"ze2020_code":["3216"],"ze2020_name":["Lille"],"bv2022_code":["59350"],"bv2022_name":null,"epci_code":["200093201"],"epci_name":["M\u00e9tropole Europ\u00e9enne de Lille"],"ept_code":null,"ept_name":null,"com_code":["59646"],"com_name":["Wasquehal"],"com_arm_code":["59646"],"com_arm_name":["Wasquehal"],"iris_code":["596460101"],"iris_name":["L'Allumette"],"iris_name_upper":"L'ALLUMETTE","iris_name_lower":"l'allumette","iris_area_code":"FXX","iris_type":"iris d'habitat","iris_grd_quart_code":"5964601","iris_grd_quart_name":"Capreau","iris_in_ctu":"Non","ze2010_code":null,"ze2010_name":null}},{"type":"Feature","geometry":{"coordinates":[[[3.119131397982696,50.65866044623619],[3.118995735160395,50.658604040398394],[3.118128266077188,50.65832847070778],[3.116983764300919,50.657301138248194],[3.115763935283747,50.655421335494275],[3.115881748406459,50.65386603148241],[3.115990466222572,50.65387580141688],[3.118804685225988,50.65363712501179],[3.118929985333538,50.65349611307063],[3.118941222953206,50.653472769869246],[3.11951011218946,50.65229034486379],[3.119532586338977,50.65224365827076],[3.120573259443989,50.651796642822916],[3.124122690984885,50.651528412216656],[3.126943388866887,50.652244381786275],[3.127041098853716,50.652367226132945],[3.127085016894653,50.65242999942544],[3.127437715262297,50.65290795374415],[3.128020405619076,50.653897188758414],[3.128484466686194,50.654857825581814],[3.128256040642701,50.65661786057655],[3.127957894141859,50.658724356840175],[3.127955118663919,50.658743204988646],[3.127944041893825,50.658828468891606],[3.127904700055741,50.65890209576024],[3.127901885673207,50.658905688236075],[3.127839966869909,50.65898382529125],[3.128407642602818,50.66179925758299],[3.130239939203208,50.66386583254948],[3.130248489813026,50.66389633477473],[3.129387357191388,50.66394748831909],[3.125721150129106,50.664156754211604],[3.122282218280192,50.664360304004845],[3.11940229942236,50.664529121819534],[3.119175009604131,50.664541903471445],[3.118095029461077,50.664603059664024],[3.114883297475719,50.664780164078536],[3.113899302075735,50.66483401588188],[3.113813182362811,50.664837684350374],[3.113784945754893,50.66483860760071],[3.11378353382274,50.66483860889383],[3.113831415354804,50.66478382446228],[3.11392435832444,50.664676052889334],[3.114289080939174,50.66425125392104],[3.114429898063095,50.66408690243066],[3.114901628810996,50.6635363683517],[3.115288865227052,50.66308552061655],[3.115532249195277,50.66270659636959],[3.117623383712284,50.660359751846286],[3.118847446739057,50.65917761736235],[3.1191342257591,50.65866223831364],[3.119131397982696,50.65866044623619]]],"type":"Polygon"},"properties":{"geo_point_2d":{"lon":3.122456404572342,"lat":50.6585158789956},"year":"2019","reg_code":["32"],"reg_name":["Hauts-de-France"],"dep_code":["59"],"dep_name":["Nord"],"arrdep_code":["595"],"arrdep_name":["Lille"],"ze2020_code":null,"ze2020_name":null,"bv2022_code":["59350"],"bv2022_name":null,"epci_code":["245900410"],"epci_name":["M\u00e9tropole Europ\u00e9enne de Lille"],"ept_code":null,"ept_name":null,"com_code":["59646"],"com_name":["Wasquehal"],"com_arm_code":["59646"],"com_arm_name":["Wasquehal"],"iris_code":["596460302"],"iris_name":["Le haut Vinage"],"iris_name_upper":"LE HAUT VINAGE","iris_name_lower":"le haut vinage","iris_area_code":"FXX","iris_type":"iris d'habitat","iris_grd_quart_code":"5964603","iris_grd_quart_name":"PHAROS- HAUT VINAGE","iris_in_ctu":"Non","ze2010_code":["3110"],"ze2010_name":["Roubaix - Tourcoing"]}},{"type":"Feature","geometry":{"coordinates":[[[3.13165044282646,50.68109217935288],[3.131719572141825,50.68106249306134],[3.131826795749965,50.681017511122924],[3.134346576891711,50.67999091844387],[3.137215328422579,50.679047343388135],[3.137459573234302,50.67901476823166],[3.137723553391771,50.67896871020536],[3.137830811516412,50.67893987552083],[3.13810598827789,50.678857012167974],[3.138148313580023,50.678840812499686],[3.138654661395074,50.67859526706007],[3.139018542289013,50.6784153868301],[3.139209482930978,50.679024486149096],[3.140428081622698,50.67994560870691],[3.142608617927344,50.68039001415981],[3.142753920854672,50.680329723810146],[3.143097550980812,50.68047829139663],[3.143325224778935,50.68057673929501],[3.144197050138721,50.68120298927775],[3.144439109102606,50.681390257466425],[3.145701034068488,50.68258676545707],[3.146167650699195,50.68324757394702],[3.14675024636793,50.683957598043435],[3.146544000082564,50.68443254541115],[3.146808027031945,50.68487822199299],[3.147091691694689,50.68527541706469],[3.147152637421828,50.68534623633439],[3.147152645318792,50.68534892840374],[3.146953931146448,50.68550261197345],[3.143673451470477,50.68701445781842],[3.141900414574905,50.687666629590446],[3.141872191015077,50.68767653272715],[3.141835481848171,50.687682856115046],[3.141811465547506,50.687681986160975],[3.141788849139517,50.68767662782375],[3.137194529428311,50.686419202276596],[3.13709858224132,50.686457894533305],[3.136097235935816,50.68547100326323],[3.134209370600855,50.683609238561004],[3.131867099722984,50.68130552248736],[3.13165044282646,50.68109217935288]]],"type":"Polygon"},"properties":{"geo_point_2d":{"lon":3.1397648102626294,"lat":50.68320276124563},"year":"2018","reg_code":["32"],"reg_name":["Hauts-de-France"],"dep_code":["59"],"dep_name":["Nord"],"arrdep_code":["595"],"arrdep_name":["Lille"],"ze2020_code":null,"ze2020_name":null,"bv2022_code":["59350"],"bv2022_name":null,"epci_code":["245900410"],"epci_name":["M\u00e9tropole Europ\u00e9enne de Lille"],"ept_code":null,"ept_name":null,"com_code":["59646"],"com_name":["Wasquehal"],"com_arm_code":["59646"],"com_arm_name":["Wasquehal"],"iris_code":["596460103"],"iris_name":["Louise Michel"],"iris_name_upper":"LOUISE MICHEL","iris_name_lower":"louise michel","iris_area_code":"FXX","iris_type":"iris d'habitat","iris_grd_quart_code":"5964601","iris_grd_quart_name":"CAPREAU","iris_in_ctu":"Non","ze2010_code":["3110"],"ze2010_name":["Roubaix - Tourcoing"]}},{"type":"Feature","geometry":{"coordinates":[[[3.116033647958664,50.673778026359685],[3.116004064714827,50.67380946208576],[3.11422973576133,50.67353650921157],[3.114088334675906,50.67283489169598],[3.113327660854306,50.671171851216606],[3.112103214280458,50.669843046619846],[3.111169077153026,50.66886484401709],[3.111336133020996,50.66776443689019],[3.113666652391001,50.66497511859675],[3.11378353382274,50.66483860889383],[3.113784945754893,50.66483860760071],[3.113813182362811,50.664837684350374],[3.113899302075735,50.66483401588188],[3.114883297475719,50.664780164078536],[3.11809502840525,50.66460261097164],[3.119175009604131,50.664541903471445],[3.11940229942236,50.664529121819534],[3.122282218280192,50.664360304004845],[3.125721150129106,50.664156754211604],[3.129387357191388,50.66394748831909],[3.130248489813026,50.66389633477473],[3.130254193330733,50.6639178661044],[3.130335105431516,50.664084695370626],[3.130693820245693,50.66466088985366],[3.130992834133695,50.66508100057213],[3.130652092381823,50.66761467620977],[3.130111251287297,50.668688512899344],[3.130291069652972,50.66887677455684],[3.130103365341584,50.668914661258725],[3.127513201831115,50.66928796477782],[3.126122872618004,50.669506998608604],[3.124492853489166,50.66987701701149],[3.124087819135604,50.66997074966532],[3.123204377135182,50.67018251298817],[3.123128173134776,50.670202330872115],[3.122110709961179,50.6704698565726],[3.120099763304742,50.67100755158654],[3.119889516088251,50.67107326323266],[3.119725855080485,50.67113354536841],[3.119593260117496,50.671193797386216],[3.117473174668512,50.672185626971604],[3.116222423284446,50.67358042753068],[3.116033647958664,50.673778026359685]]],"type":"Polygon"},"properties":{"geo_point_2d":{"lon":3.12057958701433,"lat":50.667816905932696},"year":"2020","reg_code":["32"],"reg_name":["Hauts-de-France"],"dep_code":["59"],"dep_name":["Nord"],"arrdep_code":["595"],"arrdep_name":["Lille"],"ze2020_code":["3216"],"ze2020_name":["Lille"],"bv2022_code":["59350"],"bv2022_name":null,"epci_code":["245900410"],"epci_name":["M\u00e9tropole Europ\u00e9enne de Lille"],"ept_code":null,"ept_name":null,"com_code":["59646"],"com_name":["Wasquehal"],"com_arm_code":["59646"],"com_arm_name":["Wasquehal"],"iris_code":["596460203"],"iris_name":["La ville"],"iris_name_upper":"LA VILLE","iris_name_lower":"la ville","iris_area_code":"FXX","iris_type":"iris d'habitat","iris_grd_quart_code":"5964602","iris_grd_quart_name":"Centre-Noir Bonnet","iris_in_ctu":"Non","ze2010_code":["3110"],"ze2010_name":["Roubaix - Tourcoing"]}}]}